clean_feedback,valid_invalid,category,sentiment
library feel calm morning,valid,library,positive
book loose page,valid,library,negative
reading area feel average today,valid,library,neutral
found reference book quickly,valid,library,positive
library chair make noise,valid,library,negative
study table okay,valid,library,neutral
staff helped locate journal,valid,library,positive
ac weak library corner,valid,library,negative
library look organized,valid,library,positive
silence maintained day,valid,library,neutral
poha tasted fresh,valid,canteen,positive
tea too watery,valid,canteen,negative
lunch decent today,valid,canteen,neutral
cold coffee tasted nice,valid,canteen,positive
rice felt half cooked,valid,canteen,negative
snack option limited,valid,canteen,neutral
evening snack tasty,valid,canteen,positive
curry felt too oily,valid,canteen,negative
juice tasted refreshing,valid,canteen,positive
food counter moved slowly,valid,canteen,neutral
teacher explained concept clearly,valid,academics,positive
note shared late,valid,academics,negative
class felt normal today,valid,academics,neutral
extra example helped lot,valid,academics,positive
practice question confusing,valid,academics,negative
revision pace felt okay,valid,academics,neutral
mock test boosted confidence,valid,academics,positive
too much syllabus one class,valid,academics,negative
weekly quiz useful,valid,academics,positive
assignment feel manageable,valid,academics,neutral
office staff guided properly,valid,administration,positive
misplaced form,valid,administration,negative
reception busy,valid,administration,neutral
approval process smooth,valid,administration,positive
wait long stamp,valid,administration,negative
help desk seemed crowded,valid,administration,neutral
handled request politely,valid,administration,positive
document got delayed,valid,administration,negative
explained rule clearly,valid,administration,positive
counter staff looked tired,valid,administration,neutral
website load faster,valid,website,positive
login page sometimes freeze,valid,website,negative
portal feel average,valid,website,neutral
dashboard look clean,valid,website,positive
upload failed,valid,website,negative
menu layout feel okay,valid,website,neutral
profile saved successfully,valid,website,positive
search bar responds slowly,valid,website,negative
notification helpful,valid,website,positive
navigation decent,valid,website,neutral
classroom light bright,valid,facilities,positive
chair broken,valid,facilities,negative
hall feel normal today,valid,facilities,neutral
washroom look cleaner,valid,facilities,positive
water cooler area dirty,valid,facilities,negative
parking feel okay,valid,facilities,neutral
garden space look nice,valid,facilities,positive
staircase rail feel loose,valid,facilities,negative
study light work well,valid,facilities,positive
corridor feel crowded,valid,facilities,neutral
found journal easily,valid,library,positive
book issuing took long,valid,library,negative
reading room feel quiet,valid,library,neutral
library seating comfortable,valid,library,positive
shelf look messy,valid,library,negative
library timing work fine,valid,library,neutral
idli soft today,valid,canteen,positive
bread tasted dry,valid,canteen,negative
tea tasted okay,valid,canteen,neutral
lunch combo satisfying,valid,canteen,positive
sambar felt bland,valid,canteen,negative
juice counter felt average,valid,canteen,neutral
practice session helped revision,valid,academics,positive
too many topic,valid,academics,negative
class flow felt normal,valid,academics,neutral
faculty answered doubt well,valid,academics,positive
recorded lecture issue,valid,academics,negative
homework load feel okay,valid,academics,neutral
processed request fast,valid,administration,positive
office closed early,valid,administration,negative
waiting area felt crowded,valid,administration,neutral
reception staff kind,valid,administration,positive
reply came very late,valid,administration,negative
office timing feel fine,valid,administration,neutral
fee receipt downloaded fine,valid,website,positive
password reset failed,valid,website,negative
portal speed feel okay,valid,website,neutral
website layout feel simple,valid,website,positive
page took long refresh,valid,website,negative
font size look fine,valid,website,neutral
class board look new,valid,facilities,positive
washroom floor wet,valid,facilities,negative
lab feel average today,valid,facilities,neutral
walking path look clean,valid,facilities,positive
switch dont work,valid,facilities,negative
seating area feel okay,valid,facilities,neutral
library feel peaceful,valid,library,positive
snack tasted stale,valid,canteen,negative
extra tutorial helpful,valid,academics,positive
office staff seemed stressed,valid,administration,neutra
library air feel fresh today,valid,library,positive
magazine outdated,valid,library,negative
reading corner feel okay,valid,library,neutral
found past paper quickly,valid,library,positive
book return queue long,valid,library,negative
library timing seems fine,valid,library,neutral
staff helped find note,valid,library,positive
study lamp flicker sometimes,valid,library,negative
library shelf look neat,valid,library,positive
noise level felt normal,valid,library,neutral
masala dosa tasted good,valid,canteen,positive
coffee too bitter,valid,canteen,negative
lunch felt average today,valid,canteen,neutral
fruit bowl fresh,valid,canteen,positive
gravy felt watery,valid,canteen,negative
snack counter seems okay,valid,canteen,neutral
evening tea tasted nice,valid,canteen,positive
rice serving felt less,valid,canteen,negative
cold drink refreshing,valid,canteen,positive
menu choice feel limited,valid,canteen,neutral
faculty explained topic clearly,valid,academics,positive
note hard follow,valid,academics,negative
class pace felt normal,valid,academics,neutral
extra practice helped lot,valid,academics,positive
too many assignment week,valid,academics,negative
syllabus coverage feel okay,valid,academics,neutral
mock exam improved confidence,valid,academics,positive
doubt session rushed,valid,academics,negative
revision worksheet useful,valid,academics,positive
homework load feel manageable,valid,academics,neutral
office staff polite,valid,administration,positive
document got misplaced,valid,administration,negative
waiting area felt crowded,valid,administration,neutral
guided properly,valid,administration,positive
approval took too long,valid,administration,negative
reception desk seemed busy,valid,administration,neutral
clarified doubt calmly,valid,administration,positive
visit twice signature,valid,administration,negative
form submission went smoothly,valid,administration,positive
office environment feel okay,valid,administration,neutral
website open faster,valid,website,positive
login failed,valid,website,negative
portal design feel average,valid,website,neutral
dashboard look clean,valid,website,positive
upload option hang sometimes,valid,website,negative
menu layout fine,valid,website,neutral
profile saved without issue,valid,website,positive
search feature feel slow,valid,website,negative
notification work properly,valid,website,positive
navigation feel decent,valid,website,neutral
classroom fan work well,valid,facilities,positive
bench broken,valid,facilities,negative
hall feel normal today,valid,facilities,neutral
garden area look clean,valid,facilities,positive
water tap leaking,valid,facilities,negative
parking space feel okay,valid,facilities,neutral
washroom smell better,valid,facilities,positive
staircase light dim,valid,facilities,negative
study room feel comfortable,valid,facilities,positive
corridor feel crowded,valid,facilities,neutral
found journal without delay,valid,library,positive
book torn cover,valid,library,negative
reading desk feel fine,valid,library,neutral
library staff guided nicely,valid,library,positive
book issue counter slow,valid,library,negative
library temperature feel okay,valid,library,neutral
idli sambar tasted nice,valid,canteen,positive
chapati felt hard,valid,canteen,negative
breakfast felt average,valid,canteen,neutral
pasta served hot,valid,canteen,positive
snack tasted stale,valid,canteen,negative
juice counter feel normal,valid,canteen,neutral
practice question cleared doubt,valid,academics,positive
recorded lecture audio issue,valid,academics,negative
class flow seems fine,valid,academics,neutral
weekly test helped revision,valid,academics,positive
too much theory one class,valid,academics,negative
assignment timing feel okay,valid,academics,neutral
processed request quickly,valid,administration,positive
office closed early today,valid,administration,negative
help desk felt busy,valid,administration,neutral
reception staff helpful,valid,administration,positive
reply came very late,valid,administration,negative
office hour seem fine,valid,administration,neutral
fee receipt downloaded smoothly,valid,website,positive
password reset didnt work,valid,website,negative
portal speed feel normal,valid,website,neutral
website layout feel simple,valid,website,positive
page refresh took long,valid,website,negative
font size look okay,valid,website,neutra
classroom board look clean,valid,facilities,positive
washroom floor slippery,valid,facilities,negative
lab feel average today,valid,facilities,neutral
walking path look neat,valid,facilities,positive
plug point dont work,valid,facilities,negative
seating area feel fine,valid,facilities,neutral
library feel quiet today,valid,library,positive
tea tasted bland,valid,canteen,negative
extra tutorial helped revision,valid,academics,positive
office staff seemed stressed,valid,administration,neutral
library feel airy today,valid,library,positive
book smell damp,valid,library,negative
reading desk feel normal,valid,library,neutral
found project reference easily,valid,library,positive
book renewal took time,valid,library,negative
library crowd feel manageable,valid,library,neutral
staff suggested good study material,valid,library,positive
one corner feel noisy,valid,library,negative
library layout look neat,valid,library,positive
silence level feel okay,valid,library,neutral
upma tasted nice,valid,canteen,positive
sambar too thin,valid,canteen,negative
lunch felt average,valid,canteen,neutral
fresh fruit good,valid,canteen,positive
cutlet tasted stale,valid,canteen,negative
serving speed feel fine,valid,canteen,neutral
evening coffee good,valid,canteen,positive
rice portion felt small,valid,canteen,negative
cold drink chilled well,valid,canteen,positive
menu feel repetitive,valid,canteen,neutral
concept explained clearly,valid,academics,positive
slide too much text,valid,academics,negative
class duration felt okay,valid,academics,neutral
extra problem helped practice,valid,academics,positive
topic moved too fast,valid,academics,negative
syllabus pace seems fine,valid,academics,neutral
mock test useful,valid,academics,positive
doubt session felt rushed,valid,academics,negative
revision note helped lot,valid,academics,positive
assignment load feel normal,valid,academics,neutral
office staff supportive,valid,administration,positive
misplaced file,valid,administration,negative
waiting area feel okay,valid,administration,neutral
form approval quick,valid,administration,positive
follow twice,valid,administration,negative
reception counter busy,valid,administration,neutral
answered query patiently,valid,administration,positive
document delayed,valid,administration,negative
process explained clearly,valid,administration,positive
office atmosphere feel normal,valid,administration,neutral
website load quickly,valid,website,positive
login page crashed,valid,website,negative
portal design feel okay,valid,website,neutral
dashboard easy read,valid,website,positive
upload button froze,valid,website,negative
navigation feel average,valid,website,neutral
profile update worked fine,valid,website,positive
search take time sometimes,valid,website,negative
alert useful,valid,website,positive
layout look decent,valid,website,neutra
classroom ventilation feel good,valid,facilities,positive
desk shaky,valid,facilities,negative
hall temperature feel normal,valid,facilities,neutral
garden look well maintained,valid,facilities,positive
washroom tap leaking,valid,facilities,negative
parking feel manageable,valid,facilities,neutral
common area feel clean,valid,facilities,positive
stair feel worn,valid,facilities,negative
study room comfortable,valid,facilities,positive
corridor noise feel average,valid,facilities,neutral
found journal easily today,valid,library,positive
book cover torn,valid,library,negative
reading light feel fine,valid,library,neutral
library staff helpful,valid,library,positive
book issue counter slow,valid,library,negative
library temperature feel okay,valid,library,neutral
masala dosa tasted good,valid,canteen,positive
tea lukewarm,valid,canteen,negative
breakfast felt okay,valid,canteen,neutral
pulao flavorful,valid,canteen,positive
snack felt dry,valid,canteen,negative
juice stall feel normal,valid,canteen,neutral
practice worksheet cleared doubt,valid,academics,positive
audio lecture unclear,valid,academics,negative
class pace feel fine,valid,academics,neutral
weekly test improved confidence,valid,academics,positive
too many slide one class,valid,academics,negative
homework feel manageable,valid,academics,neutral
processed request fast,valid,administration,positive
office opened late today,valid,administration,negative
help desk seemed busy,valid,administration,neutral
reception guided properly,valid,administration,positive
reply took too long,valid,administration,negative
office timing feel okay,valid,administration,neutral
fee payment went smoothly,valid,website,positive
password change failed,valid,website,negative
portal speed feel average,valid,website,neutral
website look clean,valid,website,positive
page loading slow,valid,website,negative
font size feel fine,valid,website,neutral
class board clear,valid,facilities,positive
washroom smell bad,valid,facilities,negative
lab feel normal today,valid,facilities,neutral
campus path look neat,valid,facilities,positive
ceiling fan dont work,valid,facilities,negative
seating feel okay,valid,facilities,neutral
library feel peaceful,valid,library,positive
coffee tasted burnt,valid,canteen,negative
extra class helped revision,valid,academics,positive
office staff looked tired,valid,administration,neutral
library feel quiet afternoon,valid,library,positive
book missing label,valid,library,negative
reading table feel okay,valid,library,neutral
found exam guide quickly,valid,library,positive
book renewal system felt slow,valid,library,negative
library crowd seems normal,valid,library,neutral
staff helped past paper,valid,library,positive
one shelf look messy,valid,library,negative
library ambience feel nice,valid,library,positive
noise level manageable,valid,library,neutral
vegetable pulao tasted good,valid,canteen,positive
tea too sweet,valid,canteen,negative
lunch felt normal today,valid,canteen,neutral
fruit salad fresh,valid,canteen,positive
paneer curry felt bland,valid,canteen,negative
serving speed feel okay,valid,canteen,neutral
evening snack crispy,valid,canteen,positive
rice undercooked,valid,canteen,negative
lemon juice refreshing,valid,canteen,positive
menu choice seem average,valid,canteen,neutral
concept explanation clear,valid,academics,positive
slide hard read,valid,academics,negative
class duration feel fine,valid,academics,neutral
practice problem helped lot,valid,academics,positive
too much homework week,valid,academics,negative
topic coverage feel okay,valid,academics,neutral
mock exam helped revision,valid,academics,positive
doubt clearing rushed,valid,academics,negative
revision class useful,valid,academics,positive
assignment load feel average,valid,academics,neutral
office staff responded kindly,valid,administration,positive
lost application,valid,administration,negative
waiting area feel normal,valid,administration,neutral
form approval smooth,valid,administration,positive
wait long line,valid,administration,negative
reception desk busy,valid,administration,neutral
explained procedure clearly,valid,administration,positive
document delayed,valid,administration,negative
process felt simple,valid,administration,positive
office atmosphere seems okay,valid,administration,neutral
website load quickly today,valid,website,positive
login failed twice,valid,website,negative
portal design feel normal,valid,website,neutral
dashboard look neat,valid,website,positive
upload option lagged,valid,website,negative
navigation feel okay,valid,website,neutral
profile change saved fine,valid,website,positive
search take longer sometimes,valid,website,negative
alert working properly,valid,website,positive
layout feel average,valid,website,neutral
classroom lighting feel good,valid,facilities,positive
bench squeak,valid,facilities,negative
hall temperature feel fine,valid,facilities,neutral
garden area look pleasant,valid,facilities,positive
washroom door dont close properly,valid,facilities,negative
parking feel normal,valid,facilities,neutral
common space look clean,valid,facilities,positive
staircase tile feel loose,valid,facilities,negative
study area feel comfortable,valid,facilities,positive
corridor noise manageable,valid,facilities,neutral
found reference material easily,valid,library,positive
book page torn,valid,library,negative
reading lamp feel okay,valid,library,neutral
library staff polite,valid,library,positive
book counter moved slowly,valid,library,negative
library air feel normal,valid,library,neutral
upma tasted fresh,valid,canteen,positive
coffee felt watery,valid,canteen,negative
breakfast felt average,valid,canteen,neutral
noodle flavorful,valid,canteen,positive
snack tasted cold,valid,canteen,negative
juice stall seems okay,valid,canteen,neutral
practice test cleared doubt,valid,academics,positive
recorded class buffering,valid,academics,negative
class flow feel normal,valid,academics,neutral
weekly quiz helped learning,valid,academics,positive
too much content one lecture,valid,academics,negative
homework load feel fine,valid,academics,neutral
handled request fast,valid,administration,positive
office opened late,valid,administration,negative
help desk felt crowded,valid,administration,neutral
reception staff friendly,valid,administration,positive
reply came many day,valid,administration,negative
office timing feel normal,valid,administration,neutral
fee page worked smoothly,valid,website,positive
password reset failed,valid,website,negative
portal speed feel okay,valid,website,neutral
website look cleaner,valid,website,positive
page refresh slow,valid,website,negative
font style feel fine,valid,website,neutral
classroom board clear,valid,facilities,positive
washroom smell unpleasant,valid,facilities,negative
lab feel average today,valid,facilities,neutral
campus walkway look clean,valid,facilities,positive
ceiling light dont work,valid,facilities,negative
seating feel normal,valid,facilities,neutral
library feel peaceful today,valid,library,positive
tea tasted flat,valid,canteen,negative
extra tutorial helped lot,valid,academics,positive
office staff seemed busy,valid,administration,neutral
library feel fresh morning,valid,library,positive
reference book outdated,valid,library,negative
reading section feel okay today,valid,library,neutral
found lab manual quickly,valid,library,positive
book return took longer usual,valid,library,negative
library crowd seems normal,valid,library,neutral
staff helped locate journal,valid,library,positive
one study corner feel noisy,valid,library,negative
library ambience pleasant,valid,library,positive
noise level feel manageable,valid,library,neutral
vegetable sandwich tasted good,valid,canteen,positive
tea served cold,valid,canteen,negative
lunch felt average today,valid,canteen,neutral
fruit bowl nicely cut,valid,canteen,positive
dal tasted watery,valid,canteen,negative
serving speed feel fine,valid,canteen,neutral
evening coffee tasted nice,valid,canteen,positive
rice felt undercooked,valid,canteen,negative
lime juice refreshing,valid,canteen,positive
menu variety feel okay,valid,canteen,neutral
faculty explained problem clearly,valid,academics,positive
slide confusing,valid,academics,negative
class pace feel normal,valid,academics,neutral
extra worksheet helped revision,valid,academics,positive
too many topic one lecture,valid,academics,negative
syllabus progress feel okay,valid,academics,neutral
mock test helpful,valid,academics,positive
doubt session ended early,valid,academics,negative
revision class cleared doubt,valid,academics,positive
assignment workload feel average,valid,academics,neutral
office staff cooperative,valid,administration,positive
misplaced document,valid,administration,negative
waiting hall felt crowded,valid,administration,neutral
form verification quick,valid,administration,positive
wait long approval,valid,administration,negative
reception area feel busy,valid,administration,neutral
answered query well,valid,administration,positive
response delayed,valid,administration,negative
process felt smooth today,valid,administration,positive
office atmosphere feel okay,valid,administration,neutral
website load faster,valid,website,positive
login page froze,valid,website,negative
portal layout feel average,valid,website,neutral
dashboard look simple,valid,website,positive
upload option failed,valid,website,negative
navigation feel fine,valid,website,neutral
profile change saved properly,valid,website,positive
search bar responds slowly,valid,website,negative
notification useful,valid,website,positive
website design feel okay,valid,website,neutral
classroom fan work properly,valid,facilities,positive
desk damaged,valid,facilities,negative
hall feel normal today,valid,facilities,neutral
garden area look clean,valid,facilities,positive
washroom tap leaking,valid,facilities,negative
parking feel manageable,valid,facilities,neutral
common space feel tidy,valid,facilities,positive
stair rail feel loose,valid,facilities,negative
study room feel calm,valid,facilities,positive
corridor noise feel average,valid,facilities,neutral
found textbook easily,valid,library,positive
book binding weak,valid,library,negative
reading light feel fine,valid,library,neutral
library staff helpful,valid,library,positive
book counter moved slowly,valid,library,negative
library temperature feel okay,valid,library,neutral
masala dosa crispy,valid,canteen,positive
coffee tasted burnt,valid,canteen,negative
breakfast felt okay,valid,canteen,neutral
fried rice tasty,valid,canteen,positive
snack felt stale,valid,canteen,negative
juice counter feel normal,valid,canteen,neutral
practice paper helped revision,valid,academics,positive
audio class unclear,valid,academics,negative
class flow feel fine,valid,academics,neutral
weekly quiz boosted confidence,valid,academics,positive
too many slide one class,valid,academics,negative
homework feel manageable,valid,academics,neutral
processed request fast,valid,administration,positive
office opened late today,valid,administration,negative
help desk seemed busy,valid,administration,neutral
reception guided properly,valid,administration,positive
reply took longer expected,valid,administration,negative
office timing feel fine,valid,administration,neutral
fee receipt downloaded smoothly,valid,website,positive
password reset didnt work,valid,website,negative
portal speed feel average,valid,website,neutral
website layout feel clean,valid,website,positive
page loading slow,valid,website,negative
font size look okay,valid,website,neutral
class board look neat,valid,facilities,positive
washroom smell bad,valid,facilities,negative
lab feel normal today,valid,facilities,neutral
campus path look tidy,valid,facilities,positive
plug point dont work,valid,facilities,negative
seating feel fine,valid,facilities,neutral
library feel peaceful,valid,library,positive
tea tasted weak,valid,canteen,negative
extra class helped revision,valid,academics,positive
office staff looked tired,valid,administration,neutral
library feel quiet evening,valid,library,positive
book faded print,valid,library,negative
reading area feel okay,valid,library,neutral
found project guide easily,valid,library,positive
book renewal system slow,valid,library,negative
library crowd feel manageable,valid,library,neutral
staff helped reference,valid,library,positive
one shelf look dusty,valid,library,negative
library lighting feel pleasant,valid,library,positive
noise level feel normal,valid,library,neutral
vegetable cutlet tasted good,valid,canteen,positive
tea tasted very weak,valid,canteen,negative
lunch felt average today,valid,canteen,neutral
fruit juice fresh,valid,canteen,positive
dal too salty,valid,canteen,negative
serving speed feel okay,valid,canteen,neutral
evening snack crispy,valid,canteen,positive
rice felt dry,valid,canteen,negative
cold coffee tasted nice,valid,canteen,positive
menu choice feel limited,valid,canteen,neutral
teacher explained problem clearly,valid,academics,positive
note confusing week,valid,academics,negative
class duration feel normal,valid,academics,neutral
extra example helped revision,valid,academics,positive
too much homework assigned,valid,academics,negative
topic pace feel okay,valid,academics,neutral
mock exam helped preparation,valid,academics,positive
doubt clearing felt rushed,valid,academics,negative
revision worksheet useful,valid,academics,positive
assignment load feel average,valid,academics,neutral
office staff helpful today,valid,administration,positive
misplaced receipt,valid,administration,negative
waiting hall felt crowded,valid,administration,neutral
form submission smooth,valid,administration,positive
approval took longer expected,valid,administration,negative
reception desk feel busy,valid,administration,neutral
clarified doubt politely,valid,administration,positive
response came very late,valid,administration,negative
process felt simple,valid,administration,positive
office environment feel okay,valid,administration,neutral
website open quickly,valid,website,positive
login failed,valid,website,negative
portal layout feel normal,valid,website,neutral
dashboard look neat,valid,website,positive
upload button lagged,valid,website,negative
navigation feel fine,valid,website,neutral
profile updated successfully,valid,website,positive
search feature slow,valid,website,negative
alert helpful,valid,website,positive
website design feel average,valid,website,neutral
classroom ventilation feel good,valid,facilities,positive
bench shaky,valid,facilities,negative
hall temperature feel normal,valid,facilities,neutral
garden area look nice,valid,facilities,positive
washroom mirror dirty,valid,facilities,negative
parking feel okay,valid,facilities,neutral
common area feel clean,valid,facilities,positive
stair feel worn,valid,facilities,negative
study space feel calm,valid,facilities,positive
corridor noise feel average,valid,facilities,neutral
found reference book easily,valid,library,positive
page torn,valid,library,negative
reading lamp feel fine,valid,library,neutral
library staff guided nicely,valid,library,positive
book issue counter slow,valid,library,negative
library temperature feel okay,valid,library,neutral
idli tasted soft today,valid,canteen,positive
coffee felt watery,valid,canteen,negative
breakfast felt okay,valid,canteen,neutral
pasta served hot,valid,canteen,positive
snack tasted stale,valid,canteen,negative
juice stall feel normal,valid,canteen,neutral
practice test cleared doubt,valid,academics,positive
recorded lecture buffering,valid,academics,negative
class flow feel fine,valid,academics,neutral
weekly quiz helped learning,valid,academics,positive
too many topic one class,valid,academics,negative
homework feel manageable,valid,academics,neutral
processed request fast,valid,administration,positive
office closed early,valid,administration,negative
help desk seemed crowded,valid,administration,neutral
reception staff friendly,valid,administration,positive
reply came very late,valid,administration,negative
office timing feel normal,valid,administration,neutral
fee page worked smoothly,valid,website,positive
password reset failed,valid,website,negative
portal speed feel okay,valid,website,neutral
website look cleaner,valid,website,positive
page loading slow,valid,website,negative
font style feel fine,valid,website,neutral
classroom board clear,valid,facilities,positive
washroom smell unpleasant,valid,facilities,negative
lab feel average today,valid,facilities,neutral
campus walkway look clean,valid,facilities,positive
ceiling light dont work,valid,facilities,negative
seating feel normal,valid,facilities,neutral
library feel peaceful today,valid,library,positive
tea tasted flat,valid,canteen,negative
extra tutorial helped lot,valid,academics,positive
office staff seemed busy,valid,administration,neutral
library feel calm morning,valid,library,positive
book loose binding,valid,library,negative
reading desk feel okay today,valid,library,neutral
found reference note quickly,valid,library,positive
book issuing took longer,valid,library,negative
library crowd feel average,valid,library,neutral
staff helped find journal,valid,library,positive
one corner feel stuffy,valid,library,negative
library ambience feel pleasant,valid,library,positive
noise level feel manageable,valid,library,neutral
vegetable sandwich tasted fresh,valid,canteen,positive
tea too weak,valid,canteen,negative
lunch felt normal today,valid,canteen,neutral
fruit bowl tasted good,valid,canteen,positive
dal felt undercooked,valid,canteen,negative
serving speed feel fine,valid,canteen,neutral
evening snack crunchy,valid,canteen,positive
rice tasted dry,valid,canteen,negative
cold coffee refreshing,valid,canteen,positive
menu variety feel average,valid,canteen,neutral
faculty explained topic clearly,valid,academics,positive
note hard understand,valid,academics,negative
class duration feel okay,valid,academics,neutral
extra worksheet helped practice,valid,academics,positive
too much homework given,valid,academics,negative
topic pace feel fine,valid,academics,neutral
mock exam boosted confidence,valid,academics,positive
doubt clearing felt rushed,valid,academics,negative
revision session helpful,valid,academics,positive
assignment load feel normal,valid,academics,neutral
office staff guided properly,valid,administration,positive
misplaced application,valid,administration,negative
waiting hall felt busy,valid,administration,neutral
form approval quick,valid,administration,positive
wait long,valid,administration,negative
reception counter feel crowded,valid,administration,neutral
answered query politely,valid,administration,positive
response delayed,valid,administration,negative
process felt smooth today,valid,administration,positive
office atmosphere feel okay,valid,administration,neutral
website open faster,valid,website,positive
login page froze,valid,website,negative
portal layout feel average,valid,website,neutral
dashboard look simple,valid,website,positive
upload option failed,valid,website,negative
navigation feel fine,valid,website,neutral
profile updated correctly,valid,website,positive
search take time sometimes,valid,website,negative
notification helpful,valid,website,positive
website design feel okay,valid,website,neutral
classroom fan work well,valid,facilities,positive
desk wobble,valid,facilities,negative
hall temperature feel normal,valid,facilities,neutral
garden area look tidy,valid,facilities,positive
washroom tap leaking,valid,facilities,negative
parking feel manageable,valid,facilities,neutral
common space feel clean,valid,facilities,positive
stair rail feel loose,valid,facilities,negative
study room feel calm,valid,facilities,positive
corridor noise feel average,valid,facilities,neutral
found textbook easily today,valid,library,positive
page missing,valid,library,negative
reading light feel fine,valid,library,neutral
library staff kind,valid,library,positive
book counter slow,valid,library,negative
library temperature feel okay,valid,library,neutral
masala dosa tasted good,valid,canteen,positive
coffee tasted burnt,valid,canteen,negative
breakfast felt okay,valid,canteen,neutral
fried rice flavorful,valid,canteen,positive
snack tasted stale,valid,canteen,negative
juice counter feel normal,valid,canteen,neutral
practice paper cleared doubt,valid,academics,positive
recorded lecture audio issue,valid,academics,negative
class flow feel fine,valid,academics,neutral
weekly quiz helped revision,valid,academics,positive
too many slide one lecture,valid,academics,negative
homework feel manageable,valid,academics,neutral
processed request fast,valid,administration,positive
office opened late today,valid,administration,negative
help desk seemed busy,valid,administration,neutral
reception guided properly,valid,administration,positive
reply came very late,valid,administration,negative
office timing feel fine,valid,administration,neutra
fee receipt downloaded smoothly,valid,website,positive
password reset didnt work,valid,website,negative
portal speed feel average,valid,website,neutral
website layout feel clean,valid,website,positive
page loading slow,valid,website,negative
font size look okay,valid,website,neutral
class board look neat,valid,facilities,positive
washroom smell bad,valid,facilities,negative
lab feel normal today,valid,facilities,neutral
campus path look tidy,valid,facilities,positive
plug point dont work,valid,facilities,negative
seating feel fine,valid,facilities,neutral
library feel peaceful,valid,library,positive
tea tasted weak,valid,canteen,negative
extra class helped revision,valid,academics,positive
office staff looked tired,valid,administration,neutral
website load quickly,valid,website,positive
payment page crashed,valid,website,negative
portal response feel normal,valid,website,neutral
dashboard chart look clear,valid,website,positive
otp took too long,valid,website,negative
menu layout feel okay,valid,website,neutral
projector work smoothly,valid,facilities,positive
ac not cooling properly,valid,facilities,negative
lab seating feel normal,valid,facilities,neutral
waiting area look clean,valid,facilities,positive
drinking water taste odd,valid,facilities,negative
elevator speed feel fine,valid,facilities,neutral
librarian suggested good book,valid,library,positive
shelf messy,valid,library,negative
study table feel okay,valid,library,neutral
quiet zone help focus,valid,library,positive
computer terminal slow,valid,library,negative
library lighting feel fine,valid,library,neutral
idli tasted soft,valid,canteen,positive
sambar too salty,valid,canteen,negative
snack quantity feel normal,valid,canteen,neutral
pasta tasted delicious,valid,canteen,positive
milkshake watery,valid,canteen,negative
billing queue feel average,valid,canteen,neutral
teacher explained concept well,valid,academics,positive
slide confusing,valid,academics,negative
class timing feel okay,valid,academics,neutral
group discussion helped learning,valid,academics,positive
exam instruction unclear,valid,academics,negative
syllabus pace feel normal,valid,academics,neutral
certificate issued quickly,valid,administration,positive
document misplaced,valid,administration,negative
office crowd feel average,valid,administration,neutral
staff guided properly,valid,administration,positive
approval process took long,valid,administration,negative
reception ambience feel okay,valid,administration,neutral
website notification work well,valid,website,positive
search result lag,valid,website,negative
interface feel normal,valid,website,neutral
profile page load fast,valid,website,positive
file upload failed twice,valid,website,negative
text spacing look fine,valid,website,neutral
reading room feel fresh,valid,library,positive
magazine missing,valid,library,negative
library crowd feel okay,valid,library,neutral
reference desk helped,valid,library,positive
book return counter slow,valid,library,negative
library chair feel fine,valid,library,neutral
chapati tasted soft,valid,canteen,positive
curry lacked flavor,valid,canteen,negative
lunch buffet satisfying,valid,canteen,positive
soup tasted bland,valid,canteen,negative
meal portion feel normal,valid,canteen,neutral
dessert delicious,valid,canteen,positive
paneer felt rubbery,valid,canteen,negative
table arrangement feel okay,valid,canteen,neutral
faculty cleared doubt,valid,academics,positive
recorded video blurry,valid,academics,negative
revision pace feel fine,valid,academics,neutral
practice test boosted confidence,valid,academics,positive
assignment deadline sudden,valid,academics,negative
course outline feel normal,valid,academics,neutral
staff processed form quickly,valid,administration,positive
office printer broken,valid,administration,negative
queue length feel average,valid,administration,neutral
help desk solved issue,valid,administration,positive
lost receipt,valid,administration,negative
office seating feel okay,valid,administration,neutral
website payment succeeded,valid,website,positive
captcha kept refreshing,valid,website,negative
page layout feel normal,valid,website,neutral
download link worked fine,valid,website,positive
server error appeared,valid,website,negative
button spacing feel okay,valid,website,neutral
classroom light bright,valid,facilities,positive
projector cable loose,valid,facilities,negative
lab temperature feel normal,valid,facilities,neutral
garden bench look clean,valid,facilities,positive
door handle broken,valid,facilities,negative
walkway space feel fine,valid,facilities,neutral
found required journal fast,valid,library,positive
rack dusty,valid,library,negative
library silence feel okay,valid,library,neutral
staff guided patiently,valid,library,positive
barcode scanner failed,valid,library,negative
reading corner feel fine,valid,library,neutral
biryani tasted great,valid,canteen,positive
curd sour,valid,canteen,negative
dinner crowd feel average,valid,canteen,neutral
fresh juice refreshing,valid,canteen,positive
bread felt stale,valid,canteen,negative
counter spacing feel okay,valid,canteen,neutral
online quiz result updated,valid,academics,positive
lecture audio cracked,valid,academics,negative
study schedule feel normal,valid,academics,neutral
extra class useful,valid,academics,positive
too many test week,valid,academics,negative
course load feel fine,valid,academics,neutral
office staff smiled today,valid,administration,positive
reception felt crowded,valid,administration,neutral
website dashboard load fast,valid,website,positive
login failed twice,valid,website,negative
portal usage feel normal,valid,website,neutral
profile edit saved correctly,valid,website,positive
verification email delayed,valid,website,negative
menu icon feel okay,valid,website,neutral
payment receipt generated,valid,website,positive
search bar lagged,valid,website,negative
notification arrived time,valid,website,positive
font clarity feel normal,valid,website,neutral
classroom air feel fresh,valid,facilities,positive
ceiling fan make noise,valid,facilities,negative
lab chair feel okay,valid,facilities,neutral
corridor look clean,valid,facilities,positive
water cooler not working,valid,facilities,negative
parking space feel average,valid,facilities,neutral
common hall smell fresh,valid,facilities,positive
washroom mirror cracked,valid,facilities,negative
study area feel calm,valid,facilities,positive
stairway width feel normal,valid,facilities,neutral
library catalog helped search,valid,library,positive
book outdated,valid,library,negative
reading atmosphere feel okay,valid,library,neutral
digital section useful,valid,library,positive
printer jammed,valid,library,negative
library spacing feel fine,valid,library,neutral
found thesis copy easily,valid,library,positive
ac too cold,valid,library,negative
silent zone help focus,valid,library,positive
library crowd feel average,valid,library,neutral
upma tasted good,valid,canteen,positive
tea lukewarm,valid,canteen,negative
breakfast rush feel normal,valid,canteen,neutral
noodle flavorful,valid,canteen,positive
sauce tasted odd,valid,canteen,negative
table cleanliness feel okay,valid,canteen,neutral
fresh fruit available,valid,canteen,positive
paper cup missing,valid,canteen,negative
milk chilled well,valid,canteen,positive
serving size feel average,valid,canteen,neutral
faculty shared extra note,valid,academics,positive
slide unreadable,valid,academics,negative
class engagement feel normal,valid,academics,neutral
tutorial session helped,valid,academics,positive
project guideline unclear,valid,academics,negative
study load feel okay,valid,academics,neutral
revision worksheet useful,valid,academics,positive
recorded class missing,valid,academics,negative
practice problem helped,valid,academics,positive
topic coverage feel average,valid,academics,neutral
application approved quickly,valid,administration,positive
token system confusing,valid,administration,negative
waiting room feel normal,valid,administration,neutral
staff responded politely,valid,administration,positive
file got misplaced,valid,administration,negative
office lighting feel okay,valid,administration,neutral
help desk resolved issue,valid,administration,positive
counter unattended,valid,administration,negative
process smooth today,valid,administration,positive
office noise feel average,valid,administration,neutral
website graph look clean,valid,website,positive
session expired suddenly,valid,website,negative
navigation speed feel normal,valid,website,neutral
report download worked,valid,website,positive
attachment upload failed,valid,website,negative
color theme feel okay,valid,website,neutral
profile alert helpful,valid,website,positive
form submit lagged,valid,website,negative
homepage load quickly,valid,website,positive
button size feel normal,valid,website,neutral
classroom window open smoothly,valid,facilities,positive
floor tile cracked,valid,facilities,negative
lab lighting feel okay,valid,facilities,neutral
garden flower look fresh,valid,facilities,positive
handwash dispenser empty,valid,facilities,negative
rest area feel normal,valid,facilities,neutral
notice board updated,valid,facilities,positive
switchboard spark,valid,facilities,negative
reading hall feel peaceful,valid,facilities,positive
entrance space feel average,valid,facilities,neutral
found archive quickly,valid,library,positive
cd scratched,valid,library,negative
library layout feel normal,valid,library,neutral
staff arranged book neatly,valid,library,positive
issue slip missing,valid,library,negative
desk spacing feel okay,valid,library,neutral
reference guide helpful,valid,library,positive
scanner not working,valid,library,negative
quiet corner available,valid,library,positive
reading time feel average,valid,library,neutral
veg pulao tasted nice,valid,canteen,positive
gravy watery,valid,canteen,negative
lunch crowd feel normal,valid,canteen,neutral
ice cream creamy,valid,canteen,positive
chutney tasted sour,valid,canteen,negative
tray return feel okay,valid,canteen,neutral
fresh salad served,valid,canteen,positive
spoon missing,valid,canteen,negative
cold drink chilled well,valid,canteen,positive
dining space feel average,valid,canteen,neutral
extra handout helpful,valid,academics,positive
lecture audio kept breaking,valid,academics,negative
class pace feel normal,valid,academics,neutral
problem solving session helped,valid,academics,positive
too many topic one class,valid,academics,negative
daily schedule feel okay,valid,academics,neutral
faculty cleared doubt patiently,valid,academics,positive
slide loaded very slowly,valid,academics,negative
practice test improved score,valid,academics,positive
syllabus coverage feel average,valid,academics,neutral
reception handled form quickly,valid,administration,positive
counter closed unexpectedly,valid,administration,negative
office queue feel normal,valid,administration,neutral
staff explained procedure clearly,valid,administration,positive
approval got delayed,valid,administration,negative
waiting area feel okay,valid,administration,neutral
document processed smoothly,valid,administration,positive
help desk gave wrong info,valid,administration,negative
office visit went well,valid,administration,positive
timing feel average today,valid,administration,neutral
website chart load fast,valid,website,positive
login page keep refreshing,valid,website,negative
portal design feel normal,valid,website,neutral
download button work fine,valid,website,positive
otp arrived late,valid,website,negative
header layout feel okay,valid,website,neutral
profile sync completed,valid,website,positive
search result inaccurate,valid,website,negative
notification show clearly,valid,website,positive
color contrast feel average,valid,website,neutral
classroom smell fresh,valid,facilities,positive
projector bulb flicker,valid,facilities,negative
lab temperature feel normal,valid,facilities,neutral
campus bench look clean,valid,facilities,positive
water tap dripping,valid,facilities,negative
hall spacing feel okay,valid,facilities,neutral
common wash area neat,valid,facilities,positive
door hinge broken,valid,facilities,negative
study corner feel quiet,valid,facilities,positive
entry gate feel average,valid,facilities,neutral
found magazine easily,valid,library,positive
shelf look messy,valid,library,negative
reading silence feel normal,valid,library,neutral
library staff supportive,valid,library,positive
book return machine failed,valid,library,negative
table height feel okay,valid,library,neutral
reference desk helped,valid,library,positive
barcode scanner slow,valid,library,negative
study pod useful,valid,library,positive
library lighting feel average,valid,library,neutral
paneer wrap tasted great,valid,canteen,positive
tea no sugar,valid,canteen,negative
breakfast line feel normal,valid,canteen,neutral
fried snack crispy,valid,canteen,positive
grilled sandwich burnt,valid,canteen,negative
counter speed feel okay,valid,canteen,neutral
fresh juice option good,valid,canteen,positive
plate not clean,valid,canteen,negative
hot coffee nice,valid,canteen,positive
dining noise feel average,valid,canteen,neutral
extra example clarified concept,valid,academics,positive
recorded lecture missing slide,valid,academics,negative
group activity feel normal,valid,academics,neutral
weekly recap helped revision,valid,academics,positive
assignment instruction unclear,valid,academics,negative
study hour feel okay,valid,academics,neutral
faculty feedback useful,valid,academics,positive
online quiz crashed,valid,academics,negative
mock test boosted confidence,valid,academics,positive
class interaction feel average,valid,academics,neutral
staff accepted document,valid,administration,positive
office phone not reachable,valid,administration,negative
help counter feel normal,valid,administration,neutral
guided patiently,valid,administration,positive
token number skipped,valid,administration,negative
office seating feel okay,valid,administration,neutral
request closed successfully,valid,administration,positive
form entry mistake,valid,administration,negative
process completed smoothly,valid,administration,positive
office mood feel average,valid,administration,neutral
website report generated,valid,website,positive
page froze suddenly,valid,website,negative
scroll speed feel normal,valid,website,neutral
dashboard icon clear,valid,website,positive
attachment not opening,valid,website,negative
sidebar feel okay,valid,website,neutral
history tab useful,valid,website,positive
auto logout happened,valid,website,negative
homepage design nice,valid,website,positive
text size feel average,valid,website,neutral
lab equipment arranged well,valid,facilities,positive
ceiling paint peeling,valid,facilities,negative
workshop feel normal,valid,facilities,neutral
outdoor seating look neat,valid,facilities,positive
drain smell near block,valid,facilities,negative
walkway width feel okay,valid,facilities,neutral
notice board clean,valid,facilities,positive
emergency light broken,valid,facilities,negative
study hall feel peaceful,valid,facilities,positive
campus crowd feel average,valid,facilities,neutral
library very quiet morning,valid,library,positive
canteen rice felt undercooked today,valid,canteen,negative
lecture easy follow,valid,academics,positive
office staff guided properly,valid,administration,positive
website login took longer usual,valid,website,neutral
classroom fan not working properly,valid,facilities,negative
found required textbook quickly,valid,library,positive
samosa tasted fresh crispy,valid,canteen,positive
assignment explained clearly,valid,academics,positive
wait too long signature,valid,administration,negative
portal layout look simple clean,valid,website,positive
water cooler not functioning,valid,facilities,negative
reading area feel comfortable,valid,library,positive
curry too spicy today,valid,canteen,neutral
doubt clearing session helpful,valid,academics,positive
misplaced application form,valid,administration,negative
website search feature work fine,valid,website,positive
washroom need better cleaning,valid,facilities,negative
library seating arrangement good,valid,library,positive
tea not hot enough,valid,canteen,negative
faculty explained concept patiently,valid,academics,positive
administration process feel slow,valid,administration,negative
portal loaded without error,valid,website,positive
bench broken,valid,facilities,negative
reference book well arranged,valid,library,positive
snack tasted average today,valid,canteen,neutral
practice problem improved understanding,valid,academics,positive
office closed working hour,valid,administration,negative
website interface feel smooth,valid,website,positive
parking space feel limited,valid,facilities,neutral
library staff helpful,valid,library,positive
lunch portion small,valid,canteen,negative
class discussion engaging,valid,academics,positive
processed request quickly,valid,administration,positive
dashboard load quickly,valid,website,positive
projector not clear,valid,facilities,negative
found journal easily today,valid,library,positive
juice tasted fresh,valid,canteen,positive
weekly test improved confidence,valid,academics,positive
office response delayed,valid,administration,negative
portal notification useful,valid,website,positive
classroom light flicker,valid,facilities,negative
library atmosphere feel peaceful,valid,library,positive
bread slightly dry,valid,canteen,neutral
extra revision class beneficial,valid,academics,positive
staff answered rudely today,valid,administration,negative
website saved data properly,valid,website,positive
lab equipment need maintenance,valid,facilities,negative
study table spacious,valid,library,positive
lunch tasted good today,valid,canteen,positive
note provided very useful,valid,academics,positive
queue moved slowly counter,valid,administration,negative
portal work smoothly mobile,valid,website,positive
classroom feel too warm afternoon,valid,facilities,neutral
library book good condition,valid,library,positive
sambar watery today,valid,canteen,negative
teacher clarified doubt clearly,valid,academics,positive
document approval took too long,valid,administration,negative
website design look modern,valid,website,positive
restroom floor wet,valid,facilities,negative
library well maintained,valid,library,positive
snack counter crowded,valid,canteen,neutral
assignment instruction clear,valid,academics,positive
lost previous record,valid,administration,negative
portal performance improved recently,valid,website,positive
chair feel uncomfortable,valid,facilities,negative
found previous year paper easily,valid,library,positive
cold drink tasted flat,valid,canteen,negative
mock test helped preparation,valid,academics,positive
office staff explained politely,valid,administration,positive
search bar work quickly,valid,website,positive
ceiling visible crack,valid,facilities,negative
library feel calm evening,valid,library,positive
tea tasted average,valid,canteen,neutral
group study session productive,valid,academics,positive
response time slower usual,valid,administration,neutral
website rarely crash,valid,website,positive
water tap leaking,valid,facilities,negative
book issue counter efficient,valid,library,positive
food served cold today,valid,canteen,negative
faculty support encouraging,valid,academics,positive
handled query properly,valid,administration,positive
portal keep logged securely,valid,website,positive
ac too noisy lab,valid,facilities,negative
library rule clearly displayed,valid,library,positive
meal option felt limited,valid,canteen,neutral
course material easy understand,valid,academics,positive
office seemed understaffed,valid,administration,neutral
website easy navigate,valid,website,positive
floor tile loose near stair,valid,facilities,negative
reading zone feel organized,valid,library,positive
lunch combo satisfying,valid,canteen,positive
extra practice sheet helped lot,valid,academics,positive
delayed issuing id card,valid,administration,negative
fee receipt downloaded quickly,valid,website,positive
corridor lighting dim,valid,facilities,neutral
library staff guided well,valid,library,positive
evening snack tasty,valid,canteen,positive
concept explanation clear,valid,academics,positive
office closed earlier expected,valid,administration,negative
website load without lag day,valid,website,positive
classroom window dont close properly,valid,facilities,negative
library catalog system easy use,valid,library,positive
idli served cold today,valid,canteen,negative
lecture pace comfortable,valid,academics,positive
office staff seemed helpful today,valid,administration,positive
portal layout feel slightly crowded,valid,website,neutral
washroom mirror need cleaning,valid,facilities,negative
found quiet corner study,valid,library,positive
meal tasted average afternoon,valid,canteen,neutral
faculty provided clear example,valid,academics,positive
approval process confusing,valid,administration,negative
website work well phone,valid,website,positive
projector brightness low,valid,facilities,negative
library timing convenient,valid,library,positive
soup tasted really good today,valid,canteen,positive
assignment deadline reasonable,valid,academics,neutral
handled request efficiently,valid,administration,positive
login page responded quickly,valid,website,positive
desk rough edge,valid,facilities,negative
reference section well maintained,valid,library,positive
snack counter felt disorganized,valid,canteen,negative
revision class cleared doubt,valid,academics,positive
office response time decent,valid,administration,neutral
portal rarely show error,valid,website,positive
parking area need better lighting,valid,facilities,neutral
library atmosphere support concentration,valid,library,positive
rice quality felt poor today,valid,canteen,negative
teacher encouraged participation,valid,academics,positive
misplaced submitted form,valid,administration,negative
website navigation straightforward,valid,website,positive
water dispenser empty,valid,facilities,negative
book arrangement make searching easy,valid,library,positive
juice tasted too sweet,valid,canteen,neutral
extra practice session useful,valid,academics,positive
staff spoke politely counter,valid,administration,positive
portal update timely,valid,website,positive
lab chair feel unstable,valid,facilities,negative
library staff respond quickly,valid,library,positive
meal portion satisfying,valid,canteen,positive
class example relatable,valid,academics,positive
queue shorter usual,valid,administration,positive
website interface feel smooth today,valid,website,positive
restroom smell unpleasant,valid,facilities,negative
study material easy access,valid,library,positive
tea tasted slightly bitter,valid,canteen,neutral
weekly quiz improved focus,valid,academics,positive
document verification took time,valid,administration,negative
portal dashboard informative,valid,website,positive
classroom feel well ventilated,valid,facilities,positive
library provides enough seating,valid,library,positive
snack option feel repetitive,valid,canteen,neutral
faculty feedback constructive,valid,academics,positive
office closed scheduled time,valid,administration,negative
website rarely freeze,valid,website,positive
switch loose,valid,facilities,negative
reading hall feel spacious,valid,library,positive
food tasted fresh today,valid,canteen,positive
lesson recap helped revision,valid,academics,positive
help desk unavailable,valid,administration,negative
portal notification clear,valid,website,positive
ceiling fan make noise,valid,facilities,negative
library clean organized,valid,library,positive
lunch tasted average overall,valid,canteen,neutral
course explanation detailed,valid,academics,positive
staff processed document quickly,valid,administration,positive
website search result accurate,valid,website,positive
floor look slippery near entrance,valid,facilities,negative
found required journal without issue,valid,library,positive
curry felt too salty,valid,canteen,negative
practice test helpful,valid,academics,positive
response office delayed,valid,administration,negative
portal run smoothly overall,valid,website,positive
class board need cleaning,valid,facilities,neutral
library rule clearly mentioned,valid,library,positive
evening snack tasted good,valid,canteen,positive
teacher explained topic patiently,valid,academics,positive
resolved issue properly,valid,administration,positive
website login seamless,valid,website,positive
lab equipment feel outdated,valid,facilities,neutral
library lighting sufficient,valid,library,positive
food slightly oily,valid,canteen,neutral
assignment improved understanding,valid,academics,positive
office counter felt crowded,valid,administration,neutral
portal saved change instantly,valid,website,positive
bench feel shaky,valid,facilities,negative
reading area peaceful,valid,library,positive
tea served fresh,valid,canteen,positive
faculty interaction motivating,valid,academics,positive
delayed approval,valid,administration,negative
website speed improved,valid,website,positive
washroom tap leaking,valid,facilities,negative
library collection diverse,valid,library,positive
meal tasted bland today,valid,canteen,negative
extra class clarified doubt,valid,academics,positive
office staff seemed neutral,valid,administration,neutral
portal design feel modern,valid,website,positive
corridor wall need repainting,valid,facilities,neutral
book return process simple,valid,library,positive
canteen service quick today,valid,canteen,positive
faculty explained topic real example,valid,academics,positive
office staff asked come back later,valid,administration,negative
website dashboard feel organized,valid,website,positive
classroom feel stuffy noon,valid,facilities,neutral
library good collection reference book,valid,library,positive
canteen dosa crispy fresh,valid,canteen,positive
assignment instruction confusing,valid,academics,negative
resolved certificate issue quickly,valid,administration,positive
portal took time load today,valid,website,neutral
light not working corridor,valid,facilities,negative
library environment perfect studying,valid,library,positive
meal tasted slightly salty,valid,canteen,neutral
teacher gave useful feedback project,valid,academics,positive
office queue management need improvement,valid,administration,negative
website interface easy understand,valid,website,positive
lab computer running slowly,valid,facilities,negative
found study material without difficulty,valid,library,positive
snack served fresh hot,valid,canteen,positive
revision session improved clarity,valid,academics,positive
help desk response delayed,valid,administration,negative
portal work smoothly time,valid,website,positive
washroom cleanliness average,valid,facilities,neutral
library seating comfortable,valid,library,positive
food portion size felt small today,valid,canteen,negative
class discussion encouraged participation,valid,academics,positive
staff explained procedure patiently,valid,administration,positive
website rarely show loading error,valid,website,positive
classroom desk damaged,valid,facilities,negative
library staff cooperative,valid,library,positive
tea quality decent today,valid,canteen,neutral
practice assignment helped understanding,valid,academics,positive
office closed earlier mentioned,valid,administration,negative
portal notification system helpful,valid,website,positive
parking area feel congested,valid,facilities,neutral
library catalog search accurate,valid,library,positive
lunch tasted good overall,valid,canteen,positive
faculty cleared doubt effectively,valid,academics,positive
document processing took too long,valid,administration,negative
website performance feel stable,valid,website,positive
classroom ventilation need improvement,valid,facilities,negative
found previous year question paper easily,valid,library,positive
curry tasted bit bland,valid,canteen,neutral
extra tutorial session beneficial,valid,academics,positive
office staff seemed unresponsive,valid,administration,negative
portal saved information correctly,valid,website,positive
lab chair comfortable,valid,facilities,positive
library noise level low,valid,library,positive
snack counter service slow,valid,canteen,negative
lesson recap very helpful,valid,academics,positive
handled query professionally,valid,administration,positive
website design feel clean,valid,website,positive
wall visible crack,valid,facilities,negative
library provides good study resource,valid,library,positive
food tasted average today,valid,canteen,neutral
teacher provided clear instruction,valid,academics,positive
queue moved faster expected,valid,administration,positive
portal rarely log unexpectedly,valid,website,positive
restroom maintenance need attention,valid,facilities,negative
library lighting adequate,valid,library,positive
juice tasted refreshing today,valid,canteen,positive
weekly test helped improve performance,valid,academics,positive
staff misplaced document,valid,administration,negative
website search function work accurately,valid,website,positive
floor near stair feel slippery,valid,facilities,negative
reading area feel organized,valid,library,positive
lunch menu feel repetitive,valid,canteen,neutral
faculty encouraged interactive learning,valid,academics,positive
office process felt smooth today,valid,administration,positive
portal update appear time,valid,website,positive
ceiling fan need servicing,valid,facilities,neutral
library book return system efficient,valid,library,positive
sambar tasted very good today,valid,canteen,positive
assignment feedback detailed,valid,academics,positive
help desk unavailable,valid,administration,negative
website run fine without glitch,valid,website,positive
classroom switch faulty,valid,facilities,negative
library peaceful study zone,valid,library,positive
tea slightly cold,valid,canteen,negative
course material well structured,valid,academics,positive
office seemed crowded morning,valid,administration,neutral
portal layout feel user friendly,valid,website,positive
water dispenser need refilling often,valid,facilities,neutral
library staff responded kindly,valid,library,positive
snack tasted stale today,valid,canteen,negative
extra practice improved understanding,valid,academics,positive
processed application quickly,valid,administration,positive
website speed satisfactory,valid,website,positive
classroom board need replacement,valid,facilities,negative
library resource sufficient,valid,library,positive
lunch served hot fresh,valid,canteen,positive
faculty explained complex topic clearly,valid,academics,positive
office response felt slow today,valid,administration,negative
portal work consistently well,valid,website,positive
corridor lighting dim evening,valid,facilities,neutral
library arrangement make book easy find,valid,library,positive
food tasted slightly oily,valid,canteen,neutral
revision worksheet useful,valid,academics,positive
staff resolved issue promptly,valid,administration,positive
website rarely crash,valid,website,positive
parking area need better organization,valid,facilities,neutral
library study room well maintained,valid,library,positive
canteen food felt too oily today,valid,canteen,negative
lecture covered important point,valid,academics,positive
office staff attentive query,valid,administration,positive
website homepage look clean,valid,website,positive
classroom fan make noise,valid,facilities,neutral
found required research paper easily,valid,library,positive
tea served lukewarm,valid,canteen,negative
practice session improved confidence,valid,academics,positive
document verification process smooth,valid,administration,positive
portal load fine laptop,valid,website,positive
washroom need better ventilation,valid,facilities,negative
library peaceful exam,valid,library,positive
lunch tasted average today,valid,canteen,neutral
teacher explained doubt patiently,valid,academics,positive
office response slower expected,valid,administration,negative
website navigation feel intuitive,valid,website,positive
desk scratch,valid,facilities,neutral
library collection updated regularly,valid,library,positive
snack counter service quick,valid,canteen,positive
assignment helped revise concept,valid,academics,positive
staff misplaced request slip,valid,administration,negative
portal rarely show login error,valid,website,positive
classroom lighting feel dull,valid,facilities,negative
library staff assisted politely,valid,library,positive
food portion size decent,valid,canteen,neutral
faculty gave practical example,valid,academics,positive
office queue manageable today,valid,administration,neutral
website performance feel stable,valid,website,positive
lab computer need updating,valid,facilities,negative
reading area comfortable,valid,library,positive
curry tasted fresh today,valid,canteen,positive
class discussion interactive,valid,academics,positive
delayed form approval,valid,administration,negative
portal design feel modern,valid,website,positive
water cooler empty afternoon,valid,facilities,negative
library rule clearly displayed,valid,library,positive
juice tasted slightly sour,valid,canteen,negative
extra tutorial helpful,valid,academics,positive
office staff handled request properly,valid,administration,positive
website save progress automatically,valid,website,positive
parking space feel limited,valid,facilities,neutral
library seating sufficient,valid,library,positive
meal tasted good today,valid,canteen,positive
teacher clarified complex topic well,valid,academics,positive
document processing confusing,valid,administration,negative
portal rarely crash,valid,website,positive
corridor light not working,valid,facilities,negative
library environment support concentration,valid,library,positive
snack option limited today,valid,canteen,neutral
weekly test improved understanding,valid,academics,positive
staff responded calmly concern,valid,administration,positive
website layout feel organized,valid,website,positive
classroom ventilation could improve,valid,facilities,neutral
found reference material quickly,valid,library,positive
rice undercooked today,valid,canteen,negative
faculty interaction encouraging,valid,academics,positive
office seemed overcrowded,valid,administration,neutral
portal search result accurate,valid,website,positive
restroom floor slippery,valid,facilities,negative
library clean quiet,valid,library,positive
lunch menu felt repetitive,valid,canteen,neutral
assignment feedback constructive,valid,academics,positive
processed request quickly,valid,administration,positive
website work smoothly overall,valid,website,positive
lab chair feel uncomfortable,valid,facilities,negative
library book issue process fast,valid,library,positive
tea tasted good today,valid,canteen,positive
practice problem improved clarity,valid,academics,positive
office response time long,valid,administration,negative
portal keep data secure,valid,website,positive
classroom board faded,valid,facilities,neutral
library lighting bright enough,valid,library,positive
snack tasted stale evening,valid,canteen,negative
extra revision class useful,valid,academics,positive
staff provided clear instruction,valid,administration,positive
website dashboard informative,valid,website,positive
ceiling fan need maintenance,valid,facilities,neutral
library atmosphere feel calm,valid,library,positive
food served hot today,valid,canteen,positive
teacher addressed doubt clearly,valid,academics,positive
office closed time,valid,administration,negative
portal speed improved recently,valid,website,positive
water tap leaking near entrance,valid,facilities,negative
library resource sufficient exam,valid,library,positive
juice tasted refreshing,valid,canteen,positive
class note easy follow,valid,academics,positive
queue moved slowly counter,valid,administration,negative
website interface feel user friendly,valid,website,positive
parking area need better marking,valid,facilities,neutral
library study zone well arranged,valid,library,positive
curry tasted average today,valid,canteen,neutral
faculty explained topic clearly,valid,academics,positive
delayed certificate issue,valid,administration,negative
portal work fine mobile,valid,website,positive
bench feel unstable,valid,facilities,negative
library staff cooperative,valid,library,positive
lunch combo satisfying,valid,canteen,positive
revision exercise improved confidence,valid,academics,positive
office handled document efficiently,valid,administration,positive
website load quickly even peak hour,valid,website,positive
classroom feel too warm afternoon,valid,facilities,neutral
library enough copy main textbook,valid,library,positive
canteen chapati hard today,valid,canteen,negative
lecture structured very well,valid,academics,positive
office staff clarified doubt patiently,valid,administration,positive
portal design feel slightly outdated,valid,website,neutral
light flickering hallway,valid,facilities,negative
library reading area comfortable,valid,library,positive
snack tasted fresh evening,valid,canteen,positive
assignment helped understand topic better,valid,academics,positive
document approval took longer expected,valid,administration,negative
website search option work efficiently,valid,website,positive
washroom cleanliness average today,valid,facilities,neutral
library staff friendly helpful,valid,library,positive
rice tasted slightly stale,valid,canteen,negative
faculty encouraged interactive discussion,valid,academics,positive
office counter too crowded,valid,administration,neutral
portal save change without error,valid,website,positive
lab equipment need servicing,valid,facilities,negative
found reference book without difficulty,valid,library,positive
tea tasted good fresh,valid,canteen,positive
revision worksheet very useful,valid,academics,positive
misplaced submitted document,valid,administration,negative
website layout feel simple navigate,valid,website,positive
parking area feel cramped morning hour,valid,facilities,neutral
library quiet study hour,valid,library,positive
food portion size smaller usual,valid,canteen,negative
teacher explained example clearly,valid,academics,positive
office processed application smoothly,valid,administration,positive
portal rarely log unexpectedly,valid,website,positive
classroom desk feel shaky,valid,facilities,negative
library arrangement make book easy find,valid,library,positive
juice tasted refreshing today,valid,canteen,positive
weekly test improved performance,valid,academics,positive
staff responded late query,valid,administration,negative
website performance improved recently,valid,website,positive
restroom floor wet morning,valid,facilities,negative
library study table spacious,valid,library,positive
snack counter service average,valid,canteen,neutral
class discussion engaging,valid,academics,positive
office staff seemed stressed today,valid,administration,neutral
portal dashboard display information clearly,valid,website,positive
corridor lighting need improvement,valid,facilities,neutral
library provides peaceful environment,valid,library,positive
meal tasted good overall,valid,canteen,positive
faculty cleared doubt effectively,valid,academics,positive
approval process felt confusing,valid,administration,negative
website work smoothly mobile device,valid,website,positive
water cooler not working properly,valid,facilities,negative
library collection well maintained,valid,library,positive
tea slightly cold today,valid,canteen,negative
extra tutorial clarified difficult topic,valid,academics,positive
office queue moved faster usual,valid,administration,positive
portal interface feel clean modern,valid,website,positive
switch not functioning,valid,facilities,negative
library noise level minimal,valid,library,positive
lunch menu felt repetitive week,valid,canteen,neutral
teacher provided constructive feedback,valid,academics,positive
delayed issuing id card,valid,administration,negative
website login seamless today,valid,website,positive
classroom ventilation sufficient,valid,facilities,positive
found required journal easily,valid,library,positive
snack tasted slightly oily,valid,canteen,neutral
practice session improved clarity,valid,academics,positive
office staff handled request professionally,valid,administration,positive
portal update timely,valid,website,positive
lab chair need repair,valid,facilities,negative
library rule clearly displayed,valid,library,positive
curry tasted average today,valid,canteen,neutral
assignment improved understanding,valid,academics,positive
office response time slow,valid,administration,negative
website navigation feel intuitive,valid,website,positive
parking area need better organization,valid,facilities,neutral
library seating comfortable,valid,library,positive
evening snack fresh,valid,canteen,positive
faculty explained complex topic clearly,valid,academics,positive
misplaced application copy,valid,administration,negative
portal search result accurate,valid,website,positive
classroom board faded,valid,facilities,neutral
library environment support concentration,valid,library,positive
food served hot today,valid,canteen,positive
revision session very helpful,valid,academics,positive
office closed earlier expected,valid,administration,negative
website rarely crash,valid,website,positive
water tap leaking near lab,valid,facilities,negative
library staff guided properly,valid,library,positive
tea tasted bland morning,valid,canteen,negative
weekly quiz boosted confidence,valid,academics,positive
staff resolved issue promptly,valid,administration,positive
portal keep profile updated correctly,valid,website,positive
bench need replacement,valid,facilities,neutral
library lighting bright clear,valid,library,positive
lunch combo satisfying today,valid,canteen,positive
teacher encouraged active participation,valid,academics,positive
document verification delayed,valid,administration,negative
website design feel user friendly,valid,website,positive
restroom maintenance need attention,valid,facilities,negative
library atmosphere feel calm evening,valid,library,positive
canteen service quick today,valid,canteen,positive
academic session today very engaging,valid,academics,positive
office staff took too long respond,valid,administration,negative
website dashboard feel smooth use,valid,website,positive
classroom chair slightly uncomfortable,valid,facilities,neutral
library updated edition available,valid,library,positive
canteen noodle undercooked,valid,canteen,negative
faculty explained topic step step,valid,academics,positive
administration handled request efficiently,valid,administration,positive
portal load quickly device,valid,website,positive
washroom area need better cleaning,valid,facilities,negative
library reading space feel calm,valid,library,positive
tea tasted average today,valid,canteen,neutral
assignment improved understanding,valid,academics,positive
misplaced submitted form,valid,administration,negative
website navigation clear simple,valid,website,positive
lab computer outdated,valid,facilities,negative
found required book without delay,valid,library,positive
lunch served fresh hot,valid,canteen,positive
revision class clarified doubt,valid,academics,positive
office queue manageable today,valid,administration,neutral
portal search work accurately,valid,website,positive
corridor light dim,valid,facilities,neutral
library staff cooperative,valid,library,positive
food portion felt small today,valid,canteen,negative
teacher encouraged interactive learning,valid,academics,positive
administration process felt smooth,valid,administration,positive
website rarely show error,valid,website,positive
water cooler empty afternoon,valid,facilities,negative
library seating arrangement good,valid,library,positive
snack option felt limited,valid,canteen,neutral
practice worksheet helpful,valid,academics,positive
staff delayed issuing certificate,valid,administration,negative
portal performance stable,valid,website,positive
parking area feel congested,valid,facilities,neutral
library environment support focus,valid,library,positive
juice tasted slightly sour,valid,canteen,negative
faculty gave clear explanation,valid,academics,positive
office counter seemed overcrowded,valid,administration,neutral
website design look modern,valid,website,positive
restroom floor wet,valid,facilities,negative
library collection diverse,valid,library,positive
meal tasted good overall,valid,canteen,positive
weekly test improved confidence,valid,academics,positive
responded late query,valid,administration,negative
portal update appear time,valid,website,positive
classroom board need replacement,valid,facilities,negative
library noise level minimal,valid,library,positive
tea slightly cold today,valid,canteen,negative
assignment feedback constructive,valid,academics,positive
office handled document properly,valid,administration,positive
website work smoothly mobile,valid,website,positive
ceiling fan make noise class,valid,facilities,neutral
library study table spacious,valid,library,positive
lunch menu felt repetitive week,valid,canteen,neutral
teacher clarified difficult concept,valid,academics,positive
document approval delayed,valid,administration,negative
portal layout feel organized,valid,website,positive
lab chair need maintenance,valid,facilities,negative
library staff guided kindly,valid,library,positive
curry tasted fresh today,valid,canteen,positive
extra tutorial helped revision,valid,academics,positive
office seemed understaffed,valid,administration,neutral
website search bar work quickly,valid,website,positive
water tap leaking near washroom,valid,facilities,negative
library lighting bright enough,valid,library,positive
snack counter service slow,valid,canteen,negative
class discussion productive,valid,academics,positive
processed application quickly,valid,administration,positive
portal rarely log unexpectedly,valid,website,positive
classroom ventilation could improve,valid,facilities,neutral
library book return process simple,valid,library,positive
food tasted slightly bland today,valid,canteen,neutral
faculty interaction motivating,valid,academics,positive
office closed working hour ended,valid,administration,negative
website speed improved recently,valid,website,positive
desk feel unstable,valid,facilities,negative
library resource sufficient exam,valid,library,positive
lunch combo satisfying,valid,canteen,positive
practice problem improved clarity,valid,academics,positive
queue moved slowly counter,valid,administration,negative
portal interface feel user friendly,valid,website,positive
parking area need better marking,valid,facilities,neutral
library atmosphere feel peaceful,valid,library,positive
juice tasted refreshing today,valid,canteen,positive
teacher provided useful example,valid,academics,positive
misplaced request slip,valid,administration,negative
website run without glitch,valid,website,positive
restroom cleanliness average,valid,facilities,neutral
library arrangement make book easy find,valid,library,positive
tea quality decent today,valid,canteen,neutral
revision session beneficial,valid,academics,positive
office response felt slow,valid,administration,negative
portal dashboard display data clearly,valid,website,positive
corridor lighting need attention,valid,facilities,neutral
library seating feel comfortable,valid,library,positive
food served hot fresh,valid,canteen,positive
faculty cleared doubt effectively,valid,academics,positive
document verification process confusing,valid,administration,negative
website login seamless today,valid,website,positive
water cooler functioning properly,valid,facilities,positive
library study environment feel very comfortable,valid,library,positive
canteen food too salty today,valid,canteen,negative
lecture slightly rushed,valid,academics,neutral
office staff guided clearly,valid,administration,positive
website load quickly without error,valid,website,positive
classroom light not working,valid,facilities,negative
library enough seating space,valid,library,positive
tea tasted fresh morning,valid,canteen,positive
assignment helped practice well,valid,academics,positive
document approval took longer usual,valid,administration,negative
portal interface feel smooth,valid,website,positive
washroom cleanliness need improvement,valid,facilities,negative
found reference material easily,valid,library,positive
snack counter service average,valid,canteen,neutral
faculty explained concept patiently,valid,academics,positive
office seemed overcrowded today,valid,administration,neutral
website search option work efficiently,valid,website,positive
parking space feel limited morning,valid,facilities,neutral
library staff supportive,valid,library,positive
lunch tasted slightly bland,valid,canteen,neutral
class discussion improved understanding,valid,academics,positive
misplaced submitted document,valid,administration,negative
portal dashboard easy navigate,valid,website,positive
desk feel unstable,valid,facilities,negative
library lighting sufficient studying,valid,library,positive
curry tasted very good today,valid,canteen,positive
revision class clarified doubt,valid,academics,positive
office processed form quickly,valid,administration,positive
website performance improved,valid,website,positive
lab computer run slowly,valid,facilities,negative
library environment calm quiet,valid,library,positive
food portion size felt small,valid,canteen,negative
teacher encouraged active participation,valid,academics,positive
queue moved slowly office counter,valid,administration,negative
portal rarely crash,valid,website,positive
restroom floor wet today,valid,facilities,negative
library arrangement make book easy find,valid,library,positive
juice tasted refreshing,valid,canteen,positive
weekly quiz boosted confidence,valid,academics,positive
office response time acceptable,valid,administration,neutral
website design feel modern,valid,website,positive
corridor light dim,valid,facilities,neutral
library provides updated edition,valid,library,positive
snack tasted slightly stale,valid,canteen,negative
practice worksheet helpful,valid,academics,positive
delayed issuing certificate,valid,administration,negative
portal save data correctly,valid,website,positive
water cooler empty afternoon,valid,facilities,negative
library study table spacious,valid,library,positive
lunch menu felt repetitive,valid,canteen,neutral
faculty gave clear explanation,valid,academics,positive
office staff handled request professionally,valid,administration,positive
website login seamless,valid,website,positive
ceiling fan make noise class,valid,facilities,neutral
library noise level minimal,valid,library,positive
tea served cold today,valid,canteen,negative
extra tutorial improved clarity,valid,academics,positive
office seemed understaffed,valid,administration,neutral
portal search result accurate,valid,website,positive
classroom ventilation need improvement,valid,facilities,negative
library staff guided kindly,valid,library,positive
food tasted good overall,valid,canteen,positive
assignment easy follow,valid,academics,positive
document verification delayed,valid,administration,negative
website run smoothly mobile,valid,website,positive
bench need replacement,valid,facilities,neutral
library collection diverse,valid,library,positive
snack counter felt crowded,valid,canteen,neutral
teacher clarified complex topic well,valid,academics,positive
responded late email,valid,administration,negative
portal layout feel organized,valid,website,positive
lab chair feel uncomfortable,valid,facilities,negative
library reading area feel peaceful,valid,library,positive
lunch combo satisfying,valid,canteen,positive
revision exercise improved understanding,valid,academics,positive
office closed earlier scheduled,valid,administration,negative
website speed satisfactory,valid,website,positive
water tap leaking near washroom,valid,facilities,negative
library rule clearly displayed,valid,library,positive
tea tasted average today,valid,canteen,neutral
faculty interaction motivating,valid,academics,positive
queue counter manageable,valid,administration,neutral
portal update timely,valid,website,positive
classroom board faded,valid,facilities,neutral
library resource sufficient exam,valid,library,positive
juice tasted slightly sour,valid,canteen,negative
practice test useful,valid,academics,positive
office handled document efficiently,valid,administration,positive
website rarely log unexpectedly,valid,website,positive
parking area need better organization,valid,facilities,neutral
library atmosphere support concentration,valid,library,positive
food too oily today,valid,canteen,negative
teacher provided constructive feedback,valid,academics,positive
approval process felt confusing,valid,administration,negative
portal interface feel user friendly,valid,website,positive
restroom cleanliness average,valid,facilities,negative
library book return process efficient,valid,library,positive
evening snack tasted good,valid,canteen,positive
extra practice session improved confidence,valid,academics,positive
office staff polite helpful,valid,administration,positive
website load page without delay,valid,website,positive
classroom projector not working,valid,facilities,negative
library seating arrangement comfortable,valid,library,positive
breakfast tasted fresh warm,valid,canteen,positive
faculty cleared doubt effectively,valid,academics,positive
office response slightly delayed,valid,administration,neutral
portal notification clear timely,valid,website,positive
classroom window broken,valid,facilities,negative
library digital resource helpful,valid,library,positive
snack quality felt average today,valid,canteen,neutral
assignment encouraged critical thinking,valid,academics,positive
staff misplaced id application,valid,administration,negative
website interface visually appealing,valid,website,positive
air conditioning not functioning properly,valid,facilities,negative
library catalog system work efficiently,valid,library,positive
lunch well prepared tasty,valid,canteen,positive
teacher provided useful example,valid,academics,positive
office staff answered query politely,valid,administration,positive
portal login process quick,valid,website,positive
classroom chair damaged,valid,facilities,negative
library atmosphere feel welcoming,valid,library,positive
tea slightly too sweet,valid,canteen,neutral
practical session informative,valid,academics,positive
administrative procedure felt complicated,valid,administration,negative
website rarely show error message,valid,website,positive
water supply interrupted briefly,valid,facilities,neutral
library staff maintain discipline well,valid,library,positive
food service quick today,valid,canteen,positive
course material well structured,valid,academics,positive
office took time verify record,valid,administration,neutral
portal design feel intuitive,valid,website,positive
lab equipment need maintenance,valid,facilities,negative
library study room well maintained,valid,library,positive
snack tasted delicious today,valid,canteen,positive
teacher explained topic clearly,valid,academics,positive
office queue system work smoothly,valid,administration,positive
website update reflect immediately,valid,website,positive
washroom door need repair,valid,facilities,negative
library provides peaceful study zone,valid,library,positive
lunch felt moderately satisfying,valid,canteen,neutral
mock test improved exam readiness,valid,academics,positive
office staff seemed unorganized today,valid,administration,negative
portal accessibility reliable,valid,website,positive
fan not rotating properly,valid,facilities,neutral
library shelf neatly arranged,valid,library,positive
beverage served right temperature,valid,canteen,positive
faculty provided timely feedback,valid,academics,positive
document submission process smooth,valid,administration,positive
website dashboard load quickly,valid,website,positive
classroom cleanliness could better,valid,facilities,negative
library provides distraction free environment,valid,library,positive
breakfast option felt limited today,valid,canteen,neutral
faculty explained topic depth,valid,academics,positive
office processing time reasonable,valid,administration,neutral
website interface easy understand,valid,website,positive
classroom wall need repainting,valid,facilities,neutral
library reference section well organized,valid,library,positive
food tasted undercooked today,valid,canteen,negative
group discussion enhanced learning,valid,academics,positive
administrative support helpful,valid,administration,positive
portal performance stable,valid,website,positive
restroom hygiene satisfactory,valid,facilities,positive
library provides enough charging point,valid,library,positive
snack service bit slow,valid,canteen,neutral
teacher used interactive teaching method,valid,academics,positive
office staff unclear instruction,valid,administration,negative
website load properly browser,valid,website,positive
desk rough edge,valid,facilities,negative
library study cabin comfortable,valid,library,positive
lunch tasted average today,valid,canteen,neutral
assignment challenging useful,valid,academics,positive
document approval completed time,valid,administration,positive
portal navigation user friendly,valid,website,positive
classroom lighting bright clear,valid,facilities,positive
library atmosphere encourages focus,valid,library,positive
tea strong flavor today,valid,canteen,neutral
faculty resolved doubt patiently,valid,academics,positive
office staff responded promptly,valid,administration,positive
website rarely experience downtime,valid,website,positive
water dispenser not functioning,valid,facilities,negative
library book arrangement systematic,valid,library,positive
food presentation looked appealing,valid,canteen,positive
practice problem improved skill,valid,academics,positive
administrative process slightly confusing,valid,administration,neutral
portal interface update smooth,valid,website,positive
classroom bench uncomfortable,valid,facilities,negative
library offer wide range journal,valid,library,positive
snack tasted fresh crispy,valid,canteen,positive
teacher encouraged question class,valid,academics,positive
office delayed issuing id card,valid,administration,negative
website security feel reliable,valid,website,positive
parking area clean today,valid,facilities,positive
library staff cooperative,valid,library,positive
lunch slightly overcooked,valid,canteen,neutral
extra class clarified key concept,valid,academics,positive
office staff handled query efficiently,valid,administration,positive
portal load quickly even peak hour,valid,website,positive
classroom window allow proper ventilation,valid,facilities,positive
library resource updated regularly,valid,library,positive
canteen service satisfactory overall,valid,canteen,positive
faculty explained concept real life example,valid,academics,positive
office staff seemed confused procedure,valid,administration,negative
website load smoothly phone,valid,website,positive
classroom switch faulty,valid,facilities,negative
library study area well ventilated,valid,library,positive
breakfast tasted delicious today,valid,canteen,positive
assignment improved analytical skill,valid,academics,positive
document processing slower expected,valid,administration,neutral
portal notification easy understand,valid,website,positive
washroom mirror not clean,valid,facilities,negative
library silence policy maintained properly,valid,library,positive
food served cold afternoon,valid,canteen,negative
teacher provided helpful study tip,valid,academics,positive
office staff resolved issue quickly,valid,administration,positive
website rarely show loading error,valid,website,positive
classroom door make noise,valid,facilities,neutral
library computer function properly,valid,library,positive
snack tasted average today,valid,canteen,neutral
class activity increased engagement,valid,academics,positive
administrative queue long today,valid,administration,negative
portal layout look clean simple,valid,website,positive
lab equipment work efficiently,valid,facilities,positive
library collection cover major subject,valid,library,positive
lunch portion size adequate,valid,canteen,positive
faculty provided detailed explanation,valid,academics,positive
office instruction clear direct,valid,administration,positive
website performance consistent,valid,website,positive
bench feel slightly damaged,valid,facilities,neutral
library offer peaceful reading corner,valid,library,positive
tea tasted slightly bitter,valid,canteen,negative
practice session well organized,valid,academics,positive
office delayed updating record,valid,administration,negative
portal search feature work accurately,valid,website,positive
classroom cleanliness satisfactory,valid,facilities,positive
library staff assist student promptly,valid,library,positive
snack counter well managed,valid,canteen,positive
teacher encouraged independent thinking,valid,academics,positive
administrative approval processed smoothly,valid,administration,positive
website interface feel responsive,valid,website,positive
water cooler need maintenance,valid,facilities,negative
library seating capacity sufficient,valid,library,positive
food quality decent today,valid,canteen,neutral
assignment aligned well syllabus,valid,academics,positive
office handled documentation professionally,valid,administration,positive
portal rarely freeze use,valid,website,positive
classroom board need cleaning,valid,facilities,neutral
library environment feel motivating,valid,library,positive
beverage tasted refreshing,valid,canteen,positive
teacher gave constructive suggestion,valid,academics,positive
office staff courteous efficient,valid,administration,positive
website update load without refreshing issue,valid,website,positive
classroom light flicker occasionally,valid,facilities,neutral
library study environment support productivity,valid,library,positive
breakfast tasted slightly bland today,valid,canteen,neutral
faculty provided real world case study,valid,academics,positive
office delayed responding application,valid,administration,negative
portal interface work smoothly exam,valid,website,positive
washroom cleanliness well maintained,valid,facilities,positive
library book easy locate,valid,library,positive
snack overcooked evening,valid,canteen,negative
teacher explained difficult topic clearly,valid,academics,positive
administrative process felt well organized,valid,administration,positive
website security feature seem reliable,valid,website,positive
desk slightly uneven,valid,facilities,neutral
library provides helpful study guide,valid,library,positive
food tasted fresh flavorful,valid,canteen,positive
assignment improved problem solving skill,valid,academics,positive
office staff seemed inattentive today,valid,administration,negative
portal login authentication quick,valid,website,positive
lab air conditioning need servicing,valid,facilities,negative
library atmosphere suitable exam preparation,valid,library,positive
tea tasted perfect today,valid,canteen,positive
faculty encouraged interactive session,valid,academics,positive
office clarified doubt patiently,valid,administration,positive
website navigation simple clear,valid,website,positive
classroom seating feel cramped,valid,facilities,negative
library reading material updated regularly,valid,library,positive
lunch menu good variety,valid,canteen,positive
teacher provided timely assignment feedback,valid,academics,positive
administrative response slightly slow,valid,administration,neutral
portal rarely experience downtime,valid,website,positive
classroom fan need repair,valid,facilities,negative
library layout make studying convenient,valid,library,positive
snack portion size small,valid,canteen,negative
practice exercise beneficial,valid,academics,positive
office handled paperwork efficiently,valid,administration,positive
website work well even slow internet,valid,website,positive
parking area felt overcrowded today,valid,facilities,neutral
library staff maintain order properly,valid,library,positive
food slightly too spicy,valid,canteen,neutral
teacher motivated student effectively,valid,academics,positive
administrative approval delayed,valid,administration,negative
portal dashboard informative,valid,website,positive
restroom facility need better ventilation,valid,facilities,negative
library provides enough reference copy,valid,library,positive
evening snack fresh tasty,valid,canteen,positive
assignment well structured,valid,academics,positive
office staff supportive polite,valid,administration,positive
website performance remains consistent,valid,website,positive
classroom environment feel comfortable,valid,facilities,positive
library seating comfortable long study hour,valid,library,positive
breakfast served late today,valid,canteen,negative
faculty explained concept very clearly,valid,academics,positive
office staff requested additional document unnecessarily,valid,administration,negative
website homepage load quickly,valid,website,positive
classroom desk scratched,valid,facilities,neutral
library maintains proper silence exam,valid,library,positive
snack tasted fresh warm,valid,canteen,positive
assignment relevant syllabus,valid,academics,positive
administrative counter well managed,valid,administration,positive
portal work efficiently without lag,valid,website,positive
washroom soap dispenser empty,valid,facilities,negative
library digital access very convenient,valid,library,positive
lunch felt slightly oily,valid,canteen,neutral
teacher provided helpful revision note,valid,academics,positive
office took time completed process properly,valid,administration,neutral
website interface look clean organized,valid,website,positive
classroom ventilation adequate,valid,facilities,positive
library book issue process smooth,valid,library,positive
tea tasted average afternoon,valid,canteen,neutral
faculty encouraged teamwork activity,valid,academics,positive
administrative staff seemed impatient today,valid,administration,negative
portal update reflected instantly,valid,website,positive
corridor area need better lighting,valid,facilities,neutral
library provides calm learning space,valid,library,positive
food quality improved recently,valid,canteen,positive
practice session clarified important topic,valid,academics,positive
office handled certificate request efficiently,valid,administration,positive
website rarely log unexpectedly,valid,website,positive
lab system require software update,valid,facilities,neutral
library arrangement help quick book search,valid,library,positive
snack too salty today,valid,canteen,negative
teacher provided constructive criticism,valid,academics,positive
administrative process felt lengthy,valid,administration,negative
portal accessible time,valid,website,positive
restroom cleanliness satisfactory today,valid,facilities,positive
library sufficient reference material,valid,library,positive
lunch well cooked tasty,valid,canteen,positive
assignment encouraged deeper understanding,valid,academics,positive
office staff cooperative helpful,valid,administration,positive
website search result load instantly,valid,website,positive
classroom chair feel unstable,valid,facilities,negative
library study cabin peaceful,valid,library,positive
beverage slightly warm,valid,canteen,neutral
teacher explained exam pattern clearly,valid,academics,positive
administrative helpdesk resolved issue quickly,valid,administration,positive
portal dashboard easy access,valid,website,positive
parking space allocation need improvement,valid,facilities,neutral
library staff friendly supportive,valid,library,positive
canteen service efficient today,valid,canteen,positive
faculty provided clear instruction project,valid,academics,positive
office response time slower usual,valid,administration,negative
website run smoothly without glitch,valid,website,positive
classroom board not clearly visible,valid,facilities,neutral
library atmosphere ideal focused study,valid,library,positive
breakfast tasted fresh satisfying,valid,canteen,positive
assignment helped reinforce key concept,valid,academics,positive
administrative staff seemed overwhelmed today,valid,administration,neutral
portal login quick secure,valid,website,positive
washroom tap need repair,valid,facilities,negative
library provides quiet zone study,valid,library,positive
snack quality improved recently,valid,canteen,positive
teacher addressed question thoroughly,valid,academics,positive
office handled request without delay,valid,administration,positive
website layout intuitive simple,valid,website,positive
classroom air circulation feel insufficient,valid,facilities,negative
library resource helpful research,valid,library,positive
lunch menu offered good variety today,valid,canteen,positive
practice assignment boosted confidence,valid,academics,positive
administrative process straightforward,valid,administration,positive
portal rarely experience downtime,valid,website,positive
classroom furniture need replacement,valid,facilities,neutral
library staff maintain discipline effectively,valid,library,positive
tea tasted slightly diluted,valid,canteen,neutral
faculty feedback constructive helpful,valid,academics,positive
office misplaced form initially,valid,administration,negative
website performs well even peak hour,valid,website,positive
restroom hygiene expectation,valid,facilities,negative
library catalog search work accurately,valid,library,positive
food served right temperature,valid,canteen,positive
teacher encouraged participation class,valid,academics,positive
administrative queue moved quickly,valid,administration,positive
portal interface feel modern responsive,valid,website,positive
classroom light too dim,valid,facilities,neutral
library study room well maintained,valid,library,positive
snack tasted slightly stale today,valid,canteen,negative
assignment aligned well exam topic,valid,academics,positive
office staff provided accurate information,valid,administration,positive
website page load consistently fast,valid,website,positive
parking area feel congested morning,valid,facilities,neutral
library provides adequate seating capacity,valid,library,positive
lunch slightly underseasoned,valid,canteen,neutral
teacher clarified complex concept clearly,valid,academics,positive
administrative staff responded professionally,valid,administration,positive
portal update reflected without delay,valid,website,positive
classroom desk unstable,valid,facilities,negative
library environment support effective learning,valid,library,positive
beverage tasted refreshing today,valid,canteen,positive
practice session improved exam preparation,valid,academics,positive
office staff polite efficient,valid,administration,positive
library feel quiet morning,valid,library,positive
shelf look dusty,valid,library,negative
reading space feel okay,valid,library,neutral
found past paper easily,valid,library,positive
book return counter slow,valid,library,negative
library temperature feel normal,valid,library,neutral
staff helped locate journal,valid,library,positive
book missing label,valid,library,negative
study desk feel comfortable,valid,library,positive
noise level feel average,valid,library,neutral
idli tasted soft fresh,valid,canteen,positive
curry felt too salty,valid,canteen,negative
lunch rush feel normal,valid,canteen,neutral
fruit juice refreshing,valid,canteen,positive
roti felt hard,valid,canteen,negative
counter speed feel okay,valid,canteen,neutral
evening snack tasty,valid,canteen,positive
tea tasted watery,valid,canteen,negative
cold drink chilled well,valid,canteen,positive
menu choice feel average,valid,canteen,neutral
faculty explained concept clearly,valid,academics,positive
slide confusing today,valid,academics,negative
class flow feel normal,valid,academics,neutral
extra example helped understanding,valid,academics,positive
homework load feel heavy,valid,academics,negative
daily lesson feel okay,valid,academics,neutral
mock test helped preparation,valid,academics,positive
doubt session ended too fast,valid,academics,negative
practice sheet useful,valid,academics,positive
topic coverage feel average,valid,academics,neutral
office staff guided well,valid,administration,positive
misplaced document,valid,administration,negative
waiting area feel normal,valid,administration,neutral
form got approved quickly,valid,administration,positive
stand queue long,valid,administration,negative
reception feel okay today,valid,administration,neutral
help desk solved issue,valid,administration,positive
response delayed,valid,administration,negative
process felt smooth,valid,administration,positive
office atmosphere feel average,valid,administration,neutral
website load faster,valid,website,positive
login failed,valid,website,negative
portal layout feel okay,valid,website,neutral
profile updated successfully,valid,website,positive
upload option crashed,valid,website,negative
navigation feel normal,valid,website,neutral
dashboard look clean,valid,website,positive
search result took time,valid,website,negative
notification useful,valid,website,positive
font size feel average,valid,website,neutral
classroom feel airy,valid,facilities,positive
chair wobble,valid,facilities,negative
hall temperature feel okay,valid,facilities,neutral
garden area look neat,valid,facilities,positive
washroom floor wet,valid,facilities,negative
parking space feel normal,valid,facilities,neutral
common area clean,valid,facilities,positive
stair railing loose,valid,facilities,negative
study room feel peaceful,valid,facilities,positive
corridor noise feel average,valid,facilities,neutral
found textbook quickly,valid,library,positive
page torn,valid,library,negative
reading light feel okay,valid,library,neutral
library staff polite,valid,library,positive
issue counter slow,valid,library,negative
library crowd feel normal,valid,library,neutral
masala chai tasted good,valid,canteen,positive
rice felt undercooked,valid,canteen,negative
breakfast feel average,valid,canteen,neutral
noodle flavorful,valid,canteen,positive
snack tasted stale,valid,canteen,negative
juice counter feel okay,valid,canteen,neutral
practice paper cleared doubt,valid,academics,positive
recorded lecture glitch,valid,academics,negative
group discussion feel normal,valid,academics,neutral
weekly quiz helped revision,valid,academics,positive
assignment instruction unclear,valid,academics,negative
study pace feel okay,valid,academics,neutral
processed request fast,valid,administration,positive
office opened late today,valid,administration,negative
help desk feel busy,valid,administration,neutral
reception guided properly,valid,administration,positive
reply came very late,valid,administration,negative
office timing feel okay,valid,administration,neutral
fee receipt downloaded smoothly,valid,website,positive
password reset failed,valid,website,negative
portal speed feel average,valid,website,neutral
website layout look clean,valid,website,positive
page loading slow today,valid,website,negative
button size feel okay,valid,website,neutral
class board look neat,valid,facilities,positive
washroom smell bad,valid,facilities,negative
lab feel normal today,valid,facilities,neutral
campus path look tidy,valid,facilities,positive
plug point dead,valid,facilities,negative
seating feel okay,valid,facilities,neutral
library feel peaceful,valid,library,positive
tea tasted weak,valid,canteen,negative
extra class helped revision,valid,academics,positive
office staff looked tired,valid,administration,neutral
website navigation feel smooth,valid,website,positive
login took too long,valid,website,negative
portal design feel average,valid,website,neutral
dashboard stats loaded fast,valid,website,positive
upload failed twice,valid,website,negative
menu spacing feel okay,valid,website,neutral
profile detail saved,valid,website,positive
search bar lagged today,valid,website,negative
alert showing properly,valid,website,positive
color theme feel normal,valid,website,neutra
classroom light bright,valid,facilities,positive
ac not cooling enough,valid,facilities,negative
lab noise feel average,valid,facilities,neutral
garden bench look clean,valid,facilities,positive
water dispenser empty,valid,facilities,negative
parking flow feel okay,valid,facilities,neutral
study hall smell fresh,valid,facilities,positive
door handle broken,valid,facilities,negative
common area feel calm,valid,facilities,positive
entrance crowd feel average,valid,facilities,neutral
found reference book easily,valid,library,positive
shelf overcrowded,valid,library,negative
reading silence feel okay,valid,library,neutral
library computer work fine,valid,library,positive
printer ran ink,valid,library,negative
desk spacing feel normal,valid,library,neutral
study table comfortable,valid,library,positive
barcode scanner slow today,valid,library,negative
quiet zone help focus,valid,library,positive
library temperature feel average,valid,library,neutral
veg cutlet tasted nice,valid,canteen,positive
tea cold,valid,canteen,negative
lunch crowd feel okay,valid,canteen,neutral
pasta well cooked,valid,canteen,positive
gravy tasted bland,valid,canteen,negative
tray return feel normal,valid,canteen,neutral
fresh fruit served,valid,canteen,positive
spoon missing,valid,canteen,negative
coffee aroma good,valid,canteen,positive
dining noise feel average,valid,canteen,neutral
extra note helped revision,valid,academics,positive
lecture slide unclear,valid,academics,negative
class pace feel okay,valid,academics,neutral
practice session cleared doubt,valid,academics,positive
too many assignment week,valid,academics,negative
daily lesson feel normal,valid,academics,neutral
faculty answered question well,valid,academics,positive
online test crashed,valid,academics,negative
mock exam boosted confidence,valid,academics,positive
syllabus progress feel average,valid,academics,neutral
reception handled request fast,valid,administration,positive
token number skipped,valid,administration,negative
waiting hall feel okay,valid,administration,neutral
staff explained rule clearly,valid,administration,positive
form approval delayed,valid,administration,negative
office seating feel normal,valid,administration,neutral
help desk resolved issue,valid,administration,positive
document misplaced,valid,administration,negative
process went smoothly today,valid,administration,positive
office mood feel average,valid,administration,neutral
website report generated quickly,valid,website,positive
session expired suddenly,valid,website,negative
scroll speed feel okay,valid,website,neutral
homepage layout look clean,valid,website,positive
attachment wouldnt open,valid,website,negative
sidebar spacing feel normal,valid,website,neutral
history tab useful,valid,website,positive
auto logout happened,valid,website,negative
profile alert helpful,valid,website,positive
text size feel average,valid,website,neutral
lab equipment arranged well,valid,facilities,positive
ceiling paint peeling,valid,facilities,negative
workshop noise feel normal,valid,facilities,neutral
outdoor seating look neat,valid,facilities,positive
drain smell near block,valid,facilities,negative
walkway width feel okay,valid,facilities,neutral
notice board updated,valid,facilities,positive
emergency light broken,valid,facilities,negative
study hall feel peaceful,valid,facilities,positive
campus crowd feel average,valid,facilities,neutral
found archive quickly,valid,library,positive
cd scratched,valid,library,negative
library layout feel okay,valid,library,neutral
staff arranged book neatly,valid,library,positive
issue slip missing,valid,library,negative
desk height feel normal,valid,library,neutral
veg pulao tasted good,valid,canteen,positive
gravy watery,valid,canteen,negative
lunch seating feel average,valid,canteen,neutral
ice cream creamy,valid,canteen,positive
chutney tasted sour,valid,canteen,negative
tray counter feel okay,valid,canteen,neutral
weekly recap helped revision,valid,academics,positive
recorded lecture missing slide,valid,academics,negative
group study feel normal,valid,academics,neutral
faculty feedback useful,valid,academics,positive
project guideline unclear,valid,academics,negative
study load feel okay,valid,academics,neutral
request closed successfully,valid,administration,positive
office phone not reachable,valid,administration,negative
help counter feel calmer today,valid,administration,positive
staff took too long respond,valid,administration,negative
waiting area feel average,valid,administration,neutral
guided step step,valid,administration,positive
file misplaced,valid,administration,negative
office environment feel okay,valid,administration,neutral
request got approved quickly,valid,administration,positive
counter closed early,valid,administration,negative
process felt smooth overall,valid,administration,positive
office crowd feel normal,valid,administration,neutral
dashboard load much faster,valid,website,positive
login keep timing,valid,website,negative
portal look feel average,valid,website,neutral
profile page saved change,valid,website,positive
verification mail delayed,valid,website,negative
navigation feel okay,valid,website,neutral
download worked without issue,valid,website,positive
search result slow today,valid,website,negative
notification panel useful,valid,website,positive
font style feel normal,valid,website,neutral
classroom feel bright today,valid,facilities,positive
ceiling fan rattling,valid,facilities,negative
hall temperature feel average,valid,facilities,neutral
garden area look refreshing,valid,facilities,positive
water cooler not cooling,valid,facilities,negative
parking space feel okay,valid,facilities,neutral
common room look neat,valid,facilities,positive
washroom lock broken,valid,facilities,negative
study corner feel quiet,valid,facilities,positive
entrance space feel normal,valid,facilities,neutral
found required book quickly,valid,library,positive
rack feel overcrowded,valid,library,negative
reading area feel average,valid,library,neutral
library staff helped patiently,valid,library,positive
book scanner wasnt working,valid,library,negative
desk spacing feel okay,valid,library,neutral
reference section helpful,valid,library,positive
ac too cold near corner,valid,library,negative
quiet zone help study,valid,library,positive
library crowd feel normal,valid,library,neutral
upma tasted fresh,valid,canteen,positive
coffee felt bitter,valid,canteen,negative
breakfast rush feel average,valid,canteen,neutral
noodle nicely cooked,valid,canteen,positive
sauce tasted strange,valid,canteen,negative
serving speed feel okay,valid,canteen,neutral
fruit cup fresh,valid,canteen,positive
paper plate missing,valid,canteen,negative
milkshake tasted good,valid,canteen,positive
dining space feel normal,valid,canteen,neutral
extra worksheet useful,valid,academics,positive
slide hard read,valid,academics,negative
class engagement feel average,valid,academics,neutral
practice problem helped lot,valid,academics,positive
assignment deadline too tight,valid,academics,negative
lesson pace feel okay,valid,academics,neutral
faculty explained doubt clearly,valid,academics,positive
online quiz didnt submit,valid,academics,negative
mock paper improved confidence,valid,academics,positive
syllabus coverage feel normal,valid,academics,neutral
reception staff polite,valid,administration,positive
approval took longer expected,valid,administration,negative
help desk feel average,valid,administration,neutral
clarified query,valid,administration,positive
token system confusing today,valid,administration,negative
office seating feel okay,valid,administration,neutral
request handled smoothly,valid,administration,positive
document misplaced,valid,administration,negative
process finished quickly,valid,administration,positive
office noise feel average,valid,administration,neutral
website homepage load fast,valid,website,positive
session expired suddenly,valid,website,negative
portal scrolling feel normal,valid,website,neutral
report download worked fine,valid,website,positive
attachment upload failed,valid,website,negative
sidebar layout feel okay,valid,website,neutral
profile alert helpful,valid,website,positive
auto logout happened,valid,website,negative
dashboard look clean,valid,website,positive
button size feel average,valid,website,neutral
lab bench look clean,valid,facilities,positive
switchboard sparked,valid,facilities,negative
workshop feel normal,valid,facilities,neutral
outdoor chair arranged well,valid,facilities,positive
drain smell near entrance,valid,facilities,negative
walkway feel okay,valid,facilities,neutral
notice board updated today,valid,facilities,positive
emergency exit blocked,valid,facilities,negative
reading hall feel peaceful,valid,facilities,positive
campus movement feel average,valid,facilities,neutral
found journal easily,valid,library,positive
book torn page,valid,library,negative
library lighting feel normal,valid,library,neutral
staff guided nicely,valid,library,positive
issue counter slow,valid,library,negative
table height feel okay,valid,library,neutral
paneer roll tasted nice,valid,canteen,positive
tea felt too light,valid,canteen,negative
lunch queue feel average,valid,canteen,neutral
fruit juice refreshing,valid,canteen,positive
samosa crispy hot,valid,canteen,positive
rice felt half cooked,valid,canteen,negative
snack counter feel average,valid,canteen,neutral
cold coffee tasted great,valid,canteen,positive
gravy too thin,valid,canteen,negative
table cleaning feel okay,valid,canteen,neutral
fruit chaat fresh,valid,canteen,positive
paper cup ran,valid,canteen,negative
evening tea tasted nice,valid,canteen,positive
dining area feel normal,valid,canteen,neutral
library feel peaceful today,valid,library,positive
shelf dusty,valid,library,negative
reading light feel average,valid,library,neutral
found reference book quickly,valid,library,positive
book scanner slow,valid,library,negative
desk spacing feel okay,valid,library,neutral
staff helped locate material,valid,library,positive
ac too cold near window,valid,library,negative
quiet corner help focus,valid,library,positive
library crowd feel normal,valid,library,neutral
faculty shared useful example,valid,academics,positive
slide hard follow,valid,academics,negative
class engagement feel average,valid,academics,neutral
tutorial session cleared doubt,valid,academics,positive
homework load feel heavy,valid,academics,negative
lesson pace feel okay,valid,academics,neutral
mock test helped revision,valid,academics,positive
recorded lecture glitch,valid,academics,negative
practice question improved confidence,valid,academics,positive
syllabus coverage feel normal,valid,academics,neutral
office staff guided properly,valid,administration,positive
misplaced file,valid,administration,negative
waiting area feel average,valid,administration,neutral
form approval quick,valid,administration,positive
wait too long,valid,administration,negative
reception feel okay today,valid,administration,neutral
help desk solved issue,valid,administration,positive
response delayed,valid,administration,negative
process went smoothly,valid,administration,positive
office noise feel normal,valid,administration,neutral
website load faster,valid,website,positive
login failed,valid,website,negative
portal layout feel average,valid,website,neutral
profile saved successfully,valid,website,positive
upload option crashed,valid,website,negative
navigation feel okay,valid,website,neutral
dashboard look neat,valid,website,positive
search took too long,valid,website,negative
notification helpful,valid,website,positive
font clarity feel normal,valid,website,neutral
classroom feel airy today,valid,facilities,positive
desk wobble,valid,facilities,negative
hall temperature feel average,valid,facilities,neutral
garden look well maintained,valid,facilities,positive
washroom tap leaking,valid,facilities,negative
parking feel okay,valid,facilities,neutral
common space look clean,valid,facilities,positive
stair railing loose,valid,facilities,negative
study room feel calm,valid,facilities,positive
corridor noise feel normal,valid,facilities,neutral
found textbook easily today,valid,library,positive
page missing,valid,library,negative
reading table feel average,valid,library,neutral
library staff friendly,valid,library,positive
issue counter slow,valid,library,negative
library temperature feel okay,valid,library,neutral
masala dosa tasted good,valid,canteen,positive
coffee tasted burnt,valid,canteen,negative
breakfast crowd feel normal,valid,canteen,neutral
fried rice flavorful,valid,canteen,positive
snack tasted stale,valid,canteen,negative
juice counter feel okay,valid,canteen,neutral
practice paper cleared doubt,valid,academics,positive
recorded class missing audio,valid,academics,negative
group study feel average,valid,academics,neutral
weekly quiz helped revision,valid,academics,positive
assignment instruction unclear,valid,academics,negative
study pace feel okay,valid,academics,neutral
processed request fast,valid,administration,positive
office opened late today,valid,administration,negative
help desk feel busy,valid,administration,neutral
reception guided properly,valid,administration,positive
reply came very late,valid,administration,negative
office timing feel okay,valid,administration,neutral
fee receipt downloaded smoothly,valid,website,positive
password reset failed,valid,website,negative
portal speed feel average,valid,website,neutral
website layout look clean,valid,website,positive
page loading slow today,valid,website,negative
button size feel okay,valid,website,neutral
class board look neat,valid,facilities,positive
washroom smell bad,valid,facilities,negative
lab feel normal today,valid,facilities,neutral
campus path look tidy,valid,facilities,positive
plug point dead,valid,facilities,negative
seating feel okay,valid,facilities,neutral
library feel peaceful,valid,library,positive
tea tasted weak,valid,canteen,negative
extra class helped revision,valid,academics,positive
office staff looked tired,valid,administration,neutral
library feel calm evening,valid,library,positive
book bent cover,valid,library,negative
reading space feel average,valid,library,neutral
found old question paper easily,valid,library,positive
book issuing took longer today,valid,library,negative
library temperature feel okay,valid,library,neutral
staff helped find reference,valid,library,positive
shelf look cluttered,valid,library,negative
study desk feel comfortable,valid,library,positive
noise level feel normal,valid,library,neutral
vegetable puff tasted fresh,valid,canteen,positive
tea too light,valid,canteen,negative
lunch crowd feel average,valid,canteen,neutral
pasta nicely cooked,valid,canteen,positive
dal tasted bland,valid,canteen,negative
serving speed feel okay,valid,canteen,neutral
evening snack crunchy,valid,canteen,positive
rice felt dry,valid,canteen,negative
cold coffee refreshing,valid,canteen,positive
menu variety feel normal,valid,canteen,neutral
faculty explained problem clearly,valid,academics,positive
slide confusing today,valid,academics,negative
class pace feel average,valid,academics,neutral
extra worksheet helped practice,valid,academics,positive
homework load feel heavy,valid,academics,negative
daily lesson feel okay,valid,academics,neutral
mock exam boosted confidence,valid,academics,positive
doubt session felt rushed,valid,academics,negative
practice paper useful,valid,academics,positive
topic coverage feel normal,valid,academics,neutral
office staff guided well,valid,administration,positive
misplaced form,valid,administration,negative
waiting area feel average,valid,administration,neutral
form approval quick,valid,administration,positive
stand line long,valid,administration,negative
reception feel okay today,valid,administration,neutral
help desk solved issue,valid,administration,positive
response delayed,valid,administration,negative
process felt smooth,valid,administration,positive
office atmosphere feel normal,valid,administration,neutral
website load faster,valid,website,positive
login failed,valid,website,negative
portal layout feel average,valid,website,neutral
profile updated successfully,valid,website,positive
upload option crashed,valid,website,negative
navigation feel okay,valid,website,neutral
dashboard look clean,valid,website,positive
search took too long,valid,website,negative
notification useful,valid,website,positive
font size feel normal,valid,website,neutral
classroom feel airy today,valid,facilities,positive
chair wobble,valid,facilities,negative
hall temperature feel average,valid,facilities,neutral
garden area look neat,valid,facilities,positive
washroom floor wet,valid,facilities,negative
parking space feel okay,valid,facilities,neutral
common area clean,valid,facilities,positive
stair railing loose,valid,facilities,negative
study room feel peaceful,valid,facilities,positive
corridor noise feel normal,valid,facilities,neutral
found textbook quickly,valid,library,positive
page torn,valid,library,negative
reading light feel okay,valid,library,neutral
library staff polite,valid,library,positive
issue counter slow,valid,library,negative
library crowd feel normal,valid,library,neutral
masala chai tasted good,valid,canteen,positive
rice felt undercooked,valid,canteen,negative
breakfast feel average,valid,canteen,neutral
noodle flavorful,valid,canteen,positive
snack tasted stale,valid,canteen,negative
juice counter feel okay,valid,canteen,neutral
practice paper cleared doubt,valid,academics,positive
recorded lecture glitch,valid,academics,negative
group discussion feel normal,valid,academics,neutral
weekly quiz helped revision,valid,academics,positive
assignment instruction unclear,valid,academics,negative
study pace feel okay,valid,academics,neutral
processed request fast,valid,administration,positive
office opened late today,valid,administration,negative
help desk feel busy,valid,administration,neutral
reception guided properly,valid,administration,positive
reply came very late,valid,administration,negative
office timing feel okay,valid,administration,neutral
fee receipt downloaded smoothly,valid,website,positive
password reset failed,valid,website,negative
portal speed feel average,valid,website,neutral
website layout look clean,valid,website,positive
page loading slow today,valid,website,negative
button size feel okay,valid,website,neutral
class board look neat,valid,facilities,positive
washroom smell bad,valid,facilities,negative
lab feel normal today,valid,facilities,neutral
campus path look tidy,valid,facilities,positive
plug point dead,valid,facilities,negative
seating feel okay,valid,facilities,neutral
library feel peaceful,valid,library,positive
tea tasted weak,valid,canteen,negative
extra class helped revision,valid,academics,positive
office staff looked tired,valid,administration,neutral
portal homepage loaded quickly,valid,website,positive
upload page froze,valid,website,negative
navigation feel average,valid,website,neutral
payment confirmation arrived,valid,website,positive
captcha keep looping,valid,website,negative
menu layout feel okay,valid,website,neutral
classroom window let fresh air,valid,facilities,positive
projector cable missing,valid,facilities,negative
hall space feel normal,valid,facilities,neutral
garden bench look clean,valid,facilities,positive
washroom mirror broken,valid,facilities,negative
parking area feel okay,valid,facilities,neutral
reference book helpful,valid,library,positive
magazine outdated,valid,library,negative
reading silence feel normal,valid,library,neutral
staff issued book quickly,valid,library,positive
barcode scanner failed,valid,library,negative
study cubicle feel okay,valid,library,neutral
breakfast dosa crispy,valid,canteen,positive
sambar lacked salt,valid,canteen,negative
queue length feel average,valid,canteen,neutral
fresh fruit bowl nice,valid,canteen,positive
milk tasted sour,valid,canteen,negative
counter service feel okay,valid,canteen,neutral
lecturer explained formula well,valid,academics,positive
online class lagged,valid,academics,negative
lesson pace feel average,valid,academics,neutral
extra note useful,valid,academics,positive
test syllabus unclear,valid,academics,negative
daily study feel okay,valid,academics,neutral
clerk handled paper fast,valid,administration,positive
file tracking failed,valid,administration,negative
waiting time feel normal,valid,administration,neutral
office guided politely,valid,administration,positive
token display not working,valid,administration,negative
reception feel okay,valid,administration,neutral
website search worked fine,valid,website,positive
page crashed upload,valid,website,negative
dashboard feel average,valid,website,neutral
profile saved successfully,valid,website,positive
otp arrived late,valid,website,negative
font size feel okay,valid,website,neutral
class fan working well,valid,facilities,positive
desk scratched,valid,facilities,negative
room lighting feel normal,valid,facilities,neutral
campus lawn look fresh,valid,facilities,positive
water cooler leaking,valid,facilities,negative
common space feel okay,valid,facilities,neutral
found journal article easily,valid,library,positive
book binding loose,valid,library,negative
reading area feel average,valid,library,neutral
library staff assisted well,valid,library,positive
system login slow,valid,library,negative
quiet zone feel okay,valid,library,neutral
idli tasted soft,valid,canteen,positive
gravy watery,valid,canteen,negative
lunch rush feel normal,valid,canteen,neutral
fresh lemonade good,valid,canteen,positive
roti felt cold,valid,canteen,negative
seating arrangement feel okay,valid,canteen,neutral
practice session improved clarity,valid,academics,positive
video lecture buffered,valid,academics,negative
revision pace feel average,valid,academics,neutral
sample paper helped,valid,academics,positive
exam notice unclear,valid,academics,negative
course flow feel okay,valid,academics,neutral
office resolved query quickly,valid,administration,positive
printer ran ink,valid,administration,negative
counter traffic feel average,valid,administration,neutral
receptionist guided well,valid,administration,positive
email reply delayed,valid,administration,negative
office vibe feel okay,valid,administration,neutral
fee status updated online,valid,website,positive
payment gateway error,valid,website,negative
portal design feel normal,valid,website,neutral
document uploaded fine,valid,website,positive
session timed,valid,website,negative
scroll speed feel okay,valid,website,neutral
classroom smell fresh,valid,facilities,positive
door hinge noisy,valid,facilities,negative
lab layout feel average,valid,facilities,neutral
garden walkway clean,valid,facilities,positive
power socket loose,valid,facilities,negative
rest area feel okay,valid,facilities,neutral
library computer working,valid,library,positive
chair broken,valid,library,negative
study ambience feel normal,valid,library,neutral
staff helped citation,valid,library,positive
book return queue long,valid,library,negative
reading desk feel okay,valid,library,neutral
poha tasted fresh,valid,canteen,positive
curry lacked flavor,valid,canteen,negative
dinner crowd feel average,valid,canteen,neutral
chocolate milk nice,valid,canteen,positive
samosa oily,valid,canteen,negative
tray counter feel okay,valid,canteen,neutral
faculty answered question,valid,academics,positive
zoom audio cracked,valid,academics,negative
class engagement feel normal,valid,academics,neutral
revision class helped lot,valid,academics,positive
office staff handled query well,valid,administration,positive
form submission failed,valid,administration,negative
waiting line feel average,valid,administration,neutral
help desk guided clearly,valid,administration,positive
token system not working,valid,administration,negative
office environment feel okay,valid,administration,neutral
website opened without lag,valid,website,positive
upload button unresponsive,valid,website,negative
dashboard layout feel normal,valid,website,neutral
profile change saved,valid,website,positive
verification email delayed,valid,website,negative
menu icon look okay,valid,website,neutral
classroom lighting improved,valid,facilities,positive
broken switch near board,valid,facilities,negative
hall airflow feel average,valid,facilities,neutral
campus garden look fresh,valid,facilities,positive
drinking water warm,valid,facilities,negative
restroom feel okay,valid,facilities,neutral
found required journal fast,valid,library,positive
shelf dusty,valid,library,negative
reading space feel normal,valid,library,neutral
library assistant helped,valid,library,positive
book return counter slow,valid,library,negative
study table feel okay,valid,library,neutral
upma tasted fresh,valid,canteen,positive
tea tasted flat,valid,canteen,negative
lunch seating feel average,valid,canteen,neutral
fruit juice refreshing,valid,canteen,positive
rice overcooked,valid,canteen,negative
serving speed feel okay,valid,canteen,neutral
concept explanation clear,valid,academics,positive
slide unreadable,valid,academics,negative
class interaction feel normal,valid,academics,neutral
extra example helped learning,valid,academics,positive
test date confusing,valid,academics,negative
homework load feel okay,valid,academics,neutral
counter staff polite,valid,administration,positive
document misplaced,valid,administration,negative
office crowd feel average,valid,administration,neutral
resolved issue fast,valid,administration,positive
system outage delayed work,valid,administration,negative
office timing feel okay,valid,administration,neutral
website search returned result,valid,website,positive
payment page crashed,valid,website,negative
portal color feel normal,valid,website,neutral
notification arrived time,valid,website,positive
page redirect failed,valid,website,negative
text spacing feel okay,valid,website,neutral
class bench look clean,valid,facilities,positive
ceiling fan noisy,valid,facilities,negative
lab temperature feel average,valid,facilities,neutral
campus lighting improved,valid,facilities,positive
power cut class,valid,facilities,negative
walkway feel okay,valid,facilities,neutral
library catalog easy use,valid,library,positive
book outdated,valid,library,negative
quiet zone feel normal,valid,library,neutral
staff helped locate thesis,valid,library,positive
computer froze,valid,library,negative
reading chair feel okay,valid,library,neutral
pongal tasted good,valid,canteen,positive
curry too spicy,valid,canteen,negative
dinner rush feel average,valid,canteen,neutral
cold coffee nice,valid,canteen,positive
bread felt stale,valid,canteen,negative
tray return feel okay,valid,canteen,neutral
practice quiz improved confidence,valid,academics,positive
recorded class missing audio,valid,academics,negative
study routine feel normal,valid,academics,neutral
revision note helpful,valid,academics,positive
exam instruction unclear,valid,academics,negative
syllabus pace feel okay,valid,academics,neutral
office approved form quickly,valid,administration,positive
help desk closed early,valid,administration,negative
queue movement feel average,valid,administration,neutral
staff explained process well,valid,administration,positive
reply email bounced,valid,administration,negative
office mood feel okay,valid,administration,neutral
website opened smoothly,valid,website,positive
otp verification failed,valid,website,negative
portal layout feel normal,valid,website,neutral
profile picture updated,valid,website,positive
page loading slow,valid,website,negative
button size feel okay,valid,website,neutral
classroom feel bright,valid,facilities,positive
door lock broken,valid,facilities,negative
library ac feel average,valid,facilities,neutral
campus greenery look good,valid,facilities,positive
water tap leaking,valid,facilities,negative
seating feel okay,valid,facilities,neutral
library help desk responsive,valid,library,positive
magazine rack messy,valid,library,negative
study silence feel normal,valid,library,neutral
found ebooks easily,valid,library,positive
printer jammed,valid,library,negative
reading pod feel okay,valid,library,neutral
vegetable roll tasted nice,valid,canteen,positive
paneer felt rubbery,valid,canteen,negative
snack queue feel average,valid,canteen,neutral
mango shake refreshing,valid,canteen,positive
office staff clarified doubt,valid,administration,positive
form upload failed twice,valid,administration,negative
waiting chair feel average,valid,administration,neutral
help counter guided properly,valid,administration,positive
system login slow,valid,administration,negative
office space feel okay,valid,administration,neutral
website dashboard loaded fast,valid,website,positive
submit button not responding,valid,website,negative
portal color feel average,valid,website,neutral
receipt downloaded successfully,valid,website,positive
session expired suddenly,valid,website,negative
navigation bar feel okay,valid,website,neutral
classroom window open smoothly,valid,facilities,positive
projector screen stained,valid,facilities,negative
lab spacing feel normal,valid,facilities,neutral
campus bench look neat,valid,facilities,positive
washroom hand dryer broken,valid,facilities,negative
hallway feel okay,valid,facilities,neutral
library reference section helpful,valid,library,positive
book label missing,valid,library,negative
reading cubicle feel average,valid,library,neutral
librarian guided well,valid,library,positive
issue desk crowded,valid,library,negative
study table feel okay,valid,library,neutral
vegetable paratha tasted good,valid,canteen,positive
curd tasted sour,valid,canteen,negative
lunch queue feel average,valid,canteen,neutral
fresh coconut water nice,valid,canteen,positive
gravy too watery,valid,canteen,negative
counter service feel okay,valid,canteen,neutral
teacher solved extra problem,valid,academics,positive
online note missing page,valid,academics,negative
class participation feel normal,valid,academics,neutral
practice worksheet helped,valid,academics,positive
test pattern unclear,valid,academics,negative
learning pace feel okay,valid,academics,neutral
admin staff processed request,valid,administration,positive
token machine not working,valid,administration,negative
office traffic feel average,valid,administration,neutral
reception answered politely,valid,administration,positive
file movement delayed,valid,administration,negative
office ambience feel okay,valid,administration,neutral
website search fast today,valid,website,positive
attachment upload failed,valid,website,negative
portal spacing feel normal,valid,website,neutral
alert message helpful,valid,website,positive
page refresh slow,valid,website,negative
text alignment feel okay,valid,website,neutral
class board cleaned,valid,facilities,positive
extension wire missing,valid,facilities,negative
room airflow feel average,valid,facilities,neutral
campus entrance look neat,valid,facilities,positive
elevator stuck briefly,valid,facilities,negative
waiting zone feel okay,valid,facilities,neutral
library wifi working,valid,library,positive
book misplaced,valid,library,negative
reading ambience feel normal,valid,library,neutral
staff helped catalog,valid,library,positive
scanner not detecting code,valid,library,negative
study chair feel okay,valid,library,neutral
uttapam tasted fresh,valid,canteen,positive
soup too salty,valid,canteen,negative
dinner crowd feel average,valid,canteen,neutral
fresh lime soda good,valid,canteen,positive
rice portion small,valid,canteen,negative
serving counter feel okay,valid,canteen,neutral
faculty gave clear example,valid,academics,positive
recorded class froze,valid,academics,negative
study flow feel normal,valid,academics,neutral
revision worksheet useful,valid,academics,positive
assignment deadline confusing,valid,academics,negative
topic coverage feel okay,valid,academics,neutral
office accepted document fast,valid,administration,positive
help desk understaffed,valid,administration,negative
queue time feel average,valid,administration,neutral
staff explained step clearly,valid,administration,positive
approval email delayed,valid,administration,negative
office setup feel okay,valid,administration,neutral
website page open smoothly,valid,website,positive
login captcha failed,valid,website,negative
portal layout feel normal,valid,website,neutral
download link worked,valid,website,positive
search filter buggy,valid,website,negative
icon size feel okay,valid,website,neutral
classroom look organized,valid,facilities,positive
loose tile near entrance,valid,facilities,negative
library ac feel average,valid,facilities,neutral
campus plant look healthy,valid,facilities,positive
water pressure low,valid,facilities,negative
rest bench feel okay,valid,facilities,neutral
library desk answered query,valid,library,positive
newspaper missing today,valid,library,negative
study noise feel normal,valid,library,neutral
found reference material fast,valid,library,positive
pc rebooted suddenly,valid,library,negative
reading corner feel okay,valid,library,neutral
paneer roll tasted good,valid,canteen,positive
milkshake watery,valid,canteen,negative
snack counter feel average,valid,canteen,neutral
strawberry juice refreshing,valid,canteen,positive
bread omelette tasted fresh,valid,canteen,positive
idli felt cold,valid,canteen,negative
morning rush feel normal,valid,canteen,neutral
chocolate milkshake nice,valid,canteen,positive
vegetable curry lacked salt,valid,canteen,negative
seating arrangement feel okay,valid,canteen,neutral
faculty explained formula well,valid,academics,positive
presentation slide unclear,valid,academics,negative
class interaction feel average,valid,academics,neutral
practice problem helped lot,valid,academics,positive
quiz instruction confusing,valid,academics,negative
course flow feel okay,valid,academics,neutral
admin staff handled form quickly,valid,administration,positive
office computer,valid,administration,negative
waiting line feel average,valid,administration,neutral
reception explained process clearly,valid,administration,positive
file approval got delayed,valid,administration,negative
office environment feel okay,valid,administration,neutral
website login worked smoothly,valid,website,positive
otp didnt arrive,valid,website,negative
dashboard spacing feel normal,valid,website,neutral
payment page loaded fast,valid,website,positive
upload button froze,valid,website,negative
font clarity feel okay,valid,website,neutral
classroom ventilation good,valid,facilities,positive
ceiling fan making noise,valid,facilities,negative
lab crowd feel average,valid,facilities,neutral
garden seating look nice,valid,facilities,positive
washroom mirror cracked,valid,facilities,negative
walking path feel okay,valid,facilities,neutral
library shelf organized well,valid,library,positive
book missing page,valid,library,negative
study silence feel normal,valid,library,neutral
librarian helped locate journal,valid,library,positive
computer system slow,valid,library,negative
reading desk feel okay,valid,library,neutral
vegetable biryani tasted great,valid,canteen,positive
sambar too watery,valid,canteen,negative
lunch seating feel average,valid,canteen,neutral
fresh fruit cup nice,valid,canteen,positive
chapati felt dry,valid,canteen,negative
service counter feel okay,valid,canteen,neutral
extra example clarified topic,valid,academics,positive
online class audio broke,valid,academics,negative
lesson pace feel normal,valid,academics,neutral
weekly test improved confidence,valid,academics,positive
note uploaded late,valid,academics,negative
syllabus coverage feel okay,valid,academics,neutra
office staff cooperative,valid,administration,positive
reception printer not working,valid,administration,negative
token queue feel average,valid,administration,neutral
help desk solved issue quickly,valid,administration,positive
email reply delayed,valid,administration,negative
office seating feel okay,valid,administration,neutral
portal opened without lag,valid,website,positive
search bar not responding,valid,website,negative
page alignment feel normal,valid,website,neutral
download section work fine,valid,website,positive
server timeout occurred,valid,website,negative
button size feel okay,valid,website,neutral
class bench cleaned,valid,facilities,positive
water cooler stopped working,valid,facilities,negative
hall temperature feel average,valid,facilities,neutral
campus lighting look good,valid,facilities,positive
door hinge broken,valid,facilities,negative
rest area feel okay,valid,facilities,neutral
found textbook easily,valid,library,positive
issue desk understaffed,valid,library,negative
reading environment feel normal,valid,library,neutral
staff answered politely,valid,library,positive
barcode scan failed,valid,library,negative
study cubicle feel okay,valid,library,neutral
pav bhaji tasted nice,valid,canteen,positive
juice tasted diluted,valid,canteen,negative
evening crowd feel average,valid,canteen,neutral
ice cream scoop fresh,valid,canteen,positive
snack felt oily,valid,canteen,negative
tray return area feel okay,valid,canteen,neutral
teacher revised important point,valid,academics,positive
recorded video lagged,valid,academics,negative
class timing feel normal,valid,academics,neutral
practice quiz helped revision,valid,academics,positive
project guideline unclear,valid,academics,negative
assignment load feel okay,valid,academics,neutral
office processed paper quickly,valid,administration,positive
counter closed early,valid,administration,negative
waiting hall feel average,valid,administration,neutral
staff explained document clearly,valid,administration,positive
request tracking failed,valid,administration,negative
office vibe feel okay,valid,administration,neutral
website refresh quick,valid,website,positive
captcha kept looping,valid,website,negative
portal design feel normal,valid,website,neutral
profile saved correctly,valid,website,positive
file preview not loading,valid,website,negative
text contrast feel okay,valid,website,neutral
classroom feel spacious,valid,facilities,positive
loose switch near door,valid,facilities,negative
lab noise feel average,valid,facilities,neutral
garden pathway look clean,valid,facilities,positive
library feel quiet today,valid,library,positive
magazine missing page,valid,library,negative
reading space feel average,valid,library,neutral
found reference book quickly,valid,library,positive
issue counter slow,valid,library,negative
study table feel okay,valid,library,neutral
vegetable sandwich tasted good,valid,canteen,positive
tea felt too watery,valid,canteen,negative
lunch rush feel normal,valid,canteen,neutral
fresh juice nice,valid,canteen,positive
rice tasted dry,valid,canteen,negative
seating area feel okay,valid,canteen,neutral
faculty cleared doubt,valid,academics,positive
slide uploaded late,valid,academics,negative
class speed feel average,valid,academics,neutral
practice sheet helpful,valid,academics,positive
test instruction confusing,valid,academics,negative
lesson flow feel okay,valid,academics,neutral
office staff handled request,valid,administration,positive
reception printer not working,valid,administration,negative
waiting line feel normal,valid,administration,neutral
help desk explained process,valid,administration,positive
approval email delayed,valid,administration,negative
office seating feel okay,valid,administration,neutral
website opened smoothly,valid,website,positive
login failed,valid,website,negative
dashboard layout feel average,valid,website,neutral
download button worked fine,valid,website,positive
upload page froze,valid,website,negative
font size feel okay,valid,website,neutral
classroom light bright,valid,facilities,positive
ceiling fan rattling,valid,facilities,negative
hall temperature feel normal,valid,facilities,neutral
garden bench look clean,valid,facilities,positive
washroom door stuck,valid,facilities,negative
walking area feel okay,valid,facilities,neutral
library staff helped nicely,valid,library,positive
shelf dusty,valid,library,negative
study ambience feel normal,valid,library,neutral
found journal article easily,valid,library,positive
computer froze briefly,valid,library,negative
reading chair feel okay,valid,library,neutral
pasta tasted great,valid,canteen,positive
soup too salty,valid,canteen,negative
dinner crowd feel average,valid,canteen,neutral
fresh lemonade refreshing,valid,canteen,positive
bread felt stale,valid,canteen,negative
tray counter feel okay,valid,canteen,neutral
teacher revised key topic,valid,academics,positive
recorded lecture lagged,valid,academics,negative
class participation feel normal,valid,academics,neutral
weekly quiz helped learning,valid,academics,positive
assignment guideline unclear,valid,academics,negative
course pace feel okay,valid,academics,neutral
office processed paper fast,valid,administration,positive
counter opened late,valid,administration,negative
reception feel average,valid,administration,neutral
staff explained document clearly,valid,administration,positive
form tracking failed,valid,administration,negative
office atmosphere feel okay,valid,administration,neutral
portal load quickly,valid,website,positive
search filter buggy,valid,website,negative
page layout feel normal,valid,website,neutral
profile updated successfully,valid,website,positive
otp arrived late,valid,website,negative
icon size feel okay,valid,website,neutral
class bench look clean,valid,facilities,positive
water dispenser empty,valid,facilities,negative
lab spacing feel average,valid,facilities,neutral
campus light look good,valid,facilities,positive
loose wire near plug point,valid,facilities,negative
rest area feel okay,valid,facilities,neutral
library wifi work fine,valid,library,positive
newspaper not available,valid,library,negative
reading silence feel normal,valid,library,neutral
staff helped catalog search,valid,library,positive
scanner not responding,valid,library,negative
study desk feel okay,valid,library,neutral
paneer wrap tasted good,valid,canteen,positive
milkshake too watery,valid,canteen,negative
snack crowd feel average,valid,canteen,neutral
fruit salad fresh,valid,canteen,positive
chip tasted stale,valid,canteen,negative
serving area feel okay,valid,canteen,neutral
extra example clarified doubt,valid,academics,positive
audio cut lecture,valid,academics,negative
study routine feel normal,valid,academics,neutral
practice test improved confidence,valid,academics,positive
project deadline confusing,valid,academics,negative
topic coverage feel okay,valid,academics,neutral
admin staff replied quickly,valid,administration,positive
help desk short staffed,valid,administration,negative
queue time feel average,valid,administration,neutral
reception solved issue,valid,administration,positive
approval took too long,valid,administration,negative
office setup feel okay,valid,administration,neutral
website page open smoothly,valid,website,positive
captcha kept failing,valid,website,negative
portal design feel normal,valid,website,neutral
download completed successfully,valid,website,positive
teaching quality very poor,valid,Academics,negative
syllabus outdated not useful,valid,Academics,negative
lecture not conducted properly,valid,Academics,negative
concept not explained clearly,valid,Academics,negative
too much academic pressure,valid,Academics,negative
faculty not help student,valid,Academics,negative
assignment not reviewed,valid,Academics,negative
no proper exam preparation guidance,valid,Academics,negative
study material insufficient,valid,Academics,negative
class cancelled frequently,valid,Academics,negative
teaching method ineffective,valid,Academics,negative
doubt not cleared properly,valid,Academics,negative
course structure confusing,valid,Academics,negative
practical session poorly handled,valid,Academics,negative
evaluation system feel unfair,valid,Academics,negative
faculty not approachable,valid,Academics,negative
too much theoretical focus,valid,Academics,negative
no industry exposure syllabus,valid,Academics,negative
exam not well organized,valid,Academics,negative
academic planning poor,valid,Academics,negative
administration very slow,valid,administration,negative
office staff not helpful,valid,administration,negative
too much delay processing form,valid,administration,negative
management communication unclear,valid,administration,negative
request ignored frequently,valid,administration,negative
administrative work inefficient,valid,administration,negative
no proper response admin office,valid,administration,negative
approval process take too long,valid,administration,negative
staff behavior unprofessional,valid,administration,negative
too many unnecessary procedure,valid,administration,negative
admin support unreliable,valid,administration,negative
complaint handling poor,valid,administration,negative
document get delayed often,valid,administration,negative
information provided incorrect,valid,administration,negative
no transparency process,valid,administration,negative
workload handling inefficient,valid,administration,negative
staff often unavailable,valid,administration,negative
request lost frequently,valid,administration,negative
communication gap huge,valid,administration,negative
admin office disorganized,valid,administration,negative
classroom poorly maintained,valid,Facilities,negative
washroom very dirty,valid,Facilities,negative
wifi not working properly,valid,Facilities,negative
infrastructure need improvement,valid,Facilities,negative
no proper seating arrangement,valid,Facilities,negative
electricity issue happen often,valid,Facilities,negative
projector not work properly,valid,Facilities,negative
campus cleanliness poor,valid,Facilities,negative
lab not well equipped,valid,Facilities,negative
maintenance very slow,valid,Facilities,negative
air conditioning not working,valid,Facilities,negative
furniture broken,valid,Facilities,negative
water supply inconsistent,valid,Facilities,negative
lighting insufficient,valid,Facilities,negative
noise level too high,valid,Facilities,negative
security not reliable,valid,Facilities,negative
parking space limited,valid,Facilities,negative
hostel facility poor,valid,Facilities,negative
equipment outdated,valid,Facilities,negative
repair take too long,valid,Facilities,negative
food quality very bad,valid,Canteen,negative
canteen overcrowded,valid,Canteen,negative
price too high,valid,Canteen,negative
food often stale,valid,Canteen,negative
very limited food option,valid,Canteen,negative
hygiene standard poor,valid,Canteen,negative
service very slow,valid,Canteen,negative
seating space insufficient,valid,Canteen,negative
food taste not good,valid,Canteen,negative
staff not friendly,valid,Canteen,negative
waiting time too long,valid,Canteen,negative
food portion small,valid,Canteen,negative
cleanliness not maintained,valid,Canteen,negative
menu lack variety,valid,Canteen,negative
utensil not clean,valid,Canteen,negative
drink overpriced,valid,Canteen,negative
cooking quality inconsistent,valid,Canteen,negative
food smell bad sometimes,valid,Canteen,negative
crowd management poor,valid,Canteen,negative
service counter inefficient,valid,Canteen,negative
not enough book available,valid,Library,negative
library timing inconvenient,valid,Library,negative
too noisy inside library,valid,Library,negative
book outdated,valid,Library,negative
seating space limited,valid,Library,negative
computer not working,valid,Library,negative
staff not helpful,valid,Library,negative
book search system slow,valid,Library,negative
lighting insufficient,valid,Library,negative
library rule too strict,valid,Library,negative
ac not functioning properly,valid,Library,negative
wifi connectivity poor,valid,Library,negative
not enough study space,valid,Library,negative
old edition book,valid,Library,negative
noise control lacking,valid,Library,negative
digital resource limited,valid,Library,negative
book issue process slow,valid,Library,negative
staff unresponsive,valid,Library,negative
library overcrowded,valid,Library,negative
maintenance poor,valid,Library,negative
website very slow,valid,Website,negative
portal crash frequently,valid,Website,negative
ui confusing,valid,Website,negative
login issue happen often,valid,Website,negative
navigation not user friendly,valid,Website,negative
page take too long load,valid,Website,negative
error appear frequently,valid,Website,negative
design look outdated,valid,Website,negative
feature not working properly,valid,Website,negative
too many bug system,valid,Website,negative
server downtime frequent,valid,Website,negative
search function not work well,valid,Website,negative
mobile version not responsive,valid,Website,negative
data not update correctly,valid,Website,negative
navigation menu broken,valid,Website,negative
too many unnecessary click,valid,Website,negative
session expires too quickly,valid,Website,negative
loading error common,valid,Website,negative
ui element overlap,valid,Website,negative
website performance poor,valid,Website,negative
teaching quality very poor,valid,Academics,negative
syllabus outdated not useful,valid,Academics,negative
lecture not conducted properly,valid,Academics,negative
concept not explained clearly,valid,Academics,negative
too much academic pressure,valid,Academics,negative
faculty not help student,valid,Academics,negative
assignment not reviewed properly,valid,Academics,negative
no proper exam preparation guidance,valid,Academics,negative
study material insufficient,valid,Academics,negative
class cancelled frequently,valid,Academics,negative
teaching method ineffective,valid,Academics,negative
doubt not cleared properly,valid,Academics,negative
course structure confusing,valid,Academics,negative
practical session poorly handled,valid,Academics,negative
evaluation system feel unfair,valid,Academics,negative
faculty not approachable,valid,Academics,negative
too much theoretical focus,valid,Academics,negative
no industry exposure syllabus,valid,Academics,negative
exam not well organized,valid,Academics,negative
academic planning poor,valid,Academics,negative
administration very slow,valid,administration,negative
office staff not helpful,valid,administration,negative
too much delay processing form,valid,administration,negative
management communication unclear,valid,administration,negative
request ignored frequently,valid,administration,negative
administrative work inefficient,valid,administration,negative
no proper response admin office,valid,administration,negative
approval process take too long,valid,administration,negative
staff behavior unprofessional,valid,administration,negative
too many unnecessary procedure,valid,administration,negative
admin support unreliable,valid,administration,negative
complaint handling poor,valid,administration,negative
document get delayed often,valid,administration,negative
information provided incorrect,valid,administration,negative
no transparency process,valid,administration,negative
workload handling inefficient,valid,administration,negative
staff often unavailable,valid,administration,negative
request lost frequently,valid,administration,negative
communication gap huge,valid,administration,negative
admin office disorganized,valid,administration,negative
classroom poorly maintained,valid,Facilities,negative
washroom very dirty,valid,Facilities,negative
wifi not working properly,valid,Facilities,negative
infrastructure need improvement,valid,Facilities,negative
no proper seating arrangement,valid,Facilities,negative
electricity issue happen often,valid,Facilities,negative
projector not work properly,valid,Facilities,negative
campus cleanliness poor,valid,Facilities,negative
lab not well equipped,valid,Facilities,negative
maintenance very slow,valid,Facilities,negative
air conditioning not working,valid,Facilities,negative
furniture broken,valid,Facilities,negative
water supply inconsistent,valid,Facilities,negative
lighting insufficient,valid,Facilities,negative
noise level too high,valid,Facilities,negative
security not reliable,valid,Facilities,negative
parking space limited,valid,Facilities,negative
hostel facility poor,valid,Facilities,negative
equipment outdated,valid,Facilities,negative
repair take too long,valid,Facilities,negative
food quality very bad,valid,Canteen,negative
canteen overcrowded,valid,Canteen,negative
price too high,valid,Canteen,negative
food often stale,valid,Canteen,negative
very limited food option,valid,Canteen,negative
hygiene standard poor,valid,Canteen,negative
service very slow,valid,Canteen,negative
seating space insufficient,valid,Canteen,negative
food taste not good,valid,Canteen,negative
staff not friendly,valid,Canteen,negative
waiting time too long,valid,Canteen,negative
food portion small,valid,Canteen,negative
cleanliness not maintained,valid,Canteen,negative
menu lack variety,valid,Canteen,negative
utensil not clean,valid,Canteen,negative
drink overpriced,valid,Canteen,negative
cooking quality inconsistent,valid,Canteen,negative
food smell bad sometimes,valid,Canteen,negative
crowd management poor,valid,Canteen,negative
service counter inefficient,valid,Canteen,negative
not enough book available,valid,Library,negative
library timing inconvenient,valid,Library,negative
too noisy inside library,valid,Library,negative
book outdated,valid,Library,negative
seating space limited,valid,Library,negative
computer not working,valid,Library,negative
staff not helpful,valid,Library,negative
book search system slow,valid,Library,negative
lighting insufficient,valid,Library,negative
library rule too strict,valid,Library,negative
ac not functioning properly,valid,Library,negative
wifi connectivity poor,valid,Library,negative
not enough study space,valid,Library,negative
old edition book,valid,Library,negative
noise control lacking,valid,Library,negative
digital resource limited,valid,Library,negative
book issue process slow,valid,Library,negative
staff unresponsive,valid,Library,negative
library overcrowded,valid,Library,negative
maintenance poor,valid,Library,negative
website very slow,valid,Website,negative
portal crash frequently,valid,Website,negative
ui confusing,valid,Website,negative
login issue happen often,valid,Website,negative
navigation not user friendly,valid,Website,negative
page take too long load,valid,Website,negative
error appear frequently,valid,Website,negative
design look outdated,valid,Website,negative
feature not working properly,valid,Website,negative
too many bug system,valid,Website,negative
server downtime frequent,valid,Website,negative
search function not work well,valid,Website,negative
mobile version not responsive,valid,Website,negative
data not update correctly,valid,Website,negative
navigation menu broken,valid,Website,negative
too many unnecessary click,valid,Website,negative
session expires too quickly,valid,Website,negative
loading error common,valid,Website,negative
ui element overlap,valid,Website,negative
website performance poor,valid,Website,negative
teaching quality very poor,valid,Academics,negative
syllabus outdated not useful,valid,Academics,negative
lecture not conducted properly,valid,Academics,negative
concept not explained clearly,valid,Academics,negative
too much academic pressure,valid,Academics,negative
faculty not help student,valid,Academics,negative
assignment not reviewed properly,valid,Academics,negative
no proper exam preparation guidance,valid,Academics,negative
study material insufficient,valid,Academics,negative
class cancelled frequently,valid,Academics,negative
teaching method ineffective,valid,Academics,negative
doubt not cleared properly,valid,Academics,negative
course structure confusing,valid,Academics,negative
practical session poorly handled,valid,Academics,negative
evaluation system feel unfair,valid,Academics,negative
faculty not approachable,valid,Academics,negative
too much theoretical focus,valid,Academics,negative
no industry exposure syllabus,valid,Academics,negative
exam not well organized,valid,Academics,negative
academic planning poor,valid,Academics,negative
administration very slow,valid,administration,negative
office staff not helpful,valid,administration,negative
too much delay processing form,valid,administration,negative
management communication unclear,valid,administration,negative
request ignored frequently,valid,administration,negative
administrative work inefficient,valid,administration,negative
no proper response admin office,valid,administration,negative
approval process take too long,valid,administration,negative
staff behavior unprofessional,valid,administration,negative
too many unnecessary procedure,valid,administration,negative
admin support unreliable,valid,administration,negative
complaint handling poor,valid,administration,negative
document get delayed often,valid,administration,negative
information provided incorrect,valid,administration,negative
no transparency process,valid,administration,negative
workload handling inefficient,valid,administration,negative
staff often unavailable,valid,administration,negative
request lost frequently,valid,administration,negative
communication gap huge,valid,administration,negative
admin office disorganized,valid,administration,negative
classroom poorly maintained,valid,Facilities,negative
washroom very dirty,valid,Facilities,negative
wifi not working properly,valid,Facilities,negative
infrastructure need improvement,valid,Facilities,negative
no proper seating arrangement,valid,Facilities,negative
electricity issue happen often,valid,Facilities,negative
projector not work properly,valid,Facilities,negative
campus cleanliness poor,valid,Facilities,negative
lab not well equipped,valid,Facilities,negative
maintenance very slow,valid,Facilities,negative
air conditioning not working,valid,Facilities,negative
furniture broken,valid,Facilities,negative
water supply inconsistent,valid,Facilities,negative
lighting insufficient,valid,Facilities,negative
noise level too high,valid,Facilities,negative
security not reliable,valid,Facilities,negative
parking space limited,valid,Facilities,negative
hostel facility poor,valid,Facilities,negative
equipment outdated,valid,Facilities,negative
repair take too long,valid,Facilities,negative
food quality very bad,valid,Canteen,negative
canteen overcrowded,valid,Canteen,negative
price too high,valid,Canteen,negative
food often stale,valid,Canteen,negative
very limited food option,valid,Canteen,negative
hygiene standard poor,valid,Canteen,negative
service very slow,valid,Canteen,negative
seating space insufficient,valid,Canteen,negative
food taste not good,valid,Canteen,negative
staff not friendly,valid,Canteen,negative
waiting time too long,valid,Canteen,negative
food portion small,valid,Canteen,negative
cleanliness not maintained,valid,Canteen,negative
menu lack variety,valid,Canteen,negative
utensil not clean,valid,Canteen,negative
drink overpriced,valid,Canteen,negative
cooking quality inconsistent,valid,Canteen,negative
food smell bad sometimes,valid,Canteen,negative
crowd management poor,valid,Canteen,negative
service counter inefficient,valid,Canteen,negative
not enough book available,valid,Library,negative
library timing inconvenient,valid,Library,negative
too noisy inside library,valid,Library,negative
book outdated,valid,Library,negative
seating space limited,valid,Library,negative
computer not working,valid,Library,negative
staff not helpful,valid,Library,negative
book search system slow,valid,Library,negative
lighting insufficient,valid,Library,negative
library rule too strict,valid,Library,negative
ac not functioning properly,valid,Library,negative
wifi connectivity poor,valid,Library,negative
not enough study space,valid,Library,negative
old edition book,valid,Library,negative
noise control lacking,valid,Library,negative
digital resource limited,valid,Library,negative
book issue process slow,valid,Library,negative
staff unresponsive,valid,Library,negative
library overcrowded,valid,Library,negative
maintenance poor,valid,Library,negative
website very slow,valid,Website,negative
portal crash frequently,valid,Website,negative
ui confusing,valid,Website,negative
login issue happen often,valid,Website,negative
navigation not user friendly,valid,Website,negative
page take too long load,valid,Website,negative
error appear frequently,valid,Website,negative
design look outdated,valid,Website,negative
feature not working properly,valid,Website,negative
too many bug system,valid,Website,negative
server downtime frequent,valid,Website,negative
search function not work well,valid,Website,negative
mobile version not responsive,valid,Website,negative
data not update correctly,valid,Website,negative
navigation menu broken,valid,Website,negative
too many unnecessary click,valid,Website,negative
session expires too quickly,valid,Website,negative
loading error common,valid,Website,negative
ui element overlap,valid,Website,negative
website performance poor,valid,Website,negative
teaching quality very poor,valid,Academics,negative
syllabus outdated not useful,valid,Academics,negative
lecture not conducted properly,valid,Academics,negative
concept not explained clearly,valid,Academics,negative
too much academic pressure,valid,Academics,negative
faculty not help student,valid,Academics,negative
assignment not reviewed properly,valid,Academics,negative
no proper exam preparation guidance,valid,Academics,negative
study material insufficient,valid,Academics,negative
class cancelled frequently,valid,Academics,negative
teaching method ineffective,valid,Academics,negative
doubt not cleared properly,valid,Academics,negative
course structure confusing,valid,Academics,negative
practical session poorly handled,valid,Academics,negative
evaluation system feel unfair,valid,Academics,negative
faculty not approachable,valid,Academics,negative
too much theoretical focus,valid,Academics,negative
no industry exposure syllabus,valid,Academics,negative
exam not well organized,valid,Academics,negative
academic planning poor,valid,Academics,negative
administration very slow,valid,administration,negative
office staff not helpful,valid,administration,negative
too much delay processing form,valid,administration,negative
management communication unclear,valid,administration,negative
request ignored frequently,valid,administration,negative
administrative work inefficient,valid,administration,negative
no proper response admin office,valid,administration,negative
approval process take too long,valid,administration,negative
staff behavior unprofessional,valid,administration,negative
too many unnecessary procedure,valid,administration,negative
admin support unreliable,valid,administration,negative
complaint handling poor,valid,administration,negative
document get delayed often,valid,administration,negative
information provided incorrect,valid,administration,negative
no transparency process,valid,administration,negative
workload handling inefficient,valid,administration,negative
staff often unavailable,valid,administration,negative
request lost frequently,valid,administration,negative
communication gap huge,valid,administration,negative
admin office disorganized,valid,administration,negative
classroom poorly maintained,valid,Facilities,negative
washroom very dirty,valid,Facilities,negative
wifi not working properly,valid,Facilities,negative
infrastructure need improvement,valid,Facilities,negative
no proper seating arrangement,valid,Facilities,negative
electricity issue happen often,valid,Facilities,negative
projector not work properly,valid,Facilities,negative
campus cleanliness poor,valid,Facilities,negative
lab not well equipped,valid,Facilities,negative
maintenance very slow,valid,Facilities,negative
air conditioning not working,valid,Facilities,negative
furniture broken,valid,Facilities,negative
water supply inconsistent,valid,Facilities,negative
lighting insufficient,valid,Facilities,negative
noise level too high,valid,Facilities,negative
security not reliable,valid,Facilities,negative
parking space limited,valid,Facilities,negative
hostel facility poor,valid,Facilities,negative
equipment outdated,valid,Facilities,negative
repair take too long,valid,Facilities,negative
food quality very bad,valid,Canteen,negative
canteen overcrowded,valid,Canteen,negative
price too high,valid,Canteen,negative
food often stale,valid,Canteen,negative
very limited food option,valid,Canteen,negative
hygiene standard poor,valid,Canteen,negative
service very slow,valid,Canteen,negative
seating space insufficient,valid,Canteen,negative
food taste not good,valid,Canteen,negative
staff not friendly,valid,Canteen,negative
waiting time too long,valid,Canteen,negative
food portion small,valid,Canteen,negative
cleanliness not maintained,valid,Canteen,negative
menu lack variety,valid,Canteen,negative
utensil not clean,valid,Canteen,negative
drink overpriced,valid,Canteen,negative
cooking quality inconsistent,valid,Canteen,negative
food smell bad sometimes,valid,Canteen,negative
crowd management poor,valid,Canteen,negative
service counter inefficient,valid,Canteen,negative
not enough book available,valid,Library,negative
library timing inconvenient,valid,Library,negative
too noisy inside library,valid,Library,negative
book outdated,valid,Library,negative
seating space limited,valid,Library,negative
computer not working,valid,Library,negative
staff not helpful,valid,Library,negative
book search system slow,valid,Library,negative
lighting insufficient,valid,Library,negative
library rule too strict,valid,Library,negative
ac not functioning properly,valid,Library,negative
wifi connectivity poor,valid,Library,negative
not enough study space,valid,Library,negative
old edition book,valid,Library,negative
noise control lacking,valid,Library,negative
digital resource limited,valid,Library,negative
book issue process slow,valid,Library,negative
staff unresponsive,valid,Library,negative
library overcrowded,valid,Library,negative
maintenance poor,valid,Library,negative
website very slow,valid,Website,negative
portal crash frequently,valid,Website,negative
ui confusing,valid,Website,negative
login issue happen often,valid,Website,negative
navigation not user friendly,valid,Website,negative
page take too long load,valid,Website,negative
error appear frequently,valid,Website,negative
design look outdated,valid,Website,negative
feature not working properly,valid,Website,negative
too many bug system,valid,Website,negative
server downtime frequent,valid,Website,negative
search function not work well,valid,Website,negative
mobile version not responsive,valid,Website,negative
data not update correctly,valid,Website,negative
navigation menu broken,valid,Website,negative
too many unnecessary click,valid,Website,negative
session expires too quickly,valid,Website,negative
loading error common,valid,Website,negative
ui element overlap,valid,Website,negative
website performance poor,valid,Website,negative
teaching quality very poor,valid,Academics,negative
syllabus outdated not useful,valid,Academics,negative
lecture not conducted properly,valid,Academics,negative
concept not explained clearly,valid,Academics,negative
too much academic pressure,valid,Academics,negative
faculty not help student,valid,Academics,negative
assignment not reviewed properly,valid,Academics,negative
no proper exam preparation guidance,valid,Academics,negative
study material insufficient,valid,Academics,negative
class cancelled frequently,valid,Academics,negative
teaching method ineffective,valid,Academics,negative
doubt not cleared properly,valid,Academics,negative
course structure confusing,valid,Academics,negative
practical session poorly handled,valid,Academics,negative
evaluation system feel unfair,valid,Academics,negative
faculty not approachable,valid,Academics,negative
too much theoretical focus,valid,Academics,negative
no industry exposure syllabus,valid,Academics,negative
exam not well organized,valid,Academics,negative
academic planning poor,valid,Academics,negative
administration very slow,valid,administration,negative
office staff not helpful,valid,administration,negative
too much delay processing form,valid,administration,negative
management communication unclear,valid,administration,negative
request ignored frequently,valid,administration,negative
administrative work inefficient,valid,administration,negative
no proper response admin office,valid,administration,negative
approval process take too long,valid,administration,negative
staff behavior unprofessional,valid,administration,negative
too many unnecessary procedure,valid,administration,negative
admin support unreliable,valid,administration,negative
complaint handling poor,valid,administration,negative
document get delayed often,valid,administration,negative
information provided incorrect,valid,administration,negative
no transparency process,valid,administration,negative
workload handling inefficient,valid,administration,negative
staff often unavailable,valid,administration,negative
request lost frequently,valid,administration,negative
communication gap huge,valid,administration,negative
admin office disorganized,valid,administration,negative
classroom poorly maintained,valid,Facilities,negative
washroom very dirty,valid,Facilities,negative
wifi not working properly,valid,Facilities,negative
infrastructure need improvement,valid,Facilities,negative
no proper seating arrangement,valid,Facilities,negative
electricity issue happen often,valid,Facilities,negative
projector not work properly,valid,Facilities,negative
campus cleanliness poor,valid,Facilities,negative
lab not well equipped,valid,Facilities,negative
maintenance very slow,valid,Facilities,negative
air conditioning not working,valid,Facilities,negative
furniture broken,valid,Facilities,negative
water supply inconsistent,valid,Facilities,negative
lighting insufficient,valid,Facilities,negative
noise level too high,valid,Facilities,negative
security not reliable,valid,Facilities,negative
parking space limited,valid,Facilities,negative
hostel facility poor,valid,Facilities,negative
equipment outdated,valid,Facilities,negative
repair take too long,valid,Facilities,negative
food quality very bad,valid,Canteen,negative
canteen overcrowded,valid,Canteen,negative
price too high,valid,Canteen,negative
food often stale,valid,Canteen,negative
very limited food option,valid,Canteen,negative
hygiene standard poor,valid,Canteen,negative
service very slow,valid,Canteen,negative
seating space insufficient,valid,Canteen,negative
food taste not good,valid,Canteen,negative
staff not friendly,valid,Canteen,negative
waiting time too long,valid,Canteen,negative
food portion small,valid,Canteen,negative
cleanliness not maintained,valid,Canteen,negative
menu lack variety,valid,Canteen,negative
utensil not clean,valid,Canteen,negative
drink overpriced,valid,Canteen,negative
cooking quality inconsistent,valid,Canteen,negative
food smell bad sometimes,valid,Canteen,negative
crowd management poor,valid,Canteen,negative
service counter inefficient,valid,Canteen,negative
not enough book available,valid,Library,negative
library timing inconvenient,valid,Library,negative
too noisy inside library,valid,Library,negative
book outdated,valid,Library,negative
seating space limited,valid,Library,negative
computer not working,valid,Library,negative
staff not helpful,valid,Library,negative
book search system slow,valid,Library,negative
lighting insufficient,valid,Library,negative
library rule too strict,valid,Library,negative
ac not functioning properly,valid,Library,negative
wifi connectivity poor,valid,Library,negative
not enough study space,valid,Library,negative
old edition book,valid,Library,negative
noise control lacking,valid,Library,negative
digital resource limited,valid,Library,negative
book issue process slow,valid,Library,negative
staff unresponsive,valid,Library,negative
library overcrowded,valid,Library,negative
maintenance poor,valid,Library,negative
website very slow,valid,Website,negative
portal crash frequently,valid,Website,negative
ui confusing,valid,Website,negative
login issue happen often,valid,Website,negative
navigation not user friendly,valid,Website,negative
page take too long load,valid,Website,negative
error appear frequently,valid,Website,negative
design look outdated,valid,Website,negative
feature not working properly,valid,Website,negative
too many bug system,valid,Website,negative
server downtime frequent,valid,Website,negative
search function not work well,valid,Website,negative
mobile version not responsive,valid,Website,negative
data not update correctly,valid,Website,negative
navigation menu broken,valid,Website,negative
too many unnecessary click,valid,Website,negative
session expires too quickly,valid,Website,negative
loading error common,valid,Website,negative
ui element overlap,valid,Website,negative
website performance poor,valid,Website,negative
teaching quality very poor,valid,Academics,negative
syllabus outdated not useful,valid,Academics,negative
lecture not conducted properly,valid,Academics,negative
concept not explained clearly,valid,Academics,negative
too much academic pressure,valid,Academics,negative
faculty not help student,valid,Academics,negative
assignment not reviewed properly,valid,Academics,negative
no proper exam preparation guidance,valid,Academics,negative
study material insufficient,valid,Academics,negative
class cancelled frequently,valid,Academics,negative
teaching method ineffective,valid,Academics,negative
doubt not cleared properly,valid,Academics,negative
course structure confusing,valid,Academics,negative
practical session poorly handled,valid,Academics,negative
evaluation system feel unfair,valid,Academics,negative
faculty not approachable,valid,Academics,negative
too much theoretical focus,valid,Academics,negative
no industry exposure syllabus,valid,Academics,negative
exam not well organized,valid,Academics,negative
academic planning poor,valid,Academics,negative
administration very slow,valid,administration,negative
office staff not helpful,valid,administration,negative
too much delay processing form,valid,administration,negative
management communication unclear,valid,administration,negative
request ignored frequently,valid,administration,negative
administrative work inefficient,valid,administration,negative
no proper response admin office,valid,administration,negative
approval process take too long,valid,administration,negative
staff behavior unprofessional,valid,administration,negative
too many unnecessary procedure,valid,administration,negative
admin support unreliable,valid,administration,negative
complaint handling poor,valid,administration,negative
document get delayed often,valid,administration,negative
information provided incorrect,valid,administration,negative
no transparency process,valid,administration,negative
workload handling inefficient,valid,administration,negative
staff often unavailable,valid,administration,negative
request lost frequently,valid,administration,negative
communication gap huge,valid,administration,negative
admin office disorganized,valid,administration,negative
classroom poorly maintained,valid,Facilities,negative
washroom very dirty,valid,Facilities,negative
wifi not working properly,valid,Facilities,negative
infrastructure need improvement,valid,Facilities,negative
no proper seating arrangement,valid,Facilities,negative
electricity issue happen often,valid,Facilities,negative
projector not work properly,valid,Facilities,negative
campus cleanliness poor,valid,Facilities,negative
lab not well equipped,valid,Facilities,negative
maintenance very slow,valid,Facilities,negative
air conditioning not working,valid,Facilities,negative
furniture broken,valid,Facilities,negative
water supply inconsistent,valid,Facilities,negative
lighting insufficient,valid,Facilities,negative
noise level too high,valid,Facilities,negative
security not reliable,valid,Facilities,negative
parking space limited,valid,Facilities,negative
hostel facility poor,valid,Facilities,negative
equipment outdated,valid,Facilities,negative
repair take too long,valid,Facilities,negative
food quality very bad,valid,Canteen,negative
canteen overcrowded,valid,Canteen,negative
price too high,valid,Canteen,negative
food often stale,valid,Canteen,negative
very limited food option,valid,Canteen,negative
hygiene standard poor,valid,Canteen,negative
service very slow,valid,Canteen,negative
seating space insufficient,valid,Canteen,negative
food taste not good,valid,Canteen,negative
staff not friendly,valid,Canteen,negative
waiting time too long,valid,Canteen,negative
food portion small,valid,Canteen,negative
cleanliness not maintained,valid,Canteen,negative
menu lack variety,valid,Canteen,negative
utensil not clean,valid,Canteen,negative
drink overpriced,valid,Canteen,negative
cooking quality inconsistent,valid,Canteen,negative
food smell bad sometimes,valid,Canteen,negative
crowd management poor,valid,Canteen,negative
service counter inefficient,valid,Canteen,negative
not enough book available,valid,Library,negative
library timing inconvenient,valid,Library,negative
too noisy inside library,valid,Library,negative
book outdated,valid,Library,negative
seating space limited,valid,Library,negative
computer not working,valid,Library,negative
staff not helpful,valid,Library,negative
book search system slow,valid,Library,negative
lighting insufficient,valid,Library,negative
library rule too strict,valid,Library,negative
ac not functioning properly,valid,Library,negative
wifi connectivity poor,valid,Library,negative
not enough study space,valid,Library,negative
old edition book,valid,Library,negative
noise control lacking,valid,Library,negative
digital resource limited,valid,Library,negative
book issue process slow,valid,Library,negative
staff unresponsive,valid,Library,negative
library overcrowded,valid,Library,negative
maintenance poor,valid,Library,negative
website very slow,valid,Website,negative
portal crash frequently,valid,Website,negative
ui confusing,valid,Website,negative
login issue happen often,valid,Website,negative
navigation not user friendly,valid,Website,negative
page take too long load,valid,Website,negative
error appear frequently,valid,Website,negative
design look outdated,valid,Website,negative
feature not working properly,valid,Website,negative
too many bug system,valid,Website,negative
server downtime frequent,valid,Website,negative
search function not work well,valid,Website,negative
mobile version not responsive,valid,Website,negative
data not update correctly,valid,Website,negative
navigation menu broken,valid,Website,negative
too many unnecessary click,valid,Website,negative
session expires too quickly,valid,Website,negative
loading error common,valid,Website,negative
ui element overlap,valid,Website,negative
website performance poor,valid,Website,negative
teaching quality very poor,valid,Academics,negative
syllabus outdated not useful,valid,Academics,negative
lecture not conducted properly,valid,Academics,negative
concept not explained clearly,valid,Academics,negative
too much academic pressure,valid,Academics,negative
faculty not help student,valid,Academics,negative
assignment not reviewed properly,valid,Academics,negative
no proper exam preparation guidance,valid,Academics,negative
study material insufficient,valid,Academics,negative
class cancelled frequently,valid,Academics,negative
teaching method ineffective,valid,Academics,negative
doubt not cleared properly,valid,Academics,negative
course structure confusing,valid,Academics,negative
practical session poorly handled,valid,Academics,negative
evaluation system feel unfair,valid,Academics,negative
faculty not approachable,valid,Academics,negative
too much theoretical focus,valid,Academics,negative
no industry exposure syllabus,valid,Academics,negative
exam not well organized,valid,Academics,negative
academic planning poor,valid,Academics,negative
administration very slow,valid,administration,negative
office staff not helpful,valid,administration,negative
too much delay processing form,valid,administration,negative
management communication unclear,valid,administration,negative
request ignored frequently,valid,administration,negative
administrative work inefficient,valid,administration,negative
no proper response admin office,valid,administration,negative
approval process take too long,valid,administration,negative
staff behavior unprofessional,valid,administration,negative
too many unnecessary procedure,valid,administration,negative
admin support unreliable,valid,administration,negative
complaint handling poor,valid,administration,negative
document get delayed often,valid,administration,negative
information provided incorrect,valid,administration,negative
no transparency process,valid,administration,negative
workload handling inefficient,valid,administration,negative
staff often unavailable,valid,administration,negative
request lost frequently,valid,administration,negative
communication gap huge,valid,administration,negative
admin office disorganized,valid,administration,negative
classroom poorly maintained,valid,Facilities,negative
washroom very dirty,valid,Facilities,negative
wifi not working properly,valid,Facilities,negative
infrastructure need improvement,valid,Facilities,negative
no proper seating arrangement,valid,Facilities,negative
electricity issue happen often,valid,Facilities,negative
projector not work properly,valid,Facilities,negative
campus cleanliness poor,valid,Facilities,negative
lab not well equipped,valid,Facilities,negative
maintenance very slow,valid,Facilities,negative
air conditioning not working,valid,Facilities,negative
furniture broken,valid,Facilities,negative
water supply inconsistent,valid,Facilities,negative
lighting insufficient,valid,Facilities,negative
noise level too high,valid,Facilities,negative
security not reliable,valid,Facilities,negative
parking space limited,valid,Facilities,negative
hostel facility poor,valid,Facilities,negative
equipment outdated,valid,Facilities,negative
repair take too long,valid,Facilities,negative
food quality very bad,valid,Canteen,negative
canteen overcrowded,valid,Canteen,negative
price too high,valid,Canteen,negative
food often stale,valid,Canteen,negative
very limited food option,valid,Canteen,negative
hygiene standard poor,valid,Canteen,negative
service very slow,valid,Canteen,negative
seating space insufficient,valid,Canteen,negative
food taste not good,valid,Canteen,negative
staff not friendly,valid,Canteen,negative
waiting time too long,valid,Canteen,negative
food portion small,valid,Canteen,negative
cleanliness not maintained,valid,Canteen,negative
menu lack variety,valid,Canteen,negative
utensil not clean,valid,Canteen,negative
drink overpriced,valid,Canteen,negative
cooking quality inconsistent,valid,Canteen,negative
food smell bad sometimes,valid,Canteen,negative
crowd management poor,valid,Canteen,negative
service counter inefficient,valid,Canteen,negative
not enough book available,valid,Library,negative
library timing inconvenient,valid,Library,negative
too noisy inside library,valid,Library,negative
book outdated,valid,Library,negative
seating space limited,valid,Library,negative
computer not working,valid,Library,negative
staff not helpful,valid,Library,negative
book search system slow,valid,Library,negative
lighting insufficient,valid,Library,negative
library rule too strict,valid,Library,negative
ac not functioning properly,valid,Library,negative
wifi connectivity poor,valid,Library,negative
not enough study space,valid,Library,negative
old edition book,valid,Library,negative
noise control lacking,valid,Library,negative
digital resource limited,valid,Library,negative
book issue process slow,valid,Library,negative
staff unresponsive,valid,Library,negative
library overcrowded,valid,Library,negative
maintenance poor,valid,Library,negative
website very slow,valid,Website,negative
portal crash frequently,valid,Website,negative
ui confusing,valid,Website,negative
login issue happen often,valid,Website,negative
navigation not user friendly,valid,Website,negative
page take too long load,valid,Website,negative
error appear frequently,valid,Website,negative
design look outdated,valid,Website,negative
feature not working properly,valid,Website,negative
too many bug system,valid,Website,negative
server downtime frequent,valid,Website,negative
search function not work well,valid,Website,negative
mobile version not responsive,valid,Website,negative
data not update correctly,valid,Website,negative
navigation menu broken,valid,Website,negative
too many unnecessary click,valid,Website,negative
session expires too quickly,valid,Website,negative
loading error common,valid,Website,negative
ui element overlap,valid,Website,negative
website performance poor,valid,Website,negative
teaching quality very poor,valid,Academics,negative
syllabus outdated not useful,valid,Academics,negative
lecture not conducted properly,valid,Academics,negative
concept not explained clearly,valid,Academics,negative
too much academic pressure,valid,Academics,negative
faculty not help student,valid,Academics,negative
assignment not reviewed properly,valid,Academics,negative
no proper exam preparation guidance,valid,Academics,negative
study material insufficient,valid,Academics,negative
class cancelled frequently,valid,Academics,negative
teaching method ineffective,valid,Academics,negative
doubt not cleared properly,valid,Academics,negative
course structure confusing,valid,Academics,negative
practical session poorly handled,valid,Academics,negative
evaluation system feel unfair,valid,Academics,negative
faculty not approachable,valid,Academics,negative
too much theoretical focus,valid,Academics,negative
no industry exposure syllabus,valid,Academics,negative
exam not well organized,valid,Academics,negative
academic planning poor,valid,Academics,negative
administration very slow,valid,administration,negative
office staff not helpful,valid,administration,negative
too much delay processing form,valid,administration,negative
management communication unclear,valid,administration,negative
request ignored frequently,valid,administration,negative
administrative work inefficient,valid,administration,negative
no proper response admin office,valid,administration,negative
approval process take too long,valid,administration,negative
staff behavior unprofessional,valid,administration,negative
too many unnecessary procedure,valid,administration,negative
admin support unreliable,valid,administration,negative
complaint handling poor,valid,administration,negative
document get delayed often,valid,administration,negative
information provided incorrect,valid,administration,negative
no transparency process,valid,administration,negative
workload handling inefficient,valid,administration,negative
staff often unavailable,valid,administration,negative
request lost frequently,valid,administration,negative
communication gap huge,valid,administration,negative
admin office disorganized,valid,administration,negative
classroom poorly maintained,valid,Facilities,negative
washroom very dirty,valid,Facilities,negative
wifi not working properly,valid,Facilities,negative
infrastructure need improvement,valid,Facilities,negative
no proper seating arrangement,valid,Facilities,negative
electricity issue happen often,valid,Facilities,negative
projector not work properly,valid,Facilities,negative
campus cleanliness poor,valid,Facilities,negative
lab not well equipped,valid,Facilities,negative
maintenance very slow,valid,Facilities,negative
air conditioning not working,valid,Facilities,negative
furniture broken,valid,Facilities,negative
water supply inconsistent,valid,Facilities,negative
lighting insufficient,valid,Facilities,negative
noise level too high,valid,Facilities,negative
security not reliable,valid,Facilities,negative
parking space limited,valid,Facilities,negative
hostel facility poor,valid,Facilities,negative
equipment outdated,valid,Facilities,negative
repair take too long,valid,Facilities,negative
food quality very bad,valid,Canteen,negative
canteen overcrowded,valid,Canteen,negative
price too high,valid,Canteen,negative
food often stale,valid,Canteen,negative
very limited food option,valid,Canteen,negative
hygiene standard poor,valid,Canteen,negative
service very slow,valid,Canteen,negative
seating space insufficient,valid,Canteen,negative
food taste not good,valid,Canteen,negative
staff not friendly,valid,Canteen,negative
waiting time too long,valid,Canteen,negative
food portion small,valid,Canteen,negative
cleanliness not maintained,valid,Canteen,negative
menu lack variety,valid,Canteen,negative
utensil not clean,valid,Canteen,negative
drink overpriced,valid,Canteen,negative
cooking quality inconsistent,valid,Canteen,negative
food smell bad sometimes,valid,Canteen,negative
crowd management poor,valid,Canteen,negative
service counter inefficient,valid,Canteen,negative
not enough book available,valid,Library,negative
library timing inconvenient,valid,Library,negative
too noisy inside library,valid,Library,negative
book outdated,valid,Library,negative
seating space limited,valid,Library,negative
computer not working,valid,Library,negative
staff not helpful,valid,Library,negative
book search system slow,valid,Library,negative
lighting insufficient,valid,Library,negative
library rule too strict,valid,Library,negative
ac not functioning properly,valid,Library,negative
wifi connectivity poor,valid,Library,negative
not enough study space,valid,Library,negative
old edition book,valid,Library,negative
noise control lacking,valid,Library,negative
digital resource limited,valid,Library,negative
book issue process slow,valid,Library,negative
staff unresponsive,valid,Library,negative
library overcrowded,valid,Library,negative
maintenance poor,valid,Library,negative
website very slow,valid,Website,negative
portal crash frequently,valid,Website,negative
ui confusing,valid,Website,negative
login issue happen often,valid,Website,negative
navigation not user friendly,valid,Website,negative
page take too long load,valid,Website,negative
error appear frequently,valid,Website,negative
design look outdated,valid,Website,negative
feature not working properly,valid,Website,negative
too many bug system,valid,Website,negative
server downtime frequent,valid,Website,negative
search function not work well,valid,Website,negative
mobile version not responsive,valid,Website,negative
data not update correctly,valid,Website,negative
navigation menu broken,valid,Website,negative
too many unnecessary click,valid,Website,negative
session expires too quickly,valid,Website,negative
loading error common,valid,Website,negative
ui element overlap,valid,Website,negative
website performance poor,valid,Website,negative
teaching quality very poor,valid,Academics,negative
syllabus outdated not useful,valid,Academics,negative
lecture not conducted properly,valid,Academics,negative
concept not explained clearly,valid,Academics,negative
too much academic pressure,valid,Academics,negative
faculty not help student,valid,Academics,negative
assignment not reviewed properly,valid,Academics,negative
no proper exam preparation guidance,valid,Academics,negative
study material insufficient,valid,Academics,negative
class cancelled frequently,valid,Academics,negative
teaching method ineffective,valid,Academics,negative
doubt not cleared properly,valid,Academics,negative
course structure confusing,valid,Academics,negative
practical session poorly handled,valid,Academics,negative
evaluation system feel unfair,valid,Academics,negative
faculty not approachable,valid,Academics,negative
too much theoretical focus,valid,Academics,negative
no industry exposure syllabus,valid,Academics,negative
exam not well organized,valid,Academics,negative
academic planning poor,valid,Academics,negative
administration very slow,valid,administration,negative
office staff not helpful,valid,administration,negative
too much delay processing form,valid,administration,negative
management communication unclear,valid,administration,negative
request ignored frequently,valid,administration,negative
administrative work inefficient,valid,administration,negative
no proper response admin office,valid,administration,negative
approval process take too long,valid,administration,negative
staff behavior unprofessional,valid,administration,negative
too many unnecessary procedure,valid,administration,negative
admin support unreliable,valid,administration,negative
complaint handling poor,valid,administration,negative
document get delayed often,valid,administration,negative
information provided incorrect,valid,administration,negative
no transparency process,valid,administration,negative
workload handling inefficient,valid,administration,negative
staff often unavailable,valid,administration,negative
request lost frequently,valid,administration,negative
communication gap huge,valid,administration,negative
admin office disorganized,valid,administration,negative
classroom poorly maintained,valid,Facilities,negative
washroom very dirty,valid,Facilities,negative
wifi not working properly,valid,Facilities,negative
infrastructure need improvement,valid,Facilities,negative
no proper seating arrangement,valid,Facilities,negative
electricity issue happen often,valid,Facilities,negative
projector not work properly,valid,Facilities,negative
campus cleanliness poor,valid,Facilities,negative
lab not well equipped,valid,Facilities,negative
maintenance very slow,valid,Facilities,negative
air conditioning not working,valid,Facilities,negative
furniture broken,valid,Facilities,negative
water supply inconsistent,valid,Facilities,negative
lighting insufficient,valid,Facilities,negative
noise level too high,valid,Facilities,negative
security not reliable,valid,Facilities,negative
parking space limited,valid,Facilities,negative
hostel facility poor,valid,Facilities,negative
equipment outdated,valid,Facilities,negative
repair take too long,valid,Facilities,negative
food quality very bad,valid,Canteen,negative
canteen overcrowded,valid,Canteen,negative
price too high,valid,Canteen,negative
food often stale,valid,Canteen,negative
very limited food option,valid,Canteen,negative
hygiene standard poor,valid,Canteen,negative
service very slow,valid,Canteen,negative
seating space insufficient,valid,Canteen,negative
food taste not good,valid,Canteen,negative
staff not friendly,valid,Canteen,negative
waiting time too long,valid,Canteen,negative
food portion small,valid,Canteen,negative
cleanliness not maintained,valid,Canteen,negative
menu lack variety,valid,Canteen,negative
utensil not clean,valid,Canteen,negative
drink overpriced,valid,Canteen,negative
cooking quality inconsistent,valid,Canteen,negative
food smell bad sometimes,valid,Canteen,negative
crowd management poor,valid,Canteen,negative
service counter inefficient,valid,Canteen,negative
not enough book available,valid,Library,negative
library timing inconvenient,valid,Library,negative
too noisy inside library,valid,Library,negative
book outdated,valid,Library,negative
seating space limited,valid,Library,negative
computer not working,valid,Library,negative
staff not helpful,valid,Library,negative
book search system slow,valid,Library,negative
lighting insufficient,valid,Library,negative
library rule too strict,valid,Library,negative
ac not functioning properly,valid,Library,negative
wifi connectivity poor,valid,Library,negative
not enough study space,valid,Library,negative
old edition book,valid,Library,negative
noise control lacking,valid,Library,negative
digital resource limited,valid,Library,negative
book issue process slow,valid,Library,negative
staff unresponsive,valid,Library,negative
library overcrowded,valid,Library,negative
maintenance poor,valid,Library,negative
website very slow,valid,Website,negative
portal crash frequently,valid,Website,negative
ui confusing,valid,Website,negative
login issue happen often,valid,Website,negative
navigation not user friendly,valid,Website,negative
page take too long load,valid,Website,negative
error appear frequently,valid,Website,negative
design look outdated,valid,Website,negative
feature not working properly,valid,Website,negative
too many bug system,valid,Website,negative
server downtime frequent,valid,Website,negative
search function not work well,valid,Website,negative
mobile version not responsive,valid,Website,negative
data not update correctly,valid,Website,negative
navigation menu broken,valid,Website,negative
too many unnecessary click,valid,Website,negative
session expires too quickly,valid,Website,negative
loading error common,valid,Website,negative
ui element overlap,valid,Website,negative
website performance poor,valid,Website,negative
teaching quality very poor,valid,Academics,negative
syllabus outdated not useful,valid,Academics,negative
lecture not conducted properly,valid,Academics,negative
concept not explained clearly,valid,Academics,negative
too much academic pressure,valid,Academics,negative
faculty not help student,valid,Academics,negative
assignment not reviewed properly,valid,Academics,negative
no proper exam preparation guidance,valid,Academics,negative
study material insufficient,valid,Academics,negative
class cancelled frequently,valid,Academics,negative
teaching method ineffective,valid,Academics,negative
doubt not cleared properly,valid,Academics,negative
course structure confusing,valid,Academics,negative
practical session poorly handled,valid,Academics,negative
evaluation system feel unfair,valid,Academics,negative
faculty not approachable,valid,Academics,negative
too much theoretical focus,valid,Academics,negative
no industry exposure syllabus,valid,Academics,negative
exam not well organized,valid,Academics,negative
academic planning poor,valid,Academics,negative
administration very slow,valid,administration,negative
office staff not helpful,valid,administration,negative
too much delay processing form,valid,administration,negative
management communication unclear,valid,administration,negative
request ignored frequently,valid,administration,negative
administrative work inefficient,valid,administration,negative
no proper response admin office,valid,administration,negative
approval process take too long,valid,administration,negative
staff behavior unprofessional,valid,administration,negative
too many unnecessary procedure,valid,administration,negative
admin support unreliable,valid,administration,negative
complaint handling poor,valid,administration,negative
document get delayed often,valid,administration,negative
information provided incorrect,valid,administration,negative
no transparency process,valid,administration,negative
workload handling inefficient,valid,administration,negative
staff often unavailable,valid,administration,negative
request lost frequently,valid,administration,negative
communication gap huge,valid,administration,negative
admin office disorganized,valid,administration,negative
classroom need renovation,valid,Facilities,negative
lab equipment insufficient,valid,Facilities,negative
campus maintenance weak,valid,Facilities,negative
classroom ventilation poor,valid,Facilities,negative
water cooler not working,valid,Facilities,negative
campus hygiene poor,valid,Facilities,negative
electric socket broken,valid,Facilities,negative
furniture quality bad,valid,Facilities,negative
lab computer outdated,valid,Facilities,negative
campus road damaged,valid,Facilities,negative
lighting corridor poor,valid,Facilities,negative
no proper maintenance staff,valid,Facilities,negative
restroom lack cleanliness,valid,Facilities,negative
infrastructure outdated,valid,Facilities,negative
campus security weak,valid,Facilities,negative
sport facility poor,valid,Facilities,negative
library building need repair,valid,Facilities,negative
hostel room not clean,valid,Facilities,negative
garbage disposal poor,valid,Facilities,negative
maintenance request ignored,valid,Facilities,negative
food quality unacceptable,valid,Canteen,negative
canteen hygiene poor,valid,Canteen,negative
food price unreasonable,valid,Canteen,negative
food not fresh,valid,Canteen,negative
canteen lack variety,valid,Canteen,negative
service delay frustrating,valid,Canteen,negative
staff behavior rude,valid,Canteen,negative
crowd not managed properly,valid,Canteen,negative
food preparation unhygienic,valid,Canteen,negative
food quality inconsistent,valid,Canteen,negative
waiting time excessive,valid,Canteen,negative
utensil dirty,valid,Canteen,negative
canteen seating inadequate,valid,Canteen,negative
menu option limited,valid,Canteen,negative
canteen service inefficient,valid,Canteen,negative
library feel peaceful calm,valid,library,positive
found book easily today,valid,library,positive
seating very comfortable,valid,library,positive
staff helped quickly,valid,library,positive
study environment excellent,valid,library,positive
book well arranged,valid,library,positive
reading area clean,valid,library,positive
lighting perfect studying,valid,library,positive
reference section helpful,valid,library,positive
silence maintained well,valid,library,positive
library very clean,valid,library,positive
air feel fresh inside,valid,library,positive
chair comfortable,valid,library,positive
staff very polite,valid,library,positive
book issue process smooth,valid,library,positive
timing convenient,valid,library,positive
digital system work well,valid,library,positive
table spacious,valid,library,positive
study cabin useful,valid,library,positive
environment help focus,valid,library,positive
book good condition,valid,library,positive
library layout neat,valid,library,positive
journal easy find,valid,library,positive
everything well organized,valid,library,positive
staff response quick,valid,library,positive
reading corner cozy,valid,library,positive
library feel relaxing,valid,library,positive
desk well spaced,valid,library,positive
ventilation good,valid,library,positive
help desk useful,valid,library,positive
book collection good,valid,library,positive
library perfect study,valid,library,positive
resource easily available,valid,library,positive
staff support great,valid,library,positive
library look organized,valid,library,positive
atmosphere motivating,valid,library,positive
study area quiet,valid,library,positive
cleanliness maintained,valid,library,positive
library space great,valid,library,positive
arrangement proper,valid,library,positive
reading comfortable,valid,library,positive
service efficient,valid,library,positive
space sufficient,valid,library,positive
quiet zone helpful,valid,library,positive
library experience great,valid,library,positive
library very शत,valid,library,positive
book easy access,valid,library,positive
study table clean,valid,library,positive
staff cooperative,valid,library,positive
library feel fresh,valid,library,positive
seating arrangement good,valid,library,positive
reading environment nice,valid,library,positive
book updated,valid,library,positive
library well maintained,valid,library,positive
space comfortable,valid,library,positive
library staff helpful,valid,library,positive
study room useful,valid,library,positive
lighting bright,valid,library,positive
book collection rich,valid,library,positive
library rule followed,valid,library,positive
silence support focus,valid,library,positive
library layout clear,valid,library,positive
reading experience good,valid,library,positive
book system work smoothly,valid,library,positive
environment peaceful,valid,library,positive
library timing good,valid,library,positive
staff behavior nice,valid,library,positive
study desk comfortable,valid,library,positive
book easy find,valid,library,positive
library ideal study,valid,library,positive
clean space help concentration,valid,library,positive
library feel organized,valid,library,positive
air conditioning work well,valid,library,positive
reading zone quiet,valid,library,positive
library good resource,valid,library,positive
study area well managed,valid,library,positive
staff assistance quick,valid,library,positive
library calm quiet,valid,library,positive
book arranged neatly,valid,library,positive
library environment perfect,valid,library,positive
study place comfortable,valid,library,positive
library clean tidy,valid,library,positive
reference book useful,valid,library,positive
reading space peaceful,valid,library,positive
library service smooth,valid,library,positive
staff supportive,valid,library,positive
library easy navigate,valid,library,positive
study experience great,valid,library,positive
book availability good,valid,library,positive
library feel comfortable,valid,library,positive
reading environment focused,valid,library,positive
library well structured,valid,library,positive
seating space enough,valid,library,positive
book accessible,valid,library,positive
library student friendly,valid,library,positive
study atmosphere calm,valid,library,positive
library peaceful,valid,library,positive
resource helpful,valid,library,positive
library great studying,valid,library,positive
overall experience excellent,valid,library,positive
library ambience very nice,valid,library,positive
study space feel very comfortable,valid,library,positive
library support excellent,valid,library,positive
canteen food taste great,valid,canteen,positive
meal fresh delicious,valid,canteen,positive
snack crispy tasty,valid,canteen,positive
juice refreshing,valid,canteen,positive
canteen clean hygienic,valid,canteen,positive
service quick,valid,canteen,positive
menu good variety,valid,canteen,positive
breakfast satisfying,valid,canteen,positive
lunch meal tasty,valid,canteen,positive
evening snack enjoyable,valid,canteen,positive
food always fresh,valid,canteen,positive
canteen staff friendly,valid,canteen,positive
seating area comfortable,valid,canteen,positive
tea taste good,valid,canteen,positive
coffee well made,valid,canteen,positive
meal affordable,valid,canteen,positive
food portion sufficient,valid,canteen,positive
table clean,valid,canteen,positive
snack option good,valid,canteen,positive
canteen feel lively,valid,canteen,positive
queue move fast,valid,canteen,positive
staff service polite,valid,canteen,positive
meal served quickly,valid,canteen,positive
food smell nice,valid,canteen,positive
canteen experience pleasant,valid,canteen,positive
food quality consistent,valid,canteen,positive
breakfast item tasty,valid,canteen,positive
lunch satisfying,valid,canteen,positive
snack fresh,valid,canteen,positive
juice refreshing,valid,canteen,positive
canteen hygiene good,valid,canteen,positive
service efficient,valid,canteen,positive
menu option nice,valid,canteen,positive
food served hot,valid,canteen,positive
staff cooperative,valid,canteen,positive
seating neat,valid,canteen,positive
tea refreshing,valid,canteen,positive
coffee taste good,valid,canteen,positive
meal worth price,valid,canteen,positive
food quantity good,valid,canteen,positive
table maintained clean,valid,canteen,positive
snack variety enjoyable,valid,canteen,positive
canteen welcoming,valid,canteen,positive
queue managed well,valid,canteen,positive
staff helpful,valid,canteen,positive
food served time,valid,canteen,positive
meal taste delicious,valid,canteen,positive
food freshness good,valid,canteen,positive
snack tasty,valid,canteen,positive
juice taste fresh,valid,canteen,positive
canteen well maintained,valid,canteen,positive
service smooth,valid,canteen,positive
menu interesting,valid,canteen,positive
breakfast good,valid,canteen,positive
lunch quality good,valid,canteen,positive
snack enjoyable,valid,canteen,positive
food hygienic,valid,canteen,positive
staff behavior nice,valid,canteen,positive
seating area clean,valid,canteen,positive
tea perfect,valid,canteen,positive
coffee refreshing,valid,canteen,positive
meal filling,valid,canteen,positive
food portion nice,valid,canteen,positive
table tidy,valid,canteen,positive
snack option plenty,valid,canteen,positive
canteen feel comfortable,valid,canteen,positive
queue system good,valid,canteen,positive
staff service quick,valid,canteen,positive
meal well served,valid,canteen,positive
food quality great,valid,canteen,positive
breakfast feel fresh,valid,canteen,positive
lunch meal well prepared,valid,canteen,positive
snack served hot,valid,canteen,positive
juice tasty,valid,canteen,positive
canteen cleanliness good,valid,canteen,positive
service fast,valid,canteen,positive
menu diverse,valid,canteen,positive
food enjoyable,valid,canteen,positive
staff polite,valid,canteen,positive
seating well arranged,valid,canteen,positive
tea taste great,valid,canteen,positive
coffee good,valid,canteen,positive
meal satisfying,valid,canteen,positive
food quantity sufficient,valid,canteen,positive
table clean neat,valid,canteen,positive
snack fresh good,valid,canteen,positive
canteen environment nice,valid,canteen,positive
queue move smoothly,valid,canteen,positive
staff responsive,valid,canteen,positive
food served fast,valid,canteen,positive
meal tasty fresh,valid,canteen,positive
food quality nice,valid,canteen,positive
snack delicious,valid,canteen,positive
juice option good,valid,canteen,positive
canteen hygienic,valid,canteen,positive
service quality good,valid,canteen,positive
overall canteen experience great,valid,canteen,positive
canteen meal very enjoyable,valid,canteen,positive
food taste consistently good,valid,canteen,positive
snack always fresh,valid,canteen,positive
juice refreshing tasty,valid,canteen,positive
canteen service reliable,valid,canteen,positive
overall food quality excellent,valid,canteen,positive
faculty explains concept clearly,valid,academics,positive
class very interactive,valid,academics,positive
note easy understand,valid,academics,positive
teacher supportive,valid,academics,positive
doubt session helpful,valid,academics,positive
assignment improve understanding,valid,academics,positive
study material useful,valid,academics,positive
example make concept clear,valid,academics,positive
class pace comfortable,valid,academics,positive
weekly test helpful,valid,academics,positive
faculty teaching effective,valid,academics,positive
concept explanation simple,valid,academics,positive
class keep student engaged,valid,academics,positive
note well structured,valid,academics,positive
teacher guide properly,valid,academics,positive
doubt solving quick,valid,academics,positive
assignment useful,valid,academics,positive
study resource good,valid,academics,positive
example easy follow,valid,academics,positive
class timing convenient,valid,academics,positive
test improve preparation,valid,academics,positive
faculty approachable,valid,academics,positive
concept well explained,valid,academics,positive
class engaging,valid,academics,positive
note help revision,valid,academics,positive
teacher helpful,valid,academics,positive
doubt session effective,valid,academics,positive
assignment enhance learning,valid,academics,positive
study material clear,valid,academics,positive
example simplify topic,valid,academics,positive
class flow smooth,valid,academics,positive
test beneficial,valid,academics,positive
faculty support good,valid,academics,positive
concept clarity achieved,valid,academics,positive
class well conducted,valid,academics,positive
note informative,valid,academics,positive
teacher kind,valid,academics,positive
doubt solving helpful,valid,academics,positive
assignment meaningful,valid,academics,positive
study content relevant,valid,academics,positive
example improve learning,valid,academics,positive
class pace balanced,valid,academics,positive
test support revision,valid,academics,positive
faculty supportive,valid,academics,positive
concept easy grasp,valid,academics,positive
class interesting,valid,academics,positive
note detailed,valid,academics,positive
teacher encouraging,valid,academics,positive
doubt session clear confusion,valid,academics,positive
assignment build knowledge,valid,academics,positive
study material structured,valid,academics,positive
example practical,valid,academics,positive
class environment positive,valid,academics,positive
test track progress well,valid,academics,positive
faculty interaction good,valid,academics,positive
concept explained nicely,valid,academics,positive
class productive,valid,academics,positive
note very useful,valid,academics,positive
teacher explain clarity,valid,academics,positive
doubt session smooth,valid,academics,positive
assignment well planned,valid,academics,positive
study material helpful,valid,academics,positive
example simple,valid,academics,positive
class structure good,valid,academics,positive
test well designed,valid,academics,positive
faculty explains step step,valid,academics,positive
concept made easy,valid,academics,positive
class clear,valid,academics,positive
note organized,valid,academics,positive
teacher attentive,valid,academics,positive
doubt session interactive,valid,academics,positive
assignment helpful,valid,academics,positive
study content clear,valid,academics,positive
example help understanding,valid,academics,positive
class pace good,valid,academics,positive
test useful,valid,academics,positive
faculty guidance strong,valid,academics,positive
concept learning effective,valid,academics,positive
class structured well,valid,academics,positive
note clear,valid,academics,positive
teacher support learning,valid,academics,positive
doubt solving efficient,valid,academics,positive
assignment beneficial,valid,academics,positive
study material easy,valid,academics,positive
example understandable,valid,academics,positive
class flow smooth,valid,academics,positive
test helpful learning,valid,academics,positive
faculty very helpful,valid,academics,positive
concept well taught,valid,academics,positive
class enjoyable,valid,academics,positive
note help lot,valid,academics,positive
teacher very supportive,valid,academics,positive
doubt session effective,valid,academics,positive
overall academic experience great,valid,academics,positive
learning experience very positive,valid,academics,positive
faculty support excellent,valid,academics,positive
concept clarity very good,valid,academics,positive
office staff very helpful,valid,administration,positive
process smooth quick,valid,administration,positive
staff handled request efficiently,valid,administration,positive
guidance clear useful,valid,administration,positive
work completed quickly,valid,administration,positive
support team responsive,valid,administration,positive
office environment pleasant,valid,administration,positive
staff communication clear,valid,administration,positive
request processed fast,valid,administration,positive
service quality good,valid,administration,positive
staff behavior polite,valid,administration,positive
office work well managed,valid,administration,positive
help desk very useful,valid,administration,positive
query resolved quickly,valid,administration,positive
staff cooperative,valid,administration,positive
office timing convenient,valid,administration,positive
process easy follow,valid,administration,positive
guidance always helpful,valid,administration,positive
request handled smoothly,valid,administration,positive
staff supportive,valid,administration,positive
service efficient,valid,administration,positive
office atmosphere calm,valid,administration,positive
staff explain procedure clearly,valid,administration,positive
work done without delay,valid,administration,positive
support always available,valid,administration,positive
office service reliable,valid,administration,positive
staff approachable,valid,administration,positive
process smooth,valid,administration,positive
guidance easy understand,valid,administration,positive
request get quick response,valid,administration,positive
staff maintain professionalism,valid,administration,positive
office operation efficient,valid,administration,positive
help desk support great,valid,administration,positive
query handled politely,valid,administration,positive
staff coordination good,valid,administration,positive
office workflow smooth,valid,administration,positive
guidance accurate,valid,administration,positive
request completed time,valid,administration,positive
staff assistance quick,valid,administration,positive
office staff kind,valid,administration,positive
service experience good,valid,administration,positive
office environment friendly,valid,administration,positive
staff well trained,valid,administration,positive
process clearly explained,valid,administration,positive
request handled professionally,valid,administration,positive
support consistent,valid,administration,positive
office staff respond quickly,valid,administration,positive
guidance very clear,valid,administration,positive
work completion fast,valid,administration,positive
staff efficient,valid,administration,positive
office service helpful,valid,administration,positive
help desk responds quickly,valid,administration,positive
query solved efficiently,valid,administration,positive
staff attentive,valid,administration,positive
office process simple,valid,administration,positive
guidance helpful,valid,administration,positive
request processed smoothly,valid,administration,positive
staff very responsive,valid,administration,positive
office service run smoothly,valid,administration,positive
support always available,valid,administration,positive
staff communication effective,valid,administration,positive
office staff friendly,valid,administration,positive
service quick reliable,valid,administration,positive
process handled well,valid,administration,positive
guidance always clear,valid,administration,positive
request completed quickly,valid,administration,positive
staff supportive kind,valid,administration,positive
office system work efficiently,valid,administration,positive
help desk responsive,valid,administration,positive
query resolved properly,valid,administration,positive
staff professional,valid,administration,positive
office service smooth,valid,administration,positive
guidance very useful,valid,administration,positive
request handled well,valid,administration,positive
staff assistance helpful,valid,administration,positive
office work efficient,valid,administration,positive
support team great,valid,administration,positive
staff cooperative polite,valid,administration,positive
office environment feel positive,valid,administration,positive
process easy,valid,administration,positive
guidance smooth,valid,administration,positive
request resolved fast,valid,administration,positive
staff behavior excellent,valid,administration,positive
office service efficient,valid,administration,positive
help desk support quick,valid,administration,positive
query answered well,valid,administration,positive
staff very helpful,valid,administration,positive
office process smooth,valid,administration,positive
guidance clear simple,valid,administration,positive
request handled quickly,valid,administration,positive
staff very supportive,valid,administration,positive
office experience great,valid,administration,positive
support efficient,valid,administration,positive
staff quick respond,valid,administration,positive
office system reliable,valid,administration,positive
guidance always correct,valid,administration,positive
overall administration experience excellent,valid,administration,positive
administration support excellent,valid,administration,positive
office staff very efficient,valid,administration,positive
service quality outstanding,valid,administration,positive
website load very fast,valid,website,positive
portal design look clean,valid,website,positive
navigation very easy,valid,website,positive
dashboard user friendly,valid,website,positive
login work smoothly,valid,website,positive
website layout simple neat,valid,website,positive
page open quickly,valid,website,positive
feature easy access,valid,website,positive
search work efficiently,valid,website,positive
user interface intuitive,valid,website,positive
website performance smooth,valid,website,positive
portal look modern,valid,website,positive
navigation smooth,valid,website,positive
dashboard easy use,valid,website,positive
login system reliable,valid,website,positive
layout clean organized,valid,website,positive
page load instantly,valid,website,positive
feature useful,valid,website,positive
search function fast,valid,website,positive
interface user friendly,valid,website,positive
website work without lag,valid,website,positive
portal interface clear,valid,website,positive
navigation feel smooth,valid,website,positive
dashboard design good,valid,website,positive
login process quick,valid,website,positive
website structure neat,valid,website,positive
page respond quickly,valid,website,positive
feature easy use,valid,website,positive
search accurate,valid,website,positive
interface look clean,valid,website,positive
website speed good,valid,website,positive
portal experience smooth,valid,website,positive
navigation simple,valid,website,positive
dashboard well designed,valid,website,positive
login work perfectly,valid,website,positive
layout user friendly,valid,website,positive
page open fast,valid,website,positive
feature helpful,valid,website,positive
search result quick,valid,website,positive
interface easy,valid,website,positive
website responsive,valid,website,positive
portal run smoothly,valid,website,positive
navigation clear,valid,website,positive
dashboard feel simple,valid,website,positive
login system fast,valid,website,positive
layout clean,valid,website,positive
page well optimized,valid,website,positive
feature smooth,valid,website,positive
search efficient,valid,website,positive
interface neat,valid,website,positive
website speed fast,valid,website,positive
portal easy use,valid,website,positive
navigation intuitive,valid,website,positive
dashboard organized,valid,website,positive
login seamless,valid,website,positive
layout well structured,valid,website,positive
page load quickly,valid,website,positive
feature accessible,valid,website,positive
search work perfectly,valid,website,positive
interface smooth,valid,website,positive
website work efficiently,valid,website,positive
portal design attractive,valid,website,positive
navigation user friendly,valid,website,positive
dashboard simple,valid,website,positive
login easy,valid,website,positive
layout well arranged,valid,website,positive
page respond fast,valid,website,positive
feature reliable,valid,website,positive
search smooth,valid,website,positive
interface clear,valid,website,positive
website run well,valid,website,positive
portal stable,valid,website,positive
navigation convenient,valid,website,positive
dashboard clear,valid,website,positive
login work fine,valid,website,positive
layout simple,valid,website,positive
page load without delay,valid,website,positive
feature functional,valid,website,positive
search result accurate,valid,website,positive
interface responsive,valid,website,positive
website fast,valid,website,positive
portal experience good,valid,website,positive
navigation smooth simple,valid,website,positive
dashboard work well,valid,website,positive
login reliable,valid,website,positive
layout easy understand,valid,website,positive
page quick load,valid,website,positive
feature easy,valid,website,positive
search function helpful,valid,website,positive
interface design good,valid,website,positive
website user friendly,valid,website,positive
portal efficient,valid,website,positive
navigation fast,valid,website,positive
dashboard smooth,valid,website,positive
login system strong,valid,website,positive
layout clean simple,valid,website,positive
overall website experience great,valid,website,positive
website design smooth,valid,website,positive
navigation feel effortless,valid,website,positive
dashboard usability great,valid,website,positive
login experience seamless,valid,website,positive
website structure very clear,valid,website,positive
overall portal performance excellent,valid,website,positive
campus facility excellent,valid,facilities,positive
infrastructure very good,valid,facilities,positive
classroom well maintained,valid,facilities,positive
campus clean hygienic,valid,facilities,positive
lab fully equipped,valid,facilities,positive
facility easily accessible,valid,facilities,positive
campus environment pleasant,valid,facilities,positive
seating arrangement comfortable,valid,facilities,positive
building well designed,valid,facilities,positive
facility meet need,valid,facilities,positive
campus maintenance good,valid,facilities,positive
infrastructure modern,valid,facilities,positive
classroom spacious,valid,facilities,positive
campus cleanliness great,valid,facilities,positive
lab well organized,valid,facilities,positive
facility user friendly,valid,facilities,positive
campus look beautiful,valid,facilities,positive
seating comfortable,valid,facilities,positive
building clean,valid,facilities,positive
facility well managed,valid,facilities,positive
campus service efficient,valid,facilities,positive
infrastructure quality high,valid,facilities,positive
classroom neat,valid,facilities,positive
campus hygiene maintained,valid,facilities,positive
lab advanced,valid,facilities,positive
facility reliable,valid,facilities,positive
campus environment calm,valid,facilities,positive
seating well arranged,valid,facilities,positive
building modern,valid,facilities,positive
facility well planned,valid,facilities,positive
campus upkeep excellent,valid,facilities,positive
infrastructure strong,valid,facilities,positive
classroom clean,valid,facilities,positive
campus well maintained,valid,facilities,positive
lab clean equipped,valid,facilities,positive
facility convenient,valid,facilities,positive
campus look organized,valid,facilities,positive
seating quality good,valid,facilities,positive
building well kept,valid,facilities,positive
facility sufficient,valid,facilities,positive
campus management good,valid,facilities,positive
infrastructure excellent,valid,facilities,positive
classroom comfortable,valid,facilities,positive
campus hygiene good,valid,facilities,positive
lab spacious,valid,facilities,positive
facility helpful,valid,facilities,positive
campus peaceful,valid,facilities,positive
seating adequate,valid,facilities,positive
building neat,valid,facilities,positive
facility efficient,valid,facilities,positive
campus well structured,valid,facilities,positive
infrastructure impressive,valid,facilities,positive
classroom bright,valid,facilities,positive
campus maintenance strong,valid,facilities,positive
lab well maintained,valid,facilities,positive
facility practical,valid,facilities,positive
campus attractive,valid,facilities,positive
seating comfortable clean,valid,facilities,positive
building well structured,valid,facilities,positive
facility well developed,valid,facilities,positive
campus organized,valid,facilities,positive
infrastructure solid,valid,facilities,positive
classroom properly arranged,valid,facilities,positive
campus hygienic,valid,facilities,positive
lab functional,valid,facilities,positive
facility good quality,valid,facilities,positive
campus look clean,valid,facilities,positive
seating well planned,valid,facilities,positive
building maintained well,valid,facilities,positive
facility modern,valid,facilities,positive
campus service smooth,valid,facilities,positive
infrastructure efficient,valid,facilities,positive
classroom proper,valid,facilities,positive
campus upkeep good,valid,facilities,positive
lab properly equipped,valid,facilities,positive
facility structured well,valid,facilities,positive
campus beautiful,valid,facilities,positive
seating clean,valid,facilities,positive
building good condition,valid,facilities,positive
facility adequate,valid,facilities,positive
campus management smooth,valid,facilities,positive
infrastructure reliable,valid,facilities,positive
classroom functional,valid,facilities,positive
campus hygiene excellent,valid,facilities,positive
lab efficient,valid,facilities,positive
facility supportive,valid,facilities,positive
campus clean overall,valid,facilities,positive
seating arrangement good,valid,facilities,positive
building nice,valid,facilities,positive
facility top quality,valid,facilities,positive
campus service helpful,valid,facilities,positive
infrastructure well maintained,valid,facilities,positive
classroom user friendly,valid,facilities,positive
campus upkeep maintained,valid,facilities,positive
lab advanced clean,valid,facilities,positive
facility organized,valid,facilities,positive
campus pleasant,valid,facilities,positive
seating proper,valid,facilities,positive
building clean neat,valid,facilities,positive
facility excellent overall,valid,facilities,positive
campus well developed,valid,facilities,positive
infrastructure well planned,valid,facilities,positive
classroom maintained,valid,facilities,positive
campus hygiene proper,valid,facilities,positive
lab modern,valid,facilities,positive
facility high quality,valid,facilities,positive
campus look great,valid,facilities,positive
seating sufficient,valid,facilities,positive
building impressive,valid,facilities,positive
facility well maintained,valid,facilities,positive
campus environment excellent,valid,facilities,positive
overall facility outstanding,valid,facilities,positive
library available use,valid,library,neutral
book present library,valid,library,neutral
library timing fixed,valid,library,neutral
seating arranged library,valid,library,neutral
library multiple section,valid,library,neutral
student visit library regularly,valid,library,neutral
library system functional,valid,library,neutral
book issued student,valid,library,neutral
library environment maintained,valid,library,neutral
staff present library,valid,library,neutral
library reading space,valid,library,neutral
book categorized,valid,library,neutral
library open working day,valid,library,neutral
student access library,valid,library,neutral
library contains study material,valid,library,neutral
library rule followed,valid,library,neutral
book arranged shelf,valid,library,neutral
library provides seating,valid,library,neutral
student use library service,valid,library,neutral
library maintains record,valid,library,neutral
book returned time,valid,library,neutral
library system organized,valid,library,neutral
library multiple rack,valid,library,neutral
library provides resource,valid,library,neutral
library accessible student,valid,library,neutral
book available reference,valid,library,neutral
library study table,valid,library,neutral
library function daily,valid,library,neutral
student read book library,valid,library,neutral
library service used,valid,library,neutral
book issued regularly,valid,library,neutral
library space utilized,valid,library,neutral
library follows schedule,valid,library,neutral
student borrow book,valid,library,neutral
library reading desk,valid,library,neutral
book stored properly,valid,library,neutral
library support study need,valid,library,neutral
library basic facility,valid,library,neutral
student visit study,valid,library,neutral
library part campus,valid,library,neutral
library maintained daily,valid,library,neutral
book placed rack,valid,library,neutral
library includes academic book,valid,library,neutral
library operates regularly,valid,library,neutral
library fixed rule,valid,library,neutral
student sit study,valid,library,neutral
library organized section,valid,library,neutral
book labeled,valid,library,neutral
library support student,valid,library,neutral
library accessible,valid,library,neutral
library includes reference,valid,library,neutral
student use reading space,valid,library,neutral
library part academic,valid,library,neutral
library staff support,valid,library,neutral
book maintained,valid,library,neutral
library study environment,valid,library,neutral
library quiet area,valid,library,neutral
library includes textbook,valid,library,neutral
library structured,valid,library,neutral
student follow rule,valid,library,neutral
library storage system,valid,library,neutral
book updated periodically,valid,library,neutral
library support reading habit,valid,library,neutral
library includes journal,valid,library,neutral
library function schedule,valid,library,neutral
student refer book,valid,library,neutral
library maintains discipline,valid,library,neutral
library shelf,valid,library,neutral
library contains academic resource,valid,library,neutral
student use table study,valid,library,neutral
library proper lighting,valid,library,neutral
book arranged systematically,valid,library,neutral
library management system,valid,library,neutral
student access book,valid,library,neutral
library includes study material,valid,library,neutral
library functional,valid,library,neutral
book checked,valid,library,neutral
library reading zone,valid,library,neutral
student maintain silence,valid,library,neutral
library provides information,valid,library,neutral
library operational,valid,library,neutral
book available,valid,library,neutral
library contains different genre,valid,library,neutral
library infrastructure,valid,library,neutral
student spend time reading,valid,library,neutral
library catalog system,valid,library,neutral
book listed properly,valid,library,neutral
library help study,valid,library,neutral
library structured well,valid,library,neutral
student use regularly,valid,library,neutral
library contains educational material,valid,library,neutral
library organized,valid,library,neutral
book issued returned,valid,library,neutral
library accessible,valid,library,neutral
student utilize library,valid,library,neutral
library seating capacity,valid,library,neutral
library includes resource study,valid,library,neutral
library managed properly,valid,library,neutral
student read quietly,valid,library,neutral
library continues function,valid,library,neutral
library standard facility,valid,library,neutral
book placed order,valid,library,neutral
library follows regular timing,valid,library,neutral
student access resource daily,valid,library,neutral
library reading chair,valid,library,neutral
book kept section,valid,library,neutral
library includes academic journal,valid,library,neutral
student visit reference,valid,library,neutral
library environment quiet,valid,library,neutral
book issued system,valid,library,neutral
library maintains record book,valid,library,neutral
student use table reading,valid,library,neutral
library used study session,valid,library,neutral
book arranged subject,valid,library,neutral
library includes digital record,valid,library,neutral
student sit reading area,valid,library,neutral
library organized rack,valid,library,neutral
book catalogued,valid,library,neutral
library part academic system,valid,library,neutral
student borrow material,valid,library,neutral
library contains reference book,valid,library,neutral
library lighting setup,valid,library,neutral
book placed neatly,valid,library,neutral
library management rule,valid,library,neutral
student access library service,valid,library,neutral
library provides reading environment,valid,library,neutral
book stacked shelf,valid,library,neutral
library includes study desk,valid,library,neutral
student use library resource,valid,library,neutral
library maintains discipline,valid,library,neutral
book categorized properly,valid,library,neutral
library access system,valid,library,neutral
student visit assignment,valid,library,neutral
library support coursework,valid,library,neutral
book issued staff,valid,library,neutral
library record keeping,valid,library,neutral
student follow silence rule,valid,library,neutral
library includes academic material,valid,library,neutral
book kept safely,valid,library,neutral
library used study hour,valid,library,neutral
student read group sometimes,valid,library,neutral
library reference section,valid,library,neutral
book arranged alphabetically,valid,library,neutral
library study table,valid,library,neutral
student refer note,valid,library,neutral
library contains syllabus book,valid,library,neutral
book issued daily,valid,library,neutral
library maintains book list,valid,library,neutral
student use space reading,valid,library,neutral
library available weekday,valid,library,neutral
book returned use,valid,library,neutral
library organized storage,valid,library,neutral
student use resource regularly,valid,library,neutral
library quiet zone,valid,library,neutral
book arranged neatly,valid,library,neutral
library entry system,valid,library,neutral
student use library break,valid,library,neutral
library contains different subject,valid,library,neutral
book managed staff,valid,library,neutral
library system issue return,valid,library,neutral
student follow library timing,valid,library,neutral
library reading arrangement,valid,library,neutral
book organized shelf,valid,library,neutral
library includes academic support,valid,library,neutral
student use research,valid,library,neutral
library book record,valid,library,neutral
book categorized topic,valid,library,neutral
library structured student,valid,library,neutral
student visit library study,valid,library,neutral
library reading facility,valid,library,neutral
book issued rule,valid,library,neutral
library support academic need,valid,library,neutral
student follow guideline,valid,library,neutral
library proper storage,valid,library,neutral
book stored systematically,valid,library,neutral
library includes educational content,valid,library,neutral
student use reading desk,valid,library,neutral
library maintained regularly,valid,library,neutral
book available study,valid,library,neutral
library study infrastructure,valid,library,neutral
student use library space,valid,library,neutral
library provides basic facility,valid,library,neutral
book listed catalog,valid,library,neutral
library includes reading area,valid,library,neutral
student access material easily,valid,library,neutral
library book issue counter,valid,library,neutral
book arranged category,valid,library,neutral
library support exam preparation,valid,library,neutral
student read silently,valid,library,neutral
library organized system,valid,library,neutral
book used reference,valid,library,neutral
library contains academic book,valid,library,neutral
student follow library rule,valid,library,neutral
library standard setup,valid,library,neutral
book properly labeled,valid,library,neutral
library includes reading material,valid,library,neutral
student visit library regularly,valid,library,neutral
library seating area,valid,library,neutral
book kept rack,valid,library,neutral
library continues operate daily,valid,library,neutral
library consistent usage,valid,library,neutral
book accessible user,valid,library,neutral
library follows academic schedule,valid,library,neutral
student use library preparation,valid,library,neutral
library resource utilized,valid,library,neutral
canteen open working hour,valid,canteen,neutral
food served canteen,valid,canteen,neutral
student visit canteen regularly,valid,canteen,neutral
canteen seating arrangement,valid,canteen,neutral
menu item available,valid,canteen,neutral
canteen operates daily,valid,canteen,neutral
food prepared kitchen,valid,canteen,neutral
student purchase food item,valid,canteen,neutral
canteen table chair,valid,canteen,neutral
service provided counter,valid,canteen,neutral
canteen includes different food option,valid,canteen,neutral
student gather canteen,valid,canteen,neutral
canteen follows fixed timing,valid,canteen,neutral
food available break,valid,canteen,neutral
student eat meal canteen,valid,canteen,neutral
canteen staff serve food,valid,canteen,neutral
seating arranged inside,valid,canteen,neutral
canteen regular customer,valid,canteen,neutral
food item displayed,valid,canteen,neutral
student use canteen service,valid,canteen,neutral
canteen billing counter,valid,canteen,neutral
food prepared fresh daily,valid,canteen,neutral
student stand queue,valid,canteen,neutral
canteen area used eating,valid,canteen,neutral
menu displayed board,valid,canteen,neutral
student spend time canteen,valid,canteen,neutral
canteen part campus,valid,canteen,neutral
food served plate,valid,canteen,neutral
student visit lunch time,valid,canteen,neutral
canteen indoor seating,valid,canteen,neutral
service staff available,valid,canteen,neutral
canteen provides snack meal,valid,canteen,neutral
student interact canteen,valid,canteen,neutral
canteen operates college hour,valid,canteen,neutral
food cooked batch,valid,canteen,neutral
student order food counter,valid,canteen,neutral
canteen includes beverage option,valid,canteen,neutral
seating capacity moderate,valid,canteen,neutral
canteen multiple food item,valid,canteen,neutral
student sit eat,valid,canteen,neutral
canteen serving area,valid,canteen,neutral
food stored properly,valid,canteen,neutral
student wait order,valid,canteen,neutral
canteen includes basic facility,valid,canteen,neutral
food served quickly,valid,canteen,neutral
student visit free time,valid,canteen,neutral
canteen organized layout,valid,canteen,neutral
food item prepared regularly,valid,canteen,neutral
student pay billing counter,valid,canteen,neutral
canteen includes meal option,valid,canteen,neutral
seating used student,valid,canteen,neutral
canteen kitchen area,valid,canteen,neutral
food served customer,valid,canteen,neutral
student use canteen space,valid,canteen,neutral
canteen operates schedule,valid,canteen,neutral
menu includes variety item,valid,canteen,neutral
student buy snack,valid,canteen,neutral
canteen serving staff,valid,canteen,neutral
food placed tray,valid,canteen,neutral
student collect food order,valid,canteen,neutral
canteen includes daily menu,valid,canteen,neutral
seating arranged row,valid,canteen,neutral
canteen food counter,valid,canteen,neutral
student eat together,valid,canteen,neutral
canteen support student need,valid,canteen,neutral
food served portion,valid,canteen,neutral
student visit frequently,valid,canteen,neutral
canteen structured service,valid,canteen,neutral
menu board visible,valid,canteen,neutral
student stand line,valid,canteen,neutral
canteen active break,valid,canteen,neutral
food distributed counter,valid,canteen,neutral
student sit table,valid,canteen,neutral
canteen operational hour,valid,canteen,neutral
food served hot,valid,canteen,neutral
student use tray,valid,canteen,neutral
canteen includes basic service,valid,canteen,neutral
seating area occupied,valid,canteen,neutral
canteen food preparation area,valid,canteen,neutral
student consume meal,valid,canteen,neutral
canteen maintained regularly,valid,canteen,neutral
food handled staff,valid,canteen,neutral
student move,valid,canteen,neutral
canteen includes snack item,valid,canteen,neutral
seating shared among student,valid,canteen,neutral
canteen organized service flow,valid,canteen,neutral
food served time,valid,canteen,neutral
student gather group,valid,canteen,neutral
canteen designated eating area,valid,canteen,neutral
menu item rotated,valid,canteen,neutral
student purchase beverage,valid,canteen,neutral
canteen standard setup,valid,canteen,neutral
food available throughout day,valid,canteen,neutral
student use canteen daily,valid,canteen,neutral
canteen continues operate regularly,valid,canteen,neutral
canteen regular operation,valid,canteen,neutral
food prepared per schedule,valid,canteen,neutral
student visit interval,valid,canteen,neutral
canteen provides eating space,valid,canteen,neutral
menu includes daily item,valid,canteen,neutral
canteen working staff,valid,canteen,neutral
food served counter,valid,canteen,neutral
student place food order,valid,canteen,neutral
canteen seating capacity,valid,canteen,neutral
food preparation ongoing,valid,canteen,neutral
student eat lunch break,valid,canteen,neutral
canteen service flow,valid,canteen,neutral
food item listed,valid,canteen,neutral
student use canteen daily,valid,canteen,neutral
canteen includes kitchen staff,valid,canteen,neutral
food handled properly,valid,canteen,neutral
student move serving area,valid,canteen,neutral
canteen standard facility,valid,canteen,neutral
menu available student,valid,canteen,neutral
student eat group,valid,canteen,neutral
canteen operates guideline,valid,canteen,neutral
food distributed evenly,valid,canteen,neutral
student use canteen table,valid,canteen,neutral
canteen includes serving section,valid,canteen,neutral
food prepared batch,valid,canteen,neutral
student line food,valid,canteen,neutral
canteen structured layout,valid,canteen,neutral
menu board displayed clearly,valid,canteen,neutral
student access food item,valid,canteen,neutral
canteen includes meal service,valid,canteen,neutral
food available college hour,valid,canteen,neutral
student spend time eating,valid,canteen,neutral
canteen operational setup,valid,canteen,neutral
food item served regularly,valid,canteen,neutral
student interact eating,valid,canteen,neutral
canteen seating arrangement inside,valid,canteen,neutral
menu includes snack meal,valid,canteen,neutral
student stand queue system,valid,canteen,neutral
canteen serving tray,valid,canteen,neutral
food provided student,valid,canteen,neutral
student use canteen space efficiently,valid,canteen,neutral
canteen includes dining area,valid,canteen,neutral
food served fresh,valid,canteen,neutral
student visit free time,valid,canteen,neutral
canteen working counter,valid,canteen,neutral
menu updated periodically,valid,canteen,neutral
student purchase food daily,valid,canteen,neutral
canteen structured service,valid,canteen,neutral
food preparation area active,valid,canteen,neutral
student use billing counter,valid,canteen,neutral
canteen includes beverage counter,valid,canteen,neutral
food served plate,valid,canteen,neutral
student collect food item,valid,canteen,neutral
canteen food storage area,valid,canteen,neutral
menu option visible,valid,canteen,neutral
student consume snack,valid,canteen,neutral
canteen operates daily without interruption,valid,canteen,neutral
food prepared routine process,valid,canteen,neutral
student sit across table,valid,canteen,neutral
canteen defined structure,valid,canteen,neutral
menu board placed centrally,valid,canteen,neutral
student access meal easily,valid,canteen,neutral
canteen includes preparation staff,valid,canteen,neutral
food served interval,valid,canteen,neutral
student eat designated area,valid,canteen,neutral
canteen basic infrastructure,valid,canteen,neutral
menu contains multiple choice,valid,canteen,neutral
student visit scheduled time,valid,canteen,neutral
canteen organized system,valid,canteen,neutral
food supplied regularly,valid,canteen,neutral
student sit talk,valid,canteen,neutral
canteen includes serving counter,valid,canteen,neutral
menu item prepared daily,valid,canteen,neutral
student use dining space,valid,canteen,neutral
canteen working hour,valid,canteen,neutral
food handled supervision,valid,canteen,neutral
student stand food line,valid,canteen,neutral
canteen includes meal distribution,valid,canteen,neutral
menu includes regular dish,valid,canteen,neutral
student access canteen break,valid,canteen,neutral
canteen proper arrangement,valid,canteen,neutral
food served per demand,valid,canteen,neutral
student gather around table,valid,canteen,neutral
canteen includes service counter,valid,canteen,neutral
menu displayed entrance,valid,canteen,neutral
student use canteen regularly,valid,canteen,neutral
canteen active service system,valid,canteen,neutral
food provided request,valid,canteen,neutral
student sit group,valid,canteen,neutral
canteen includes standard facility,valid,canteen,neutral
menu item served efficiently,valid,canteen,neutral
student eat class break,valid,canteen,neutral
canteen continuous operation,valid,canteen,neutral
food preparation follows routine,valid,canteen,neutral
student move counter,valid,canteen,neutral
canteen seating inside premise,valid,canteen,neutral
menu updated occasionally,valid,canteen,neutral
student access snack item,valid,canteen,neutral
canteen stable functioning,valid,canteen,neutral
food served throughout day,valid,canteen,neutral
canteen operation continue daily,valid,canteen,neutral
food prepared kitchen area,valid,canteen,neutral
student visit canteen break,valid,canteen,neutral
canteen includes dining setup,valid,canteen,neutral
menu contains common food item,valid,canteen,neutral
canteen regular service,valid,canteen,neutral
food served specific counter,valid,canteen,neutral
student purchase meal regularly,valid,canteen,neutral
canteen organized workflow,valid,canteen,neutral
food available student daily,valid,canteen,neutral
class conducted regularly,valid,academics,neutral
student attend lecture daily,valid,academics,neutral
faculty member teach subject,valid,academics,neutral
syllabus followed class,valid,academics,neutral
assignment given student,valid,academics,neutral
exam conducted periodically,valid,academics,neutral
student prepare exam,valid,academics,neutral
class follow timetable,valid,academics,neutral
faculty explain topic class,valid,academics,neutral
student take note lecture,valid,academics,neutral
academic schedule maintained,valid,academics,neutral
subject taught semester wise,valid,academics,neutral
student participate lecture,valid,academics,neutral
assignment submitted time,valid,academics,neutral
exam part curriculum,valid,academics,neutral
class include theory session,valid,academics,neutral
faculty conduct lecture regularly,valid,academics,neutral
student follow academic rule,valid,academics,neutral
academic activity ongoing,valid,academics,neutral
subject divided unit,valid,academics,neutral
student complete coursework,valid,academics,neutral
faculty provide study material,valid,academics,neutral
exam evaluate performance,valid,academics,neutral
class scheduled daily,valid,academics,neutral
student attend practical session,valid,academics,neutral
academic record maintained,valid,academics,neutral
faculty conduct assessment,valid,academics,neutral
student study course subject,valid,academics,neutral
syllabus completed time,valid,academics,neutral
assignment part study,valid,academics,neutral
exam held classroom,valid,academics,neutral
class include discussion,valid,academics,neutral
faculty guide student,valid,academics,neutral
student attend lecture,valid,academics,neutral
academic year follows schedule,valid,academics,neutral
subject covered lecture,valid,academics,neutral
student prepare assignment,valid,academics,neutral
faculty evaluate answer,valid,academics,neutral
exam conducted semester wise,valid,academics,neutral
class include learning session,valid,academics,neutral
student follow timetable,valid,academics,neutral
academic system structured,valid,academics,neutral
subject taught faculty,valid,academics,neutral
assignment reviewed,valid,academics,neutral
exam scheduled advance,valid,academics,neutral
class involve teaching activity,valid,academics,neutral
student attend academic session,valid,academics,neutral
faculty deliver lecture,valid,academics,neutral
academic performance recorded,valid,academics,neutral
subject include theory practical,valid,academics,neutral
assignment checked,valid,academics,neutral
exam evaluated,valid,academics,neutral
class held room,valid,academics,neutral
student complete academic task,valid,academics,neutral
faculty monitor student progress,valid,academics,neutral
academic timetable fixed,valid,academics,neutral
subject organized curriculum,valid,academics,neutral
assignment part evaluation,valid,academics,neutral
exam measure knowledge,valid,academics,neutral
class involve subject teaching,valid,academics,neutral
student participate class,valid,academics,neutral
faculty manage academic work,valid,academics,neutral
academic session conducted,valid,academics,neutral
subject explained lecture,valid,academics,neutral
assignment given regularly,valid,academics,neutral
exam conducted fairly,valid,academics,neutral
class follow structured format,valid,academics,neutral
student follow academic process,valid,academics,neutral
faculty handle teaching duty,valid,academics,neutral
academic system includes exam,valid,academics,neutral
subject distributed across semester,valid,academics,neutral
assignment submitted student,valid,academics,neutral
exam part academic,valid,academics,neutral
class attended student,valid,academics,neutral
faculty conduct class daily,valid,academics,neutral
academic work ongoing,valid,academics,neutral
subject taught step step,valid,academics,neutral
assignment collected,valid,academics,neutral
exam conducted hall,valid,academics,neutral
class include explanation topic,valid,academics,neutral
student complete academic activity,valid,academics,neutral
faculty supervise student,valid,academics,neutral
academic system follows rule,valid,academics,neutral
subject part syllabus,valid,academics,neutral
assignment evaluated teacher,valid,academics,neutral
exam organized properly,valid,academics,neutral
class involve teaching process,valid,academics,neutral
student attend session regularly,valid,academics,neutral
faculty manage lecture,valid,academics,neutral
academic activity continue throughout semester,valid,academics,neutral
academic session held daily,valid,academics,neutral
student attend subject lecture,valid,academics,neutral
faculty explain concept class,valid,academics,neutral
syllabus divided topic,valid,academics,neutral
assignment part coursework,valid,academics,neutral
exam conducted interval,valid,academics,neutral
student prepare academic test,valid,academics,neutral
class organized per schedule,valid,academics,neutral
faculty conduct lecture classroom,valid,academics,neutral
student take part academic session,valid,academics,neutral
academic activity follow timetable,valid,academics,neutral
subject covered semester,valid,academics,neutral
student complete classwork,valid,academics,neutral
faculty assign academic task,valid,academics,neutral
exam used evaluation,valid,academics,neutral
class involve subject teaching,valid,academics,neutral
student participate discussion,valid,academics,neutral
academic record updated,valid,academics,neutral
faculty assess student work,valid,academics,neutral
subject taught instructor,valid,academics,neutral
assignment given periodically,valid,academics,neutral
exam conducted per plan,valid,academics,neutral
class include explanation session,valid,academics,neutral
student attend practical class,valid,academics,neutral
academic calendar followed,valid,academics,neutral
faculty conduct regular teaching,valid,academics,neutral
subject explained stepwise,valid,academics,neutral
assignment reviewed faculty,valid,academics,neutral
exam conducted systematically,valid,academics,neutral
class part curriculum,valid,academics,neutral
student attend session,valid,academics,neutral
academic system includes coursework,valid,academics,neutral
faculty guide academic progress,valid,academics,neutral
subject covered fully,valid,academics,neutral
assignment part grading,valid,academics,neutral
exam scheduled semester wise,valid,academics,neutral
class include subject discussion,valid,academics,neutral
student engage learning,valid,academics,neutral
academic structure followed,valid,academics,neutral
faculty conduct lesson,valid,academics,neutral
subject divided across unit,valid,academics,neutral
assignment submitted regularly,valid,academics,neutral
exam conducted subject,valid,academics,neutral
class held per routine,valid,academics,neutral
student take part activity,valid,academics,neutral
academic work continuous,valid,academics,neutral
faculty support student learning,valid,academics,neutral
subject explained clearly,valid,academics,neutral
assignment part evaluation system,valid,academics,neutral
exam measure academic progress,valid,academics,neutral
class involve teaching method,valid,academics,neutral
student attend regularly,valid,academics,neutral
academic session include lecture,valid,academics,neutral
faculty conduct academic session,valid,academics,neutral
subject taught throughout semester,valid,academics,neutral
assignment collected review,valid,academics,neutral
exam conducted supervision,valid,academics,neutral
class organized efficiently,valid,academics,neutral
student complete assigned work,valid,academics,neutral
academic system follows structure,valid,academics,neutral
faculty provide instruction,valid,academics,neutral
subject explained class hour,valid,academics,neutral
assignment part student work,valid,academics,neutral
exam conducted sequence,valid,academics,neutral
class include lecture session,valid,academics,neutral
student follow academic rule,valid,academics,neutral
academic timetable maintained,valid,academics,neutral
faculty evaluate student answer,valid,academics,neutral
subject taught according syllabus,valid,academics,neutral
assignment part course requirement,valid,academics,neutral
exam conducted regularly,valid,academics,neutral
class involve teaching learning,valid,academics,neutral
student participate class activity,valid,academics,neutral
academic session structured,valid,academics,neutral
faculty conduct teaching session,valid,academics,neutral
subject explained detail,valid,academics,neutral
assignment given practice,valid,academics,neutral
exam part assessment system,valid,academics,neutral
class conducted planned,valid,academics,neutral
student follow academic guideline,valid,academics,neutral
academic process maintained,valid,academics,neutral
faculty guide coursework,valid,academics,neutral
subject part curriculum design,valid,academics,neutral
assignment submitted within time,valid,academics,neutral
exam conducted across subject,valid,academics,neutral
class include subject explanation,valid,academics,neutral
student attend lecture regularly,valid,academics,neutral
academic activity ongoing,valid,academics,neutral
faculty provide academic guidance,valid,academics,neutral
subject covered step step,valid,academics,neutral
assignment checked faculty,valid,academics,neutral
exam conducted properly,valid,academics,neutral
class involve structured teaching,valid,academics,neutral
student complete study task,valid,academics,neutral
academic system run throughout year,valid,academics,neutral
faculty monitor academic work,valid,academics,neutral
subject part regular study,valid,academics,neutral
assignment included grading,valid,academics,neutral
exam held per academic plan,valid,academics,neutral
class continue scheduled,valid,academics,neutral
academic lecture continue daily,valid,academics,neutral
student attend subject class,valid,academics,neutral
faculty conduct regular session,valid,academics,neutral
syllabus followed teaching,valid,academics,neutral
assignment given student,valid,academics,neutral
exam part academic,valid,academics,neutral
class conducted regularly,valid,academics,neutral
student complete academic task,valid,academics,neutral
faculty evaluate assignment,valid,academics,neutral
subject taught class,valid,academics,neutral
academic session follow timetable,valid,academics,neutral
student participate lecture,valid,academics,neutral
assignment part coursework,valid,academics,neutral
exam conducted semester wise,valid,academics,neutral
class part academic routine,valid,academics,neutral
administrative task handled daily,valid,administration,neutral
office staff manage student record,valid,administration,neutral
administrative process follow rule,valid,administration,neutral
staff handle documentation work,valid,administration,neutral
administrative office operates hour,valid,administration,neutral
record maintained office,valid,administration,neutral
staff assist administrative query,valid,administration,neutral
administrative procedure followed,valid,administration,neutral
office handle student request,valid,administration,neutral
administrative work done regularly,valid,administration,neutral
staff process form submitted,valid,administration,neutral
administrative system place,valid,administration,neutral
office staff maintain record,valid,administration,neutral
administrative work includes documentation,valid,administration,neutral
staff assist office operation,valid,administration,neutral
administrative service available,valid,administration,neutral
office handle official communication,valid,administration,neutral
administrative task follow guideline,valid,administration,neutral
staff manage student data,valid,administration,neutral
office process administrative request,valid,administration,neutral
administrative work continuous,valid,administration,neutral
staff maintain official record,valid,administration,neutral
administrative office handle operation,valid,administration,neutral
office staff assist student,valid,administration,neutral
administrative procedure implemented,valid,administration,neutral
staff handle office responsibility,valid,administration,neutral
administrative system run daily,valid,administration,neutral
office manages document,valid,administration,neutral
administrative work includes record keeping,valid,administration,neutral
staff process administrative data,valid,administration,neutral
office operation follow structure,valid,administration,neutral
administrative staff handle paperwork,valid,administration,neutral
office maintains student file,valid,administration,neutral
administrative service operate regularly,valid,administration,neutral
staff assist documentation,valid,administration,neutral
administrative task assigned,valid,administration,neutral
office process official form,valid,administration,neutral
administrative system manages data,valid,administration,neutral
staff coordinate administrative work,valid,administration,neutral
office staff handle daily task,valid,administration,neutral
administrative operation structured,valid,administration,neutral
office handle institutional record,valid,administration,neutral
staff assist office task,valid,administration,neutral
administrative procedure guide operation,valid,administration,neutral
office manages official information,valid,administration,neutral
administrative task involve documentation,valid,administration,neutral
staff ensure smooth office work,valid,administration,neutral
office maintains administrative record,valid,administration,neutral
administrative service follow policy,valid,administration,neutral
staff handle administrative duty,valid,administration,neutral
office process internal document,valid,administration,neutral
administrative system organizes data,valid,administration,neutral
staff manage office operation,valid,administration,neutral
office staff assist record keeping,valid,administration,neutral
administrative work includes handling form,valid,administration,neutral
staff maintain administrative workflow,valid,administration,neutral
office ensures documentation updated,valid,administration,neutral
administrative task managed efficiently,valid,administration,neutral
staff support office activity,valid,administration,neutral
office process student document,valid,administration,neutral
administrative system support operation,valid,administration,neutral
staff manage paperwork task,valid,administration,neutral
office staff handle communication task,valid,administration,neutral
administrative process maintained,valid,administration,neutral
staff assist administrative work,valid,administration,neutral
office handle daily administrative duty,valid,administration,neutral
administrative record updated regularly,valid,administration,neutral
staff ensure proper documentation,valid,administration,neutral
office operation ongoing,valid,administration,neutral
administrative task distributed,valid,administration,neutral
staff manage office file,valid,administration,neutral
office process institutional data,valid,administration,neutral
administrative system support staff,valid,administration,neutral
staff handle official paperwork,valid,administration,neutral
office ensures smooth operation,valid,administration,neutral
administrative task involve coordination,valid,administration,neutral
staff manage internal record,valid,administration,neutral
office staff assist operation,valid,administration,neutral
administrative system organizes workflow,valid,administration,neutral
staff process office document,valid,administration,neutral
office maintains administrative structure,valid,administration,neutral
administrative work includes coordination,valid,administration,neutral
staff assist official task,valid,administration,neutral
office handle administrative communication,valid,administration,neutral
administrative system run efficiently,valid,administration,neutral
staff maintain office record,valid,administration,neutral
office process paperwork regularly,valid,administration,neutral
administrative task routine,valid,administration,neutral
staff assist document processing,valid,administration,neutral
office manages administrative function,valid,administration,neutral
administrative system follows guideline,valid,administration,neutral
staff coordinate office duty,valid,administration,neutral
office staff manage record daily,valid,administration,neutral
administrative process followed properly,valid,administration,neutral
staff ensure record maintained,valid,administration,neutral
office handle administrative workflow,valid,administration,neutral
administrative task organized,valid,administration,neutral
staff assist daily operation,valid,administration,neutral
office maintains proper documentation,valid,administration,neutral
administrative service ongoing,valid,administration,neutral
administrative office work daily,valid,administration,neutral
staff handle office responsibility regularly,valid,administration,neutral
administrative system process request,valid,administration,neutral
office maintains official file,valid,administration,neutral
staff assist administrative query daily,valid,administration,neutral
administrative task include data handling,valid,administration,neutral
office process studentrelated form,valid,administration,neutral
staff manage documentation task,valid,administration,neutral
administrative procedure followed consistently,valid,administration,neutral
office ensures proper record maintenance,valid,administration,neutral
staff support administrative operation,valid,administration,neutral
administrative work involves coordination task,valid,administration,neutral
office handle daily paperwork efficiently,valid,administration,neutral
staff assist maintaining file,valid,administration,neutral
administrative system organizes office work,valid,administration,neutral
office process official communication,valid,administration,neutral
staff manage office activity,valid,administration,neutral
administrative work includes routine process,valid,administration,neutral
office staff maintain internal record,valid,administration,neutral
staff assist processing document,valid,administration,neutral
administrative task handled staff,valid,administration,neutral
office manages institutional data,valid,administration,neutral
staff coordinate administrative function,valid,administration,neutral
administrative procedure guide staff work,valid,administration,neutral
office handle administrative query,valid,administration,neutral
staff manage paperwork efficiently,valid,administration,neutral
administrative work support operation,valid,administration,neutral
office maintains documentation regularly,valid,administration,neutral
staff assist record keeping,valid,administration,neutral
administrative system handle office task,valid,administration,neutral
office process administrative form,valid,administration,neutral
staff manage internal office work,valid,administration,neutral
administrative procedure implemented daily,valid,administration,neutral
office handle communication task,valid,administration,neutral
staff assist documentation management,valid,administration,neutral
administrative system ensures workflow,valid,administration,neutral
office maintains institutional record properly,valid,administration,neutral
staff coordinate office documentation,valid,administration,neutral
administrative work includes managing file,valid,administration,neutral
office process internal data regularly,valid,administration,neutral
staff assist official record,valid,administration,neutral
administrative procedure ensure smooth work,valid,administration,neutral
office manages administrative responsibility,valid,administration,neutral
staff handle office documentation task,valid,administration,neutral
administrative system maintains record,valid,administration,neutral
office process paperwork daily,valid,administration,neutral
staff assist office coordination,valid,administration,neutral
administrative task involve handling information,valid,administration,neutral
office ensures proper file management,valid,administration,neutral
staff manage office communication,valid,administration,neutral
administrative procedure part routine,valid,administration,neutral
office handle institutional paperwork,valid,administration,neutral
staff assist administrative duty daily,valid,administration,neutral
administrative system support documentation,valid,administration,neutral
office process official record regularly,valid,administration,neutral
staff coordinate administrative task efficiently,valid,administration,neutral
administrative work includes managing office task,valid,administration,neutral
office maintains proper administrative flow,valid,administration,neutral
staff assist daily documentation,valid,administration,neutral
administrative procedure ensure proper workflow,valid,administration,neutral
office manages student documentation,valid,administration,neutral
staff handle administrative process daily,valid,administration,neutral
administrative system organizes record properly,valid,administration,neutral
office process paperwork sequence,valid,administration,neutral
staff assist internal office work,valid,administration,neutral
administrative task part office routine,valid,administration,neutral
office ensures record updated regularly,valid,administration,neutral
staff manage administrative responsibility effectively,valid,administration,neutral
administrative work support institutional operation,valid,administration,neutral
office process documentation efficiently,valid,administration,neutral
staff assist maintaining administrative file,valid,administration,neutral
administrative procedure followed office,valid,administration,neutral
office manages official task daily,valid,administration,neutral
staff coordinate office operation regularly,valid,administration,neutral
administrative system support office workflow,valid,administration,neutral
office handle administrative duty properly,valid,administration,neutral
staff assist processing institutional record,valid,administration,neutral
administrative task involve managing document,valid,administration,neutral
office maintains workflow structure,valid,administration,neutral
staff manage administrative coordination,valid,administration,neutral
administrative procedure guide office work daily,valid,administration,neutral
office ensures documentation maintained properly,valid,administration,neutral
staff assist administrative process,valid,administration,neutral
administrative system run throughout day,valid,administration,neutral
office handle administrative function,valid,administration,neutral
campus infrastructure includes classroom building,valid,facilities,neutral
college multiple academic block,valid,facilities,neutral
infrastructure support daily activity,valid,facilities,neutral
building used different department,valid,facilities,neutral
campus designated area class,valid,facilities,neutral
infrastructure includes lecture hall,valid,facilities,neutral
college provides physical facility,valid,facilities,neutral
building maintained usage,valid,facilities,neutral
infrastructure includes basic amenity,valid,facilities,neutral
campus structured layout,valid,facilities,neutral
building allocated department,valid,facilities,neutral
infrastructure includes corridor room,valid,facilities,neutral
college campus includes multiple floor,valid,facilities,neutral
building used academic purpose,valid,facilities,neutral
infrastructure support teaching environment,valid,facilities,neutral
campus includes common area,valid,facilities,neutral
building constructed institutional use,valid,facilities,neutral
infrastructure includes seating arrangement,valid,facilities,neutral
college indoor facility,valid,facilities,neutral
building designed functionality,valid,facilities,neutral
infrastructure includes hallway entrance,valid,facilities,neutral
campus organized building structure,valid,facilities,neutral
building accessible student,valid,facilities,neutral
infrastructure includes utility space,valid,facilities,neutral
college provides structured facility,valid,facilities,neutral
building maintained regularly,valid,facilities,neutral
infrastructure includes physical resource,valid,facilities,neutral
campus includes multiple infrastructure unit,valid,facilities,neutral
building serve academic administrative need,valid,facilities,neutral
infrastructure support institutional function,valid,facilities,neutral
campus designated infrastructure area,valid,facilities,neutral
building include classroom office,valid,facilities,neutral
infrastructure includes entry exit point,valid,facilities,neutral
college provides built environment facility,valid,facilities,neutral
building structured usage,valid,facilities,neutral
infrastructure includes academic space,valid,facilities,neutral
campus layout includes building open area,valid,facilities,neutral
building used educational activity,valid,facilities,neutral
infrastructure includes seating desk,valid,facilities,neutral
college campus includes physical structure,valid,facilities,neutral
building maintained student use,valid,facilities,neutral
infrastructure includes room hall,valid,facilities,neutral
campus defined infrastructure zone,valid,facilities,neutral
building arranged across campus,valid,facilities,neutral
infrastructure includes support facility,valid,facilities,neutral
college provides infrastructure learning,valid,facilities,neutral
building used multiple purpose,valid,facilities,neutral
infrastructure includes study space,valid,facilities,neutral
campus includes academic non academic area,valid,facilities,neutral
building accessible working hour,valid,facilities,neutral
infrastructure includes physical layout,valid,facilities,neutral
college campus includes building complex,valid,facilities,neutral
building part institutional setup,valid,facilities,neutral
infrastructure includes functional space,valid,facilities,neutral
campus organized infrastructure system,valid,facilities,neutral
building distributed across campus,valid,facilities,neutral
infrastructure includes essential facility,valid,facilities,neutral
college provides infrastructure resource,valid,facilities,neutral
building support academic operation,valid,facilities,neutral
infrastructure includes usable space,valid,facilities,neutral
campus layout structured systematically,valid,facilities,neutral
building designed educational need,valid,facilities,neutral
infrastructure includes structural facility,valid,facilities,neutral
college physical infrastructure system,valid,facilities,neutral
building include various functional area,valid,facilities,neutral
infrastructure includes accessible space,valid,facilities,neutral
campus maintained infrastructure unit,valid,facilities,neutral
building used daily operation,valid,facilities,neutral
infrastructure includes academic building,valid,facilities,neutral
college provides infrastructure support,valid,facilities,neutral
building part campus environment,valid,facilities,neutral
infrastructure includes classroom facility,valid,facilities,neutral
campus includes multiple building section,valid,facilities,neutral
building structured across campus,valid,facilities,neutral
infrastructure includes resource area,valid,facilities,neutral
college campus includes infrastructure planning,valid,facilities,neutral
building used institutional work,valid,facilities,neutral
infrastructure includes learning space,valid,facilities,neutral
campus layout includes structured building,valid,facilities,neutral
building maintained operational use,valid,facilities,neutral
infrastructure includes necessary amenity,valid,facilities,neutral
college provides infrastructure student,valid,facilities,neutral
building part campus facility,valid,facilities,neutral
infrastructure includes basic structural element,valid,facilities,neutral
campus includes infrastructure support system,valid,facilities,neutral
building organized within campus,valid,facilities,neutral
infrastructure includes indoor environment,valid,facilities,neutral
college campus structured infrastructure,valid,facilities,neutral
building available academic use,valid,facilities,neutral
infrastructure includes operational facility,valid,facilities,neutral
campus infrastructure activity,valid,facilities,neutral
building part institutional layout,valid,facilities,neutral
infrastructure includes essential structure,valid,facilities,neutral
college provides infrastructure environment,valid,facilities,neutral
building used student learning,valid,facilities,neutral
infrastructure includes facility area,valid,facilities,neutral
campus layout support infrastructure need,valid,facilities,neutral
building maintained daily use,valid,facilities,neutral
infrastructure includes campus structure,valid,facilities,neutral
college infrastructure support operation,valid,facilities,neutral
infrastructure includes campus building space,valid,facilities,neutral
college infrastructure academic use,valid,facilities,neutral
building part daily campus operation,valid,facilities,neutral
infrastructure includes structured facility,valid,facilities,neutral
campus provides infrastructure student staff,valid,facilities,neutral
building maintained institutional activity,valid,facilities,neutral
infrastructure includes classroom office area,valid,facilities,neutral
campus layout includes physical infrastructure,valid,facilities,neutral
building arranged across different zone,valid,facilities,neutral
infrastructure includes academic support space,valid,facilities,neutral
college facility part infrastructure,valid,facilities,neutral
building accessible college hour,valid,facilities,neutral
infrastructure includes structural component,valid,facilities,neutral
campus organized infrastructure facility,valid,facilities,neutral
building used teaching administration,valid,facilities,neutral
infrastructure includes operational area,valid,facilities,neutral
college infrastructure includes study space,valid,facilities,neutral
building maintained regularly usage,valid,facilities,neutral
infrastructure includes essential campus facility,valid,facilities,neutral
campus provides structured physical environment,valid,facilities,neutral
building part institutional infrastructure,valid,facilities,neutral
infrastructure includes common functional space,valid,facilities,neutral
college infrastructure support activity,valid,facilities,neutral
building used academic office work,valid,facilities,neutral
infrastructure includes usable campus area,valid,facilities,neutral
campus layout includes infrastructure element,valid,facilities,neutral
building structured student access,valid,facilities,neutral
infrastructure includes indoor outdoor facility,valid,facilities,neutral
college provides infrastructure operation,valid,facilities,neutral
building part organized campus layout,valid,facilities,neutral
infrastructure includes various campus unit,valid,facilities,neutral
campus includes infrastructure academic session,valid,facilities,neutral
building maintained per requirement,valid,facilities,neutral
infrastructure includes seating learning space,valid,facilities,neutral
college infrastructure includes multiple facility,valid,facilities,neutral
building distributed systematically,valid,facilities,neutral
infrastructure includes area student activity,valid,facilities,neutral
campus layout support infrastructure usage,valid,facilities,neutral
building part campus planning,valid,facilities,neutral
infrastructure includes essential campus resource,valid,facilities,neutral
college provides structured infrastructure system,valid,facilities,neutral
building used institutional function,valid,facilities,neutral
infrastructure includes organized physical space,valid,facilities,neutral
campus infrastructure academic operation,valid,facilities,neutral
building accessible daily use,valid,facilities,neutral
infrastructure includes functional learning area,valid,facilities,neutral
college campus includes structured facility,valid,facilities,neutral
building part educational environment,valid,facilities,neutral
infrastructure includes campus support system,valid,facilities,neutral
campus infrastructure student use,valid,facilities,neutral
building maintained regular operation,valid,facilities,neutral
infrastructure includes necessary campus structure,valid,facilities,neutral
college infrastructure includes multiple unit,valid,facilities,neutral
building arranged accessibility,valid,facilities,neutral
infrastructure includes designated campus area,valid,facilities,neutral
campus layout includes various facility,valid,facilities,neutral
building used different academic purpose,valid,facilities,neutral
infrastructure includes organized campus zone,valid,facilities,neutral
college provides infrastructure daily activity,valid,facilities,neutral
building part structured environment,valid,facilities,neutral
infrastructure includes physical campus layout,valid,facilities,neutral
campus infrastructure institutional work,valid,facilities,neutral
building maintained part campus facility,valid,facilities,neutral
infrastructure includes multiple facility area,valid,facilities,neutral
college campus includes infrastructure planning design,valid,facilities,neutral
building part campus operation,valid,facilities,neutral
infrastructure includes learning support facility,valid,facilities,neutral
campus layout includes structured infrastructure unit,valid,facilities,neutral
building used academic administrative task,valid,facilities,neutral
infrastructure includes campus functional area,valid,facilities,neutral
college provides infrastructure educational need,valid,facilities,neutral
building maintained effective use,valid,facilities,neutral
infrastructure includes structured campus space,valid,facilities,neutral
campus includes infrastructure student activity,valid,facilities,neutral
building part institutional framework,valid,facilities,neutral
infrastructure includes campus building system,valid,facilities,neutral
college infrastructure support daily operation,valid,facilities,neutral
building arranged within campus layout,valid,facilities,neutral
infrastructure includes organized facility system,valid,facilities,neutral
campus infrastructure academic non academic use,valid,facilities,neutral
building used structured learning environment,valid,facilities,neutral
infrastructure includes necessary institutional facility,valid,facilities,neutral
college campus includes infrastructure resource,valid,facilities,neutral
building part campus infrastructure system,valid,facilities,neutral
infrastructure support institutional workflow,valid,facilities,neutral
transport service available student,valid,facilities,neutral
college bus operate fixed route,valid,facilities,neutral
sport facility available campus,valid,facilities,neutral
maintenance staff handle campus upkeep,valid,facilities,neutral
facility include transportation service,valid,facilities,neutral
sport ground used activity,valid,facilities,neutral
maintenance work carried regularly,valid,facilities,neutral
transport facility used student,valid,facilities,neutral
facility include sport equipment,valid,facilities,neutral
campus maintenance managed staff,valid,facilities,neutral
transport bus run college hour,valid,facilities,neutral
sport area part campus facility,valid,facilities,neutral
maintenance ensures campus cleanliness,valid,facilities,neutral
facility include transport logistics,valid,facilities,neutral
sport facility support physical activity,valid,facilities,neutral
maintenance task handled daily,valid,facilities,neutral
transport service follow scheduled timing,valid,facilities,neutral
facility include playground area,valid,facilities,neutral
maintenance staff manage repair,valid,facilities,neutral
transport system support commuting,valid,facilities,neutral
sport infrastructure available use,valid,facilities,neutral
maintenance work includes equipment check,valid,facilities,neutral
facility include campus transport option,valid,facilities,neutral
sport ground maintained regularly,valid,facilities,neutral
maintenance staff ensure proper functioning,valid,facilities,neutral
transport service organized student,valid,facilities,neutral
facility include fitness sport area,valid,facilities,neutral
maintenance includes building repair,valid,facilities,neutral
transport facility operates daily,valid,facilities,neutral
sport equipment used activity,valid,facilities,neutral
maintenance ensures infrastructure upkeep,valid,facilities,neutral
facility include outdoor sport area,valid,facilities,neutral
transport service part campus facility,valid,facilities,neutral
sport activity conducted campus ground,valid,facilities,neutral
maintenance staff handle campus issue,valid,facilities,neutral
facility include commuting option,valid,facilities,neutral
sport facility used student regularly,valid,facilities,neutral
maintenance work ensures safety,valid,facilities,neutral
transport system includes bus route,valid,facilities,neutral
facility include recreation area,valid,facilities,neutral
maintenance includes infrastructure check,valid,facilities,neutral
transport service help student travel,valid,facilities,neutral
sport facility include court field,valid,facilities,neutral
maintenance work part campus operation,valid,facilities,neutral
facility include activity area,valid,facilities,neutral
transport provided commuting student,valid,facilities,neutral
sport ground used practice,valid,facilities,neutral
maintenance ensures proper environment,valid,facilities,neutral
facility include transport support system,valid,facilities,neutral
sport infrastructure includes court,valid,facilities,neutral
maintenance staff handle technical issue,valid,facilities,neutral
transport system operates schedule,valid,facilities,neutral
facility include student activity space,valid,facilities,neutral
sport area available game,valid,facilities,neutral
maintenance includes equipment servicing,valid,facilities,neutral
transport service support daily travel,valid,facilities,neutral
facility include indoor sport space,valid,facilities,neutral
maintenance ensures campus functionality,valid,facilities,neutral
transport bus used student,valid,facilities,neutral
sport facility include practice area,valid,facilities,neutral
maintenance staff manage repair regularly,valid,facilities,neutral
facility include campus support service,valid,facilities,neutral
transport system includes route management,valid,facilities,neutral
sport ground used event,valid,facilities,neutral
maintenance ensures smooth operation,valid,facilities,neutral
facility include infrastructure support,valid,facilities,neutral
transport service available daily,valid,facilities,neutral
sport facility support training activity,valid,facilities,neutral
maintenance staff monitor infrastructure,valid,facilities,neutral
facility include operational support area,valid,facilities,neutral
transport system part campus service,valid,facilities,neutral
sport equipment maintained regularly,valid,facilities,neutral
maintenance includes campus upkeep task,valid,facilities,neutral
facility include transportation logistics,valid,facilities,neutral
transport service follow assigned route,valid,facilities,neutral
sport area used student activity,valid,facilities,neutral
maintenance ensures proper facility use,valid,facilities,neutral
facility include sport transport system,valid,facilities,neutral
transport bus operate throughout day,valid,facilities,neutral
sport ground maintained use,valid,facilities,neutral
maintenance staff handle facility repair,valid,facilities,neutral
facility include campus service support,valid,facilities,neutral
transport service structured student,valid,facilities,neutral
sport infrastructure support activity,valid,facilities,neutral
maintenance includes checking campus system,valid,facilities,neutral
facility include student service area,valid,facilities,neutral
transport system support commuting need,valid,facilities,neutral
sport area include court playground,valid,facilities,neutral
maintenance ensures infrastructure stability,valid,facilities,neutral
facility include campus utility service,valid,facilities,neutral
transport service used regularly,valid,facilities,neutral
sport facility part student activity,valid,facilities,neutral
maintenance staff manage campus facility,valid,facilities,neutral
facility include support daily operation,valid,facilities,neutral
transport system operates across route,valid,facilities,neutral
sport ground used game practice,valid,facilities,neutral
maintenance ensures smooth campus functioning,valid,facilities,neutral
facility include operational infrastructure,valid,facilities,neutral
transport service maintained properly,valid,facilities,neutral
sport facility accessible student,valid,facilities,neutral
transport service part campus operation,valid,facilities,neutral
sport facility used regular activity,valid,facilities,neutral
maintenance staff handle campus upkeep daily,valid,facilities,neutral
facility include transport sport system,valid,facilities,neutral
transport bus operate scheduled route,valid,facilities,neutral
sport ground available student use,valid,facilities,neutral
maintenance work includes infrastructure repair,valid,facilities,neutral
facility support campus service,valid,facilities,neutral
transport system help daily commuting,valid,facilities,neutral
sport facility include court playground,valid,facilities,neutral
maintenance ensures facility functional,valid,facilities,neutral
facility include campus service unit,valid,facilities,neutral
transport service operate working hour,valid,facilities,neutral
sport area used training session,valid,facilities,neutral
maintenance staff manage infrastructure regularly,valid,facilities,neutral
facility include operational service,valid,facilities,neutral
transport system support student travel need,valid,facilities,neutral
sport ground maintained activity,valid,facilities,neutral
maintenance includes checking equipment,valid,facilities,neutral
facility include campus support infrastructure,valid,facilities,neutral
transport service run fixed timing,valid,facilities,neutral
sport facility support physical education,valid,facilities,neutral
maintenance staff ensure infrastructure upkeep,valid,facilities,neutral
facility include utility service area,valid,facilities,neutral
transport system operates efficiently,valid,facilities,neutral
sport area used college event,valid,facilities,neutral
maintenance work ensures safety standard,valid,facilities,neutral
facility include service support system,valid,facilities,neutral
transport service structured campus use,valid,facilities,neutral
sport ground accessible student,valid,facilities,neutral
maintenance staff handle facility issue,valid,facilities,neutral
facility include student support service,valid,facilities,neutral
transport system includes bus student,valid,facilities,neutral
sport facility used competition,valid,facilities,neutral
maintenance ensures smooth facility operation,valid,facilities,neutral
facility include campus operational system,valid,facilities,neutral
transport service support commuting system,valid,facilities,neutral
sport ground used regular practice,valid,facilities,neutral
maintenance staff ensure proper infrastructure,valid,facilities,neutral
facility include functional campus area,valid,facilities,neutral
transport system part campus facility,valid,facilities,neutral
sport infrastructure support game training,valid,facilities,neutral
maintenance includes routine check,valid,facilities,neutral
facility include campus management system,valid,facilities,neutral
transport service operate student convenience,valid,facilities,neutral
sport facility include activity zone,valid,facilities,neutral
maintenance staff manage campus repair,valid,facilities,neutral
facility include infrastructure support service,valid,facilities,neutral
transport system support daily commuting,valid,facilities,neutral
sport ground maintained properly,valid,facilities,neutral
maintenance ensures campus system function,valid,facilities,neutral
facility include operational service area,valid,facilities,neutral
transport service used student daily,valid,facilities,neutral
sport facility available training,valid,facilities,neutral
maintenance staff ensure smooth operation,valid,facilities,neutral
facility include campus activity infrastructure,valid,facilities,neutral
transport system includes regular route,valid,facilities,neutral
sport ground used student engagement,valid,facilities,neutral
maintenance work includes regular upkeep,valid,facilities,neutral
facility include service infrastructure,valid,facilities,neutral
transport service operate throughout day,valid,facilities,neutral
sport facility support event activity,valid,facilities,neutral
maintenance ensures proper campus functioning,valid,facilities,neutral
facility include infrastructure service,valid,facilities,neutral
transport system support institutional operation,valid,facilities,neutral
sport area part campus environment,valid,facilities,neutral
maintenance staff handle infrastructure issue,valid,facilities,neutral
facility include daily operational service,valid,facilities,neutral
transport service follow planned route,valid,facilities,neutral
sport facility include ground court,valid,facilities,neutral
maintenance ensures facility maintained,valid,facilities,neutral
facility include campus support unit,valid,facilities,neutral
transport system operates within campus schedule,valid,facilities,neutral
sport ground used multiple activity,valid,facilities,neutral
maintenance staff manage facility upkeep regularly,valid,facilities,neutral
facility include structured service system,valid,facilities,neutral
transport service support student movement,valid,facilities,neutral
sport facility part campus life,valid,facilities,neutral
maintenance ensures infrastructure reliability,valid,facilities,neutral
facility include campus management support,valid,facilities,neutral
transport system includes bus service,valid,facilities,neutral
sport ground used training game,valid,facilities,neutral
maintenance staff ensure proper facility condition,valid,facilities,neutral
facility include operational campus service,valid,facilities,neutral
transport service integrated campus system,valid,facilities,neutral
academic lecture conducted regularly,valid,academics,neutral
student attend class per schedule,valid,academics,neutral
assignment given semester,valid,academics,neutral
exam part academic process,valid,academics,neutral
faculty teach subject class,valid,academics,neutral
administrative staff handle office work,valid,administration,neutral
office process student request,valid,administration,neutral
administrative procedure followed,valid,administration,neutral
staff manage documentation task,valid,administration,neutral
record maintained office,valid,administration,neutral
facility include transport sport area,valid,facilities,neutral
transport service available student,valid,facilities,neutral
sport facility used regularly,valid,facilities,neutral
maintenance staff handle campus upkeep,valid,facilities,neutral
facility support student activity,valid,facilities,neutral
library provides study material,valid,library,neutral
student use library studying,valid,library,neutral
library seating arrangement,valid,library,neutral
library resource available,valid,library,neutral
library open working hour,valid,library,neutral
canteen serf food student,valid,canteen,neutral
student visit canteen break,valid,canteen,neutral
canteen operates daily,valid,canteen,neutral
food prepared canteen,valid,canteen,neutral
canteen provides snack meal,valid,canteen,neutral
website provides college information,valid,website,neutral
student access website update,valid,website,neutral
website used academic purpose,valid,website,neutral
academic lecture not clear,valid,academics,negative
student not satisfied teaching,valid,academics,negative
assignment not explained properly,valid,academics,negative
exam difficult manage,valid,academics,negative
faculty not explain topic well,valid,academics,negative
administrative staff respond slowly,valid,administration,negative
office process confusing,valid,administration,negative
administrative work delayed,valid,administration,negative
student face issue documentation,valid,administration,negative
office staff not guide properly,valid,administration,negative
facility not well maintained,valid,facilities,negative
transport service unreliable,valid,facilities,negative
sport facility not sufficient,valid,facilities,negative
maintenance work delayed,valid,facilities,negative
facility not meet student need,valid,facilities,negative
library not enough book,valid,library,negative
library seating insufficient,valid,library,negative
library too crowded,valid,library,negative
library resource limited,valid,library,negative
library environment not comfortable,valid,library,negative
canteen food quality poor,valid,canteen,negative
canteen overcrowded,valid,canteen,negative
food price high canteen,valid,canteen,negative
canteen service slow,valid,canteen,negative
hygiene not maintained canteen,valid,canteen,negative
website not working properly,valid,website,negative
website slow load,valid,website,negative
student face issue accessing website,valid,website,negative
website information not updated,valid,website,negative
academic lecture well structured,valid,academics,positive
faculty explain concept clearly,valid,academics,positive
assignment help understanding topic,valid,academics,positive
exam conducted smoothly,valid,academics,positive
student satisfied teaching quality,valid,academics,positive
administrative staff helpful,valid,administration,positive
office process efficient,valid,administration,positive
administrative procedure clear,valid,administration,positive
staff respond quickly query,valid,administration,positive
documentation work handled properly,valid,administration,positive
facility well maintained,valid,facilities,positive
transport service reliable,valid,facilities,positive
sport facility good,valid,facilities,positive
maintenance work timely,valid,facilities,positive
facility meet student need,valid,facilities,positive
library sufficient book,valid,library,positive
library environment peaceful,valid,library,positive
seating library comfortable,valid,library,positive
library resource useful,valid,library,positive
library staff supportive,valid,library,positive
canteen food quality good,valid,canteen,positive
canteen service fast,valid,canteen,positive
food affordable canteen,valid,canteen,positive
canteen hygiene maintained,valid,canteen,positive
canteen variety food,valid,canteen,positive
website easy use,valid,website,positive
website load quickly,valid,website,positive
information website updated,valid,website,positive
student find website helpful,valid,website,positive
website navigation simple,valid,website,positive
academic lecture conducted regularly,valid,academics,neutral
student attend class daily,valid,academics,neutral
assignment given periodically,valid,academics,neutral
exam scheduled per calendar,valid,academics,neutral
faculty cover syllabus topic,valid,academics,neutral
administrative staff handle task,valid,administration,neutral
office process student application,valid,administration,neutral
administrative work follows procedure,valid,administration,neutral
staff manage record,valid,administration,neutral
documentation maintained,valid,administration,neutral
facility include sport area,valid,facilities,neutral
transport service operate daily,valid,facilities,neutral
sport ground available,valid,facilities,neutral
maintenance includes routine check,valid,facilities,neutral
facility support campus activity,valid,facilities,neutral
library provides study material,valid,library,neutral
student use library regularly,valid,library,neutral
library seating arrangement,valid,library,neutral
library resource available,valid,library,neutral
library operates working hour,valid,library,neutral
canteen serf food daily,valid,canteen,neutral
student visit canteen break,valid,canteen,neutral
canteen operates regularly,valid,canteen,neutral
food prepared canteen,valid,canteen,neutral
canteen provides meal snack,valid,canteen,neutral
website provides information,valid,website,neutral
student access website update,valid,website,neutral
website used academic task,valid,website,neutral
website contains announcement,valid,website,neutral
website support student access,valid,website,neutral
academic lecture unclear,valid,academics,negative
student not satisfied teaching,valid,academics,negative
assignment confusing,valid,academics,negative
exam difficult manage,valid,academics,negative
faculty not explain well,valid,academics,negative
administrative staff respond slowly,valid,administration,negative
office process confusing,valid,administration,negative
administrative work delayed,valid,administration,negative
student face documentation issue,valid,administration,negative
staff not guide properly,valid,administration,negative
facility poorly maintained,valid,facilities,negative
transport service unreliable,valid,facilities,negative
sport facility insufficient,valid,facilities,negative
maintenance work delayed,valid,facilities,negative
facility not meet expectation,valid,facilities,negative
library lack enough book,valid,library,negative
library seating limited,valid,library,negative
library overcrowded,valid,library,negative
library resource outdated,valid,library,negative
library environment noisy,valid,library,negative
canteen food quality poor,valid,canteen,negative
canteen overcrowded,valid,canteen,negative
food price high,valid,canteen,negative
canteen service slow,valid,canteen,negative
hygiene not maintained,valid,canteen,negative
website not working properly,valid,website,negative
website load slowly,valid,website,negative
student face access issue,valid,website,negative
website information outdated,valid,website,negative
website navigation confusing,valid,website,negative
faculty provide useful guidance,valid,academics,positive
office staff cooperative,valid,administration,positive
campus facility clean,valid,facilities,positive
library atmosphere good,valid,library,positive
canteen service efficient,valid,canteen,positive
website interface user friendly,valid,website,positive
class conducted time,valid,academics,neutral
office handle student query,valid,administration,neutral
facility support daily activity,valid,facilities,neutral
library usage common among student,valid,library,neutral
canteen provides decent meal,valid,canteen,neutral
website contains useful update,valid,website,neutral
faculty support student learning,valid,academics,positive
administrative staff approachable,valid,administration,positive
facility clean organized,valid,facilities,positive
library offer good resource,valid,library,positive
canteen maintains hygiene standard,valid,canteen,positive
website interface smooth,valid,website,positive
class follow fixed schedule,valid,academics,neutral
office handle documentation work,valid,administration,neutral
facility include activity area,valid,facilities,neutral
library used reference study,valid,library,neutral
canteen operates break,valid,canteen,neutral
website provides academic information,valid,website,neutral
faculty not provide enough clarity,valid,academics,negative
administrative delay affect student,valid,administration,negative
facility need improvement,valid,facilities,negative
library lack updated material,valid,library,negative
canteen food not fresh,valid,canteen,negative
website technical issue,valid,website,negative
teaching method effective,valid,academics,positive
office staff solve issue quickly,valid,administration,positive
facility support extracurricular activity,valid,facilities,positive
library well organized,valid,library,positive
canteen menu variety,valid,canteen,positive
website reliable student,valid,website,positive
lecture part curriculum,valid,academics,neutral
administrative work structured,valid,administration,neutral
facility include maintenance service,valid,facilities,neutral
library provides study environment,valid,library,neutral
canteen serf student daily,valid,canteen,neutral
website accessed frequently,valid,website,neutral
faculty not engaging,valid,academics,negative
office process slow,valid,administration,negative
facility outdated,valid,facilities,negative
library too noisy,valid,library,negative
canteen lack seating space,valid,canteen,negative
website difficult navigate,valid,website,negative
student understand topic well,valid,academics,positive
administrative system efficient,valid,administration,positive
facility upgraded regularly,valid,facilities,positive
library staff helpful,valid,library,positive
canteen food taste good,valid,canteen,positive
website provides accurate detail,valid,website,positive
class attended regularly,valid,academics,neutral
office maintains student record,valid,administration,neutral
facility support campus life,valid,facilities,neutral
library open study,valid,library,neutral
canteen regular service,valid,canteen,neutral
website share announcement,valid,website,neutral
teaching quality poor,valid,academics,negative
administrative staff unresponsive,valid,administration,negative
facility not sufficient,valid,facilities,negative
library seating uncomfortable,valid,library,negative
canteen service take time,valid,canteen,negative
website crash frequently,valid,website,negative
faculty encourage learning,valid,academics,positive
office staff guide student,valid,administration,positive
facility modern,valid,facilities,positive
library digital resource,valid,library,positive
canteen provides fresh food,valid,canteen,positive
website easy access,valid,website,positive
academic session conducted,valid,academics,neutral
administrative procedure followed,valid,administration,neutral
facility include campus infrastructure,valid,facilities,neutral
library support study need,valid,library,neutral
canteen used student,valid,canteen,neutral
website used update,valid,website,neutral
faculty not cover syllabus fully,valid,academics,negative
office staff not helpful,valid,administration,negative
facility maintenance poor,valid,facilities,negative
library lack proper lighting,valid,library,negative
canteen hygiene poor,valid,canteen,negative
website information incorrect,valid,website,negative
teaching interactive,valid,academics,positive
administrative system smooth,valid,administration,positive
facility user friendly,valid,facilities,positive
library quiet environment,valid,library,positive
canteen offer healthy food,valid,canteen,positive
website design attractive,valid,website,positive
class follow timetable,valid,academics,neutral
office process form,valid,administration,neutral
facility functional,valid,facilities,neutral
library accessible,valid,library,neutral
canteen provides snack,valid,canteen,neutral
website contains notice,valid,website,neutral
faculty not supportive,valid,academics,negative
administrative delay cause issue,valid,administration,negative
facility not clean,valid,facilities,negative
library resource insufficient,valid,library,negative
canteen food expensive,valid,canteen,negative
website outdated,valid,website,negative
faculty provide clear explanation,valid,academics,positive
office staff responsive,valid,administration,positive
facility meet expectation,valid,facilities,positive
library well maintained,valid,library,positive
canteen well managed,valid,canteen,positive
website work efficiently,valid,website,positive
class part academic,valid,academics,neutral
office manages record properly,valid,administration,neutral
facility used student daily,valid,facilities,neutral
library support academic activity,valid,library,neutral
canteen operates throughout day,valid,canteen,neutral
website accessed information,valid,website,neutral
faculty teaching excellent,valid,academics,positive
administrative staff very efficient,valid,administration,positive
facility well equipped,valid,facilities,positive
library extensive resource,valid,library,positive
canteen food quality excellent,valid,canteen,positive
website performance fast,valid,website,positive
lecture conducted scheduled,valid,academics,neutral
office handle student service,valid,administration,neutral
facility include sport transport,valid,facilities,neutral
library open student,valid,library,neutral
canteen provides meal daily,valid,canteen,neutral
website contains important notice,valid,website,neutral
faculty not clear explanation,valid,academics,negative
administrative staff delay response,valid,administration,negative
facility poorly managed,valid,facilities,negative
library lack proper seating,valid,library,negative
canteen service not good,valid,canteen,negative
website loading issue,valid,website,negative
teaching method innovative,valid,academics,positive
office staff assist student properly,valid,administration,positive
facility clean maintained,valid,facilities,positive
library environment quiet,valid,library,positive
canteen provides quality food,valid,canteen,positive
website user friendly,valid,website,positive
class conducted regularly,valid,academics,neutral
administrative task completed,valid,administration,neutral
facility include campus service,valid,facilities,neutral
library used reading,valid,library,neutral
canteen serf snack meal,valid,canteen,neutral
website support student activity,valid,website,neutral
faculty not helpful,valid,academics,negative
office process complicated,valid,administration,negative
facility need better maintenance,valid,facilities,negative
library resource outdated,valid,library,negative
canteen food not tasty,valid,canteen,negative
website navigation slow,valid,website,negative
faculty provide good support,valid,academics,positive
administrative system work efficiently,valid,administration,positive
facility modern useful,valid,facilities,positive
library offer digital access,valid,library,positive
canteen clean environment,valid,canteen,positive
website reliable fast,valid,website,positive
academic session part routine,valid,academics,neutral
office maintains proper record,valid,administration,neutral
facility include essential service,valid,facilities,neutral
library provides study support,valid,library,neutral
canteen used break,valid,canteen,neutral
website provides student update,valid,website,neutral
teaching quality not satisfactory,valid,academics,negative
administrative staff slow,valid,administration,negative
facility not clean,valid,facilities,negative
library seating not enough,valid,library,negative
canteen overcrowded,valid,canteen,negative
website technical error,valid,website,negative
faculty explain concept well,valid,academics,positive
office staff cooperative,valid,administration,positive
facility properly maintained,valid,facilities,positive
library well arranged,valid,library,positive
canteen provides fresh snack,valid,canteen,positive
website easy navigate,valid,website,positive
class attended student,valid,academics,neutral
administrative work routine,valid,administration,neutral
facility support student need,valid,facilities,neutral
library accessible student,valid,library,neutral
canteen provides daily food,valid,canteen,neutral
website used announcement,valid,website,neutral
faculty not engaging enough,valid,academics,negative
office staff unresponsive,valid,administration,negative
facility outdated,valid,facilities,negative
library not quiet,valid,library,negative
canteen food not hygienic,valid,canteen,negative
website not responsive,valid,website,negative
teaching approach effective,valid,academics,positive
administrative staff provide support,valid,administration,positive
facility user friendly,valid,facilities,positive
library provides useful material,valid,library,positive
canteen good service,valid,canteen,positive
website work smoothly,valid,website,positive
lecture delivered time,valid,academics,neutral
office manages student query,valid,administration,neutral
facility include maintenance service,valid,facilities,neutral
library open working hour,valid,library,neutral
canteen serf student regularly,valid,canteen,neutral
website provides important data,valid,website,neutral
faculty not clear,valid,academics,negative
administrative delay cause inconvenience,valid,administration,negative
facility poorly maintained,valid,facilities,negative
library lack updated book,valid,library,negative
canteen service slow,valid,canteen,negative
website slow,valid,website,negative
faculty provide clear teaching,valid,academics,positive
office staff helpful quick,valid,administration,positive
facility clean functional,valid,facilities,positive
library comfortable seating,valid,library,positive
canteen offer good food,valid,canteen,positive
website provides accurate update,valid,website,positive
class conducted daily scheduled,valid,academics,neutral
office staff handle routine task,valid,administration,neutral
facility include transport service,valid,facilities,neutral
library provides reading space,valid,library,neutral
canteen serf food break,valid,canteen,neutral
website accessed student regularly,valid,website,neutral
faculty explain topic detail,valid,academics,positive
administrative process smooth,valid,administration,positive
facility well organized,valid,facilities,positive
library peaceful environment,valid,library,positive
canteen food fresh tasty,valid,canteen,positive
website interface simple clear,valid,website,positive
lecture part academic routine,valid,academics,neutral
office maintains proper documentation,valid,administration,neutral
facility support campus operation,valid,facilities,neutral
library resource available study,valid,library,neutral
canteen open throughout day,valid,canteen,neutral
website provides necessary update,valid,website,neutral
faculty not explain clearly,valid,academics,negative
administrative staff delay process,valid,administration,negative
facility not properly maintained,valid,facilities,negative
library seating insufficient,valid,library,negative
canteen hygiene poor,valid,canteen,negative
website slow performance,valid,website,negative
faculty support student effectively,valid,academics,positive
office staff respond quickly,valid,administration,positive
facility modern clean,valid,facilities,positive
library well maintained,valid,library,positive
canteen provides good quality food,valid,canteen,positive
website work efficiently,valid,website,positive
class follow timetable regularly,valid,academics,neutral
administrative work carried daily,valid,administration,neutral
facility include campus infrastructure,valid,facilities,neutral
library used academic study,valid,library,neutral
canteen provides meal snack,valid,canteen,neutral
website used notice,valid,website,neutral
faculty not interactive,valid,academics,negative
administrative system slow,valid,administration,negative
facility outdated insufficient,valid,facilities,negative
library lack proper maintenance,valid,library,negative
canteen food quality low,valid,canteen,negative
website navigation confusing,valid,website,negative
teaching method effective engaging,valid,academics,positive
administrative staff supportive,valid,administration,positive
facility well equipped maintained,valid,facilities,positive
library provides useful study material,valid,library,positive
canteen offer variety food option,valid,canteen,positive
website provides updated information,valid,website,positive
lecture conducted planned,valid,academics,neutral
office staff manage student query,valid,administration,neutral
facility support academic activity,valid,facilities,neutral
library adequate seating space,valid,library,neutral
canteen operates regularly student,valid,canteen,neutral
website accessed academic purpose,valid,website,neutral
faculty not supportive enough,valid,academics,negative
administrative delay affect student work,valid,administration,negative
facility not clean maintained,valid,facilities,negative
library overcrowded noisy,valid,library,negative
canteen service very slow,valid,canteen,negative
website frequent error,valid,website,negative
faculty provide clear detailed explanation,valid,academics,positive
administrative process handled efficiently,valid,administration,positive
facility user friendly clean,valid,facilities,positive
library environment comfortable study,valid,library,positive
canteen maintains proper hygiene standard,valid,canteen,positive
website fast reliable,valid,website,positive
class attended student,valid,academics,neutral
office handle routine administrative work,valid,administration,neutral
facility include sport transport area,valid,facilities,neutral
library open working hour,valid,library,neutral
canteen provides regular service,valid,canteen,neutral
website contains academic notice,valid,website,neutral
faculty explanation unclear,valid,academics,negative
administrative staff not responsive,valid,administration,negative
facility poorly managed,valid,facilities,negative
library lack proper lighting space,valid,library,negative
canteen food not hygienic,valid,canteen,negative
website performance slow,valid,website,negative
teaching quality excellent,valid,academics,positive
office staff cooperative helpful,valid,administration,positive
facility maintained regularly,valid,facilities,positive
library sufficient study resource,valid,library,positive
canteen food fresh affordable,valid,canteen,positive
website easy use navigate,valid,website,positive
lecture conducted per schedule,valid,academics,neutral
administrative task completed time,valid,administration,neutral
facility support campus life activity,valid,facilities,neutral
library accessible student,valid,library,neutral
canteen serf snack beverage,valid,canteen,neutral
website provides student information,valid,website,neutral
faculty not engaging class,valid,academics,negative
administrative process complicated,valid,administration,negative
facility not well equipped,valid,facilities,negative
library resource outdated limited,valid,library,negative
canteen overcrowded unclean,valid,canteen,negative
website not updated regularly,valid,website,negative
faculty guide student properly,valid,academics,positive
administrative staff resolve issue quickly,valid,administration,positive
facility modern sufficient,valid,facilities,positive
library provides quiet study environment,valid,library,positive
canteen provides good quality snack,valid,canteen,positive
website load quickly smoothly,valid,website,positive
class conducted per timetable,valid,academics,neutral
office handle administrative task daily,valid,administration,neutral
facility include campus transport system,valid,facilities,neutral
library offer study space student,valid,library,neutral
canteen open working hour,valid,canteen,neutral
website provides necessary information,valid,website,neutral
faculty not explain concept clearly,valid,academics,negative
administrative staff delay student request,valid,administration,negative
facility not properly maintained,valid,facilities,negative
library seating limited,valid,library,negative
canteen hygiene not maintained,valid,canteen,negative
website slow unresponsive,valid,website,negative
faculty teaching effective clear,valid,academics,positive
administrative process efficient,valid,administration,positive
facility clean well maintained,valid,facilities,positive
library calm study environment,valid,library,positive
canteen food fresh tasty,valid,canteen,positive
website interface user friendly,valid,website,positive
lecture conducted regularly,valid,academics,neutral
office manages documentation properly,valid,administration,neutral
facility support student activity,valid,facilities,neutral
library resource available study,valid,library,neutral
canteen serf meal daily,valid,canteen,neutral
website contains academic update,valid,website,neutral
faculty not interactive class,valid,academics,negative
administrative staff unresponsive,valid,administration,negative
facility outdated insufficient,valid,facilities,negative
library lack proper maintenance,valid,library,negative
canteen service slow,valid,canteen,negative
website navigation confusing,valid,website,negative
faculty provide helpful guidance,valid,academics,positive
administrative staff assist student efficiently,valid,administration,positive
facility modern user friendly,valid,facilities,positive
library provides useful study material,valid,library,positive
canteen offer variety food item,valid,canteen,positive
website provides accurate updated data,valid,website,positive
class follow academic schedule,valid,academics,neutral
office staff manage record properly,valid,administration,neutral
facility include sport transport area,valid,facilities,neutral
library accessible student,valid,library,neutral
canteen provides snack beverage,valid,canteen,neutral
website used academic purpose,valid,website,neutral
faculty explanation unclear,valid,academics,negative
administrative delay affect process,valid,administration,negative
facility not clean,valid,facilities,negative
library overcrowded,valid,library,negative
canteen food quality poor,valid,canteen,negative
website frequent technical issue,valid,website,negative
faculty teaching method effective,valid,academics,positive
administrative system smooth fast,valid,administration,positive
facility well equipped,valid,facilities,positive
library environment peaceful quiet,valid,library,positive
canteen maintains hygiene standard,valid,canteen,positive
website work efficiently,valid,website,positive
lecture conducted planned,valid,academics,neutral
office handle student query,valid,administration,neutral
facility include campus infrastructure,valid,facilities,neutral
library support academic study,valid,library,neutral
canteen operates regularly,valid,canteen,neutral
website provides notice update,valid,website,neutral
faculty not supportive,valid,academics,negative
administrative staff slow response,valid,administration,negative
facility poorly maintained,valid,facilities,negative
library lack updated resource,valid,library,negative
canteen overcrowded,valid,canteen,negative
website outdated slow,valid,website,negative
faculty explain topic clearly effectively,valid,academics,positive
administrative staff cooperative,valid,administration,positive
facility clean functional,valid,facilities,positive
library provides sufficient resource,valid,library,positive
canteen food affordable fresh,valid,canteen,positive
website easy navigate,valid,website,positive
class attended student regularly,valid,academics,neutral
office manages administrative work efficiently,valid,administration,neutral
facility support campus operation,valid,facilities,neutral
library open working hour,valid,library,neutral
canteen provides daily meal,valid,canteen,neutral
website accessed student frequently,valid,website,neutral
faculty not engage student,valid,academics,negative
administrative procedure confusing,valid,administration,negative
facility not sufficient student,valid,facilities,negative
library seating uncomfortable,valid,library,negative
canteen hygiene poor,valid,canteen,negative
website difficult use,valid,website,negative
faculty provide strong academic support,valid,academics,positive
administrative staff resolve issue quickly,valid,administration,positive
facility modern clean,valid,facilities,positive
library offer quiet study space,valid,library,positive
canteen service fast efficient,valid,canteen,positive
website provides reliable information,valid,website,positive
lecture part academic routine,valid,academics,neutral
office maintains proper record,valid,administration,neutral
facility include essential campus service,valid,facilities,neutral
library resource used study,valid,library,neutral
canteen serf snack break,valid,canteen,neutral
website contains important update,valid,website,neutral
faculty explanation not clear,valid,academics,negative
administrative work delayed frequently,valid,administration,negative
facility not properly managed,valid,facilities,negative
library lack proper seating arrangement,valid,library,negative
canteen food not fresh,valid,canteen,negative
website performance poor,valid,website,negative
faculty teaching very effective,valid,academics,positive
administrative staff helpful responsive,valid,administration,positive
facility well maintained clean,valid,facilities,positive
library provides excellent study resource,valid,library,positive
canteen offer tasty hygienic food,valid,canteen,positive
website interface smooth fast,valid,website,positive
class conducted regular basis,valid,academics,neutral
office handle student query properly,valid,administration,neutral
facility include sport transport service,valid,facilities,neutral
library used academic study,valid,library,neutral
canteen provides meal snack daily,valid,canteen,neutral
website used academic update,valid,website,neutral
faculty not explain topic clearly,valid,academics,negative
administrative staff slow processing,valid,administration,negative
facility outdated insufficient,valid,facilities,negative
library environment noisy crowded,valid,library,negative
canteen hygiene not maintained,valid,canteen,negative
website slow unresponsive,valid,website,negative
faculty provide clear explanation,valid,academics,positive
administrative process smooth efficient,valid,administration,positive
facility modern user friendly,valid,facilities,positive
library environment peaceful study,valid,library,positive
canteen offer variety food option,valid,canteen,positive
website provides accurate information,valid,website,positive
lecture conducted per timetable,valid,academics,neutral
office maintains proper documentation,valid,administration,neutral
facility support campus operation,valid,facilities,neutral
library resource available student,valid,library,neutral
canteen operates throughout day,valid,canteen,neutral
website accessed frequently student,valid,website,neutral
faculty not interactive lecture,valid,academics,negative
administrative delay cause inconvenience,valid,administration,negative
facility not well maintained,valid,facilities,negative
library lack updated material,valid,library,negative
canteen service slow,valid,canteen,negative
website technical error,valid,website,negative
faculty teaching method engaging,valid,academics,positive
administrative staff assist student quickly,valid,administration,positive
facility clean organized,valid,facilities,positive
library sufficient study material,valid,library,positive
canteen food fresh affordable,valid,canteen,positive
website work efficiently smoothly,valid,website,positive
class attended student regularly,valid,academics,neutral
office process administrative work daily,valid,administration,neutral
facility include campus infrastructure,valid,facilities,neutral
library provides study environment,valid,library,neutral
canteen serf food break,valid,canteen,neutral
website provides student notification,valid,website,neutral
faculty explanation unclear,valid,academics,negative
administrative staff unresponsive,valid,administration,negative
facility not clean organized,valid,facilities,negative
library seating insufficient,valid,library,negative
canteen overcrowded,valid,canteen,negative
website navigation confusing,valid,website,negative
faculty provide strong academic support,valid,academics,positive
administrative staff resolve issue effectively,valid,administration,positive
facility modern well maintained,valid,facilities,positive
library offer quiet comfortable environment,valid,library,positive
canteen maintains proper hygiene,valid,canteen,positive
website user friendly reliable,valid,website,positive
lecture part daily schedule,valid,academics,neutral
office handle routine administrative work,valid,administration,neutral
facility support student activity,valid,facilities,neutral
library open working hour,valid,library,neutral
canteen provides snack meal,valid,canteen,neutral
website used academic information,valid,website,neutral
faculty not supportive enough,valid,academics,negative
administrative process slow,valid,administration,negative
facility poorly managed,valid,facilities,negative
library lack proper lighting,valid,library,negative
canteen food quality poor,valid,canteen,negative
website not updated regularly,valid,website,negative
faculty teaching clear effective,valid,academics,positive
administrative system efficient smooth,valid,administration,positive
facility clean user friendly,valid,facilities,positive
library provides sufficient resource,valid,library,positive
canteen offer fresh tasty food,valid,canteen,positive
website load quickly work well,valid,website,positive
class conducted regularly,valid,academics,neutral
office maintains student record properly,valid,administration,neutral
facility include sport transport area,valid,facilities,neutral
library accessible student,valid,library,neutral
canteen operates daily,valid,canteen,neutral
website provides academic update,valid,website,neutral
faculty not engaging lecture,valid,academics,negative
administrative staff delay response,valid,administration,negative
facility outdated insufficient,valid,facilities,negative
library resource outdated,valid,library,negative
canteen hygiene poor,valid,canteen,negative
website performance slow,valid,website,negative
faculty explain topic clearly,valid,academics,positive
administrative staff cooperative,valid,administration,positive
facility well equipped maintained,valid,facilities,positive
library provides peaceful study environment,valid,library,positive
canteen food good affordable,valid,canteen,positive
website efficient easy use,valid,website,positive
class conducted per schedule,valid,academics,neutral
office handle daily administrative work,valid,administration,neutral
facility include transport sport area,valid,facilities,neutral
library provides space studying,valid,library,neutral
canteen serf meal regularly,valid,canteen,neutral
website accessed academic update,valid,website,neutral
faculty teaching clear effective,valid,academics,positive
administrative staff supportive,valid,administration,positive
facility well maintained,valid,facilities,positive
library offer good study resource,valid,library,positive
canteen food fresh hygienic,valid,canteen,positive
website fast user friendly,valid,website,positive
lecture part academic routine,valid,academics,neutral
office maintains proper record,valid,administration,neutral
facility support campus operation,valid,facilities,neutral
library resource available student,valid,library,neutral
canteen operates throughout day,valid,canteen,neutral
website provides student information,valid,website,neutral
faculty explanation unclear,valid,academics,negative
administrative process slow,valid,administration,negative
facility not properly maintained,valid,facilities,negative
library seating insufficient,valid,library,negative
canteen hygiene poor,valid,canteen,negative
website performance slow,valid,website,negative
faculty provide clear explanation,valid,academics,positive
administrative staff respond quickly,valid,administration,positive
facility modern clean,valid,facilities,positive
library environment peaceful,valid,library,positive
canteen offer variety food,valid,canteen,positive
website work efficiently,valid,website,positive
class follow timetable,valid,academics,neutral
office process student request,valid,administration,neutral
facility include campus infrastructure,valid,facilities,neutral
library accessible study,valid,library,neutral
canteen provides snack meal,valid,canteen,neutral
website contains notice update,valid,website,neutral
faculty not interactive,valid,academics,negative
administrative staff delay response,valid,administration,negative
facility outdated,valid,facilities,negative
library lack proper maintenance,valid,library,negative
canteen food quality poor,valid,canteen,negative
website navigation confusing,valid,website,negative
faculty support student effectively,valid,academics,positive
administrative system efficient,valid,administration,positive
facility clean organized,valid,facilities,positive
library provides useful material,valid,library,positive
canteen food fresh affordable,valid,canteen,positive
website provides accurate information,valid,website,positive
lecture conducted regularly,valid,academics,neutral
office handle documentation task,valid,administration,neutral
facility support daily activity,valid,facilities,neutral
library used academic study,valid,library,neutral
canteen operates break,valid,canteen,neutral
website used academic purpose,valid,website,neutral
faculty not explain topic well,valid,academics,negative
administrative delay affect student,valid,administration,negative
facility not clean,valid,facilities,negative
library overcrowded,valid,library,negative
canteen service slow,valid,canteen,negative
website technical issue,valid,website,negative
faculty teaching engaging,valid,academics,positive
administrative staff cooperative,valid,administration,positive
facility well equipped,valid,facilities,positive
library offer quiet environment,valid,library,positive
canteen maintains hygiene standard,valid,canteen,positive
website reliable fast,valid,website,positive
class conducted daily,valid,academics,neutral
office maintains administrative record,valid,administration,neutral
facility include maintenance service,valid,facilities,neutral
library provides reading material,valid,library,neutral
canteen serf student regularly,valid,canteen,neutral
website provides student update,valid,website,neutral
faculty not supportive,valid,academics,negative
administrative staff slow,valid,administration,negative
facility poorly managed,valid,facilities,negative
library lack updated resource,valid,library,negative
canteen food not hygienic,valid,canteen,negative
website outdated,valid,website,negative
faculty explain concept clearly,valid,academics,positive
administrative staff assist student efficiently,valid,administration,positive
facility clean functional,valid,facilities,positive
library provides sufficient study material,valid,library,positive
canteen food good fresh,valid,canteen,positive
website easy navigate,valid,website,positive
lecture part daily routine,valid,academics,neutral
office process documentation work,valid,administration,neutral
facility support campus life,valid,facilities,neutral
library open working hour,valid,library,neutral
canteen provides snack daily,valid,canteen,neutral
website contains academic information,valid,website,neutral
faculty explanation unclear,valid,academics,negative
administrative work delayed,valid,administration,negative
facility insufficient,valid,facilities,negative
library seating uncomfortable,valid,library,negative
canteen overcrowded,valid,canteen,negative
website slow unresponsive,valid,website,negative
faculty provide strong support,valid,academics,positive
administrative staff resolve issue quickly,valid,administration,positive
facility modern sufficient,valid,facilities,positive
library offer peaceful study environment,valid,library,positive
canteen provides fresh hygienic meal,valid,canteen,positive
website work smoothly without error,valid,website,positive
class conducted per timetable,valid,academics,neutral
office manages daily task efficiently,valid,administration,neutral
facility include sport transport service,valid,facilities,neutral
library provides quiet place study,valid,library,neutral
canteen serf food break,valid,canteen,neutral
website provides important update,valid,website,neutral
faculty not clear teaching,valid,academics,negative
administrative staff delay work,valid,administration,negative
facility not well maintained,valid,facilities,negative
library seating limited,valid,library,negative
canteen hygiene poor,valid,canteen,negative
website slow confusing,valid,website,negative
faculty explain topic clearly,valid,academics,positive
administrative staff helpful,valid,administration,positive
facility clean organized,valid,facilities,positive
library good study material,valid,library,positive
canteen food quality good,valid,canteen,positive
website user friendly,valid,website,positive
lecture conducted regularly,valid,academics,neutral
office handle student query,valid,administration,neutral
facility support campus operation,valid,facilities,neutral
library used reading study,valid,library,neutral
canteen operates throughout day,valid,canteen,neutral
website accessed student daily,valid,website,neutral
faculty not engage student,valid,academics,negative
administrative process slow,valid,administration,negative
facility outdated,valid,facilities,negative
library lack proper maintenance,valid,library,negative
canteen service slow,valid,canteen,negative
website navigation difficult,valid,website,negative
faculty teaching effective,valid,academics,positive
administrative system efficient,valid,administration,positive
facility modern clean,valid,facilities,positive
library provides comfortable environment,valid,library,positive
canteen offer variety food item,valid,canteen,positive
website provides accurate detail,valid,website,positive
class follow fixed schedule,valid,academics,neutral
office maintains proper documentation,valid,administration,neutral
facility include campus infrastructure,valid,facilities,neutral
library resource available,valid,library,neutral
canteen provides snack meal,valid,canteen,neutral
website contains announcement,valid,website,neutral
faculty explanation unclear,valid,academics,negative
administrative staff unresponsive,valid,administration,negative
facility poorly managed,valid,facilities,negative
library overcrowded,valid,library,negative
canteen food quality poor,valid,canteen,negative
website technical issue,valid,website,negative
faculty provide clear explanation,valid,academics,positive
administrative staff assist student,valid,administration,positive
facility well maintained,valid,facilities,positive
library offer sufficient study material,valid,library,positive
canteen maintains hygiene standard,valid,canteen,positive
website fast reliable,valid,website,positive
lecture conducted daily,valid,academics,neutral
office process administrative work,valid,administration,neutral
facility support student activity,valid,facilities,neutral
library accessible student,valid,library,neutral
canteen operates break,valid,canteen,neutral
website provides student information,valid,website,neutral
faculty not supportive,valid,academics,negative
administrative delay affect process,valid,administration,negative
facility not clean,valid,facilities,negative
library lack updated book,valid,library,negative
canteen overcrowded,valid,canteen,negative
website outdated,valid,website,negative
faculty teaching engaging,valid,academics,positive
administrative staff cooperative,valid,administration,positive
facility well equipped,valid,facilities,positive
library provides quiet study environment,valid,library,positive
canteen food fresh affordable,valid,canteen,positive
website easy use,valid,website,positive
class conducted scheduled,valid,academics,neutral
office handle documentation task,valid,administration,neutral
facility include maintenance service,valid,facilities,neutral
library open working hour,valid,library,neutral
canteen provides meal regularly,valid,canteen,neutral
website accessed frequently,valid,website,neutral
faculty not explain clearly,valid,academics,negative
administrative staff slow response,valid,administration,negative
facility insufficient,valid,facilities,negative
library seating uncomfortable,valid,library,negative
canteen hygiene poor,valid,canteen,negative
website slow,valid,website,negative
faculty provide strong academic support,valid,academics,positive
administrative system work efficiently,valid,administration,positive
facility modern clean,valid,facilities,positive
library offer peaceful study space,valid,library,positive
canteen service fast,valid,canteen,positive
website provides reliable update,valid,website,positive
lecture part academic routine,valid,academics,neutral
office maintains record properly,valid,administration,neutral
facility support campus life,valid,facilities,neutral
library resource used student,valid,library,neutral
canteen serf snack daily,valid,canteen,neutral
website contains useful information,valid,website,neutral
faculty explanation not clear,valid,academics,negative
administrative process delayed,valid,administration,negative
facility not properly maintained,valid,facilities,negative
library lack enough study space,valid,library,negative
canteen food not hygienic,valid,canteen,negative
website performance slow,valid,website,negative
faculty teaching clear effective,valid,academics,positive
administrative staff helpful responsive,valid,administration,positive
facility clean well maintained,valid,facilities,positive
library provides excellent study material,valid,library,positive
canteen offer fresh tasty food,valid,canteen,positive
website fast user friendly,valid,website,positive
class conducted regularly,valid,academics,neutral
office handle administrative work daily,valid,administration,neutral
facility include transport sport area,valid,facilities,neutral
library used studying,valid,library,neutral
canteen provides meal snack,valid,canteen,neutral
website used academic update,valid,website,neutral
faculty not explain topic clearly,valid,academics,negative
administrative process slow,valid,administration,negative
facility outdated insufficient,valid,facilities,negative
library seating limited,valid,library,negative
canteen service slow,valid,canteen,negative
website navigation confusing,valid,website,negative
faculty provide clear explanation,valid,academics,positive
administrative system efficient,valid,administration,positive
facility modern user friendly,valid,facilities,positive
library environment peaceful,valid,library,positive
canteen food quality good,valid,canteen,positive
website provides accurate information,valid,website,positive
lecture conducted per timetable,valid,academics,neutral
office maintains proper documentation,valid,administration,neutral
facility support campus operation,valid,facilities,neutral
library resource available student,valid,library,neutral
canteen operates throughout day,valid,canteen,neutral
website accessed frequently,valid,website,neutral
faculty not interactive,valid,academics,negative
administrative staff delay response,valid,administration,negative
facility not clean,valid,facilities,negative
library lack proper maintenance,valid,library,negative
canteen overcrowded,valid,canteen,negative
website technical error,valid,website,negative
faculty teaching engaging,valid,academics,positive
administrative staff assist student quickly,valid,administration,positive
facility well equipped,valid,facilities,positive
library provides comfortable study environment,valid,library,positive
canteen offer variety food option,valid,canteen,positive
website work efficiently,valid,website,positive
class follow academic schedule,valid,academics,neutral
office process student request,valid,administration,neutral
facility include campus infrastructure,valid,facilities,neutral
library accessible study,valid,library,neutral
canteen provides snack break,valid,canteen,neutral
website contains important update,valid,website,neutral
faculty explanation unclear,valid,academics,negative
administrative staff unresponsive,valid,administration,negative
facility poorly managed,valid,facilities,negative
library seating uncomfortable,valid,library,negative
canteen food quality poor,valid,canteen,negative
website outdated,valid,website,negative
faculty provide strong academic support,valid,academics,positive
administrative system work smoothly,valid,administration,positive
facility clean functional,valid,facilities,positive
library offer sufficient resource,valid,library,positive
canteen maintains hygiene standard,valid,canteen,positive
website easy navigate,valid,website,positive
lecture conducted daily,valid,academics,neutral
office handle documentation task,valid,administration,neutral
facility support student activity,valid,facilities,neutral
library open working hour,valid,library,neutral
canteen operates regularly,valid,canteen,neutral
website provides academic information,valid,website,neutral
faculty not supportive,valid,academics,negative
administrative delay affect student,valid,administration,negative
facility insufficient,valid,facilities,negative
library lack updated book,valid,library,negative
canteen hygiene poor,valid,canteen,negative
website performance slow,valid,website,negative
faculty explain concept clearly,valid,academics,positive
administrative staff cooperative,valid,administration,positive
facility modern clean,valid,facilities,positive
library provides quiet study space,valid,library,positive
canteen food fresh affordable,valid,canteen,positive
website provides reliable update,valid,website,positive
class conducted scheduled,valid,academics,neutral
office maintains record properly,valid,administration,neutral
facility include maintenance service,valid,facilities,neutral
library resource used student,valid,library,neutral
canteen serf meal daily,valid,canteen,neutral
website contains notice announcement,valid,website,neutral
faculty not explain clearly,valid,academics,negative
administrative process delayed,valid,administration,negative
facility not well maintained,valid,facilities,negative
library overcrowded noisy,valid,library,negative
canteen service very slow,valid,canteen,negative
website loading issue,valid,website,negative
faculty provide effective teaching,valid,academics,positive
administrative staff resolve issue quickly,valid,administration,positive
facility well maintained clean,valid,facilities,positive
library sufficient study material,valid,library,positive
canteen offer good quality food,valid,canteen,positive
website fast efficient,valid,website,positive
class conducted regularly scheduled,valid,academics,neutral
office handle routine administrative work,valid,administration,neutral
facility include transport sport service,valid,facilities,neutral
library provides space study,valid,library,neutral
canteen serf meal break,valid,canteen,neutral
website accessed update,valid,website,neutral
faculty teaching clear effective,valid,academics,positive
administrative staff helpful supportive,valid,administration,positive
facility clean well maintained,valid,facilities,positive
library offer useful study material,valid,library,positive
canteen food fresh hygienic,valid,canteen,positive
website fast user friendly,valid,website,positive
lecture part academic routine,valid,academics,neutral
office maintains proper record,valid,administration,neutral
facility support campus operation,valid,facilities,neutral
library resource available student,valid,library,neutral
canteen operates throughout day,valid,canteen,neutral
website provides student information,valid,website,neutral
faculty explanation unclear,valid,academics,negative
administrative process slow,valid,administration,negative
facility not properly maintained,valid,facilities,negative
library seating insufficient,valid,library,negative
canteen hygiene poor,valid,canteen,negative
website performance slow,valid,website,negative
faculty provide clear explanation,valid,academics,positive
administrative system efficient,valid,administration,positive
facility modern user friendly,valid,facilities,positive
library environment peaceful,valid,library,positive
canteen offer variety food,valid,canteen,positive
website work efficiently,valid,website,positive
class follow timetable regularly,valid,academics,neutral
office process student request,valid,administration,neutral
facility include campus infrastructure,valid,facilities,neutral
library accessible study,valid,library,neutral
canteen provides snack meal,valid,canteen,neutral
website contains notice update,valid,website,neutral
faculty not interactive,valid,academics,negative
administrative staff delay response,valid,administration,negative
facility outdated,valid,facilities,negative
library lack proper maintenance,valid,library,negative
canteen service slow,valid,canteen,negative
website navigation confusing,valid,website,negative
faculty support student effectively,valid,academics,positive
administrative staff assist student quickly,valid,administration,positive
facility well equipped,valid,facilities,positive
library provides comfortable study environment,valid,library,positive
canteen food fresh affordable,valid,canteen,positive
website provides accurate information,valid,website,positive
lecture conducted regularly,valid,academics,neutral
office handle documentation task,valid,administration,neutral
facility support daily activity,valid,facilities,neutral
library used academic study,valid,library,neutral
canteen operates break,valid,canteen,neutral
website used academic purpose,valid,website,neutral
faculty not explain topic well,valid,academics,negative
administrative delay affect student,valid,administration,negative
facility not clean,valid,facilities,negative
library overcrowded,valid,library,negative
canteen food quality poor,valid,canteen,negative
website technical issue,valid,website,negative
faculty teaching engaging,valid,academics,positive
administrative staff cooperative,valid,administration,positive
facility modern clean,valid,facilities,positive
library offer quiet environment,valid,library,positive
canteen maintains hygiene standard,valid,canteen,positive
website reliable fast,valid,website,positive
class conducted daily,valid,academics,neutral
office maintains administrative record,valid,administration,neutral
facility include maintenance service,valid,facilities,neutral
library provides reading material,valid,library,neutral
canteen serf student regularly,valid,canteen,neutral
website provides student update,valid,website,neutral
faculty not supportive,valid,academics,negative
administrative staff slow,valid,administration,negative
facility poorly managed,valid,facilities,negative
library lack updated resource,valid,library,negative
canteen food not hygienic,valid,canteen,negative
website outdated,valid,website,negative
faculty explain concept clearly,valid,academics,positive
administrative staff assist student efficiently,valid,administration,positive
facility clean functional,valid,facilities,positive
library provides sufficient study material,valid,library,positive
canteen food good fresh,valid,canteen,positive
website easy navigate,valid,website,positive
lecture part daily routine,valid,academics,neutral
office process documentation work,valid,administration,neutral
facility support campus life,valid,facilities,neutral
library open working hour,valid,library,neutral
canteen provides snack daily,valid,canteen,neutral
website contains academic information,valid,website,neutral
faculty explanation unclear,valid,academics,negative
administrative work delayed,valid,administration,negative
facility insufficient,valid,facilities,negative
library seating uncomfortable,valid,library,negative
canteen overcrowded,valid,canteen,negative
website slow unresponsive,valid,website,negative
faculty provide strong support,valid,academics,positive
administrative staff resolve issue quickly,valid,administration,positive
facility modern sufficient,valid,facilities,positive
library offer peaceful study environment,valid,library,positive
academic experience smooth helpful,valid,academics,positive
academic okay overall,valid,academics,neutral
academic need improvement,valid,academics,negative
really like academic work,valid,academics,positive
average experience academic,valid,academics,neutral
not satisfied academic,valid,academics,negative
academic service efficient reliable,valid,academics,positive
academic work expected,valid,academics,neutral
academic several issue,valid,academics,negative
great improvement seen academic recently,valid,academics,positive
academic neither good nor bad,valid,academics,neutral
academic not functioning properly,valid,academics,negative
academic well managed useful,valid,academics,positive
academic could improved slightly,valid,academics,neutral
poor experience academic,valid,academics,negative
academic experience smooth helpful,valid,academics,positive
academic okay overall,valid,academics,neutral
academic need improvement,valid,academics,negative
really like academic work,valid,academics,positive
average experience academic,valid,academics,neutral
not satisfied academic,valid,academics,negative
academic service efficient reliable,valid,academics,positive
academic work expected,valid,academics,neutral
academic several issue,valid,academics,negative
great improvement seen academic recently,valid,academics,positive
academic neither good nor bad,valid,academics,neutral
academic not functioning properly,valid,academics,negative
academic well managed useful,valid,academics,positive
academic could improved slightly,valid,academics,neutral
poor experience academic,valid,academics,negative
academic experience smooth helpful,valid,academics,positive
academic okay overall,valid,academics,neutral
academic need improvement,valid,academics,negative
really like academic work,valid,academics,positive
average experience academic,valid,academics,neutral
not satisfied academic,valid,academics,negative
academic service efficient reliable,valid,academics,positive
academic work expected,valid,academics,neutral
academic several issue,valid,academics,negative
great improvement seen academic recently,valid,academics,positive
academic neither good nor bad,valid,academics,neutral
academic not functioning properly,valid,academics,negative
academic well managed useful,valid,academics,positive
academic could improved slightly,valid,academics,neutral
poor experience academic,valid,academics,negative
academic experience smooth helpful,valid,academics,positive
academic okay overall,valid,academics,neutral
academic need improvement,valid,academics,negative
really like academic work,valid,academics,positive
average experience academic,valid,academics,neutral
not satisfied academic,valid,academics,negative
academic service efficient reliable,valid,academics,positive
academic work expected,valid,academics,neutral
academic several issue,valid,academics,negative
great improvement seen academic recently,valid,academics,positive
academic neither good nor bad,valid,academics,neutral
academic not functioning properly,valid,academics,negative
academic well managed useful,valid,academics,positive
academic could improved slightly,valid,academics,neutral
poor experience academic,valid,academics,negative
administration experience smooth helpful,valid,administration,positive
administration okay overall,valid,administration,neutral
administration need improvement,valid,administration,negative
really like administration work,valid,administration,positive
average experience administration,valid,administration,neutral
not satisfied administration,valid,administration,negative
administration service efficient reliable,valid,administration,positive
administration work expected,valid,administration,neutral
administration several issue,valid,administration,negative
great improvement seen administration recently,valid,administration,positive
administration neither good nor bad,valid,administration,neutral
administration not functioning properly,valid,administration,negative
administration well managed useful,valid,administration,positive
administration could improved slightly,valid,administration,neutral
poor experience administration,valid,administration,negative
administration experience smooth helpful,valid,administration,positive
administration okay overall,valid,administration,neutral
administration need improvement,valid,administration,negative
really like administration work,valid,administration,positive
average experience administration,valid,administration,neutral
not satisfied administration,valid,administration,negative
administration service efficient reliable,valid,administration,positive
administration work expected,valid,administration,neutral
administration several issue,valid,administration,negative
great improvement seen administration recently,valid,administration,positive
administration neither good nor bad,valid,administration,neutral
administration not functioning properly,valid,administration,negative
administration well managed useful,valid,administration,positive
administration could improved slightly,valid,administration,neutral
poor experience administration,valid,administration,negative
canteen experience smooth helpful,valid,canteen,positive
canteen okay overall,valid,canteen,neutral
canteen need improvement,valid,canteen,negative
really like canteen work,valid,canteen,positive
average experience canteen,valid,canteen,neutral
not satisfied canteen,valid,canteen,negative
canteen service efficient reliable,valid,canteen,positive
canteen work expected,valid,canteen,neutral
canteen several issue,valid,canteen,negative
great improvement seen canteen recently,valid,canteen,positive
canteen neither good nor bad,valid,canteen,neutral
canteen not functioning properly,valid,canteen,negative
canteen well managed useful,valid,canteen,positive
canteen could improved slightly,valid,canteen,neutral
poor experience canteen,valid,canteen,negative
canteen experience smooth helpful,valid,canteen,positive
canteen okay overall,valid,canteen,neutral
canteen need improvement,valid,canteen,negative
really like canteen work,valid,canteen,positive
average experience canteen,valid,canteen,neutral
not satisfied canteen,valid,canteen,negative
canteen service efficient reliable,valid,canteen,positive
canteen work expected,valid,canteen,neutral
canteen several issue,valid,canteen,negative
great improvement seen canteen recently,valid,canteen,positive
canteen neither good nor bad,valid,canteen,neutral
canteen not functioning properly,valid,canteen,negative
canteen well managed useful,valid,canteen,positive
canteen could improved slightly,valid,canteen,neutral
poor experience canteen,valid,canteen,negative
facility experience smooth helpful,valid,facilities,positive
facility okay overall,valid,facilities,neutral
facility need improvement,valid,facilities,negative
really like facility work,valid,facilities,positive
average experience facility,valid,facilities,neutral
not satisfied facility,valid,facilities,negative
facility service efficient reliable,valid,facilities,positive
facility work expected,valid,facilities,neutral
facility several issue,valid,facilities,negative
great improvement seen facility recently,valid,facilities,positive
facility neither good nor bad,valid,facilities,neutral
facility not functioning properly,valid,facilities,negative
facility well managed useful,valid,facilities,positive
facility could improved slightly,valid,facilities,neutral
poor experience facility,valid,facilities,negative
facility experience smooth helpful,valid,facilities,positive
facility okay overall,valid,facilities,neutral
facility need improvement,valid,facilities,negative
really like facility work,valid,facilities,positive
average experience facility,valid,facilities,neutral
not satisfied facility,valid,facilities,negative
facility service efficient reliable,valid,facilities,positive
facility work expected,valid,facilities,neutral
facility several issue,valid,facilities,negative
great improvement seen facility recently,valid,facilities,positive
facility neither good nor bad,valid,facilities,neutral
facility not functioning properly,valid,facilities,negative
facility well managed useful,valid,facilities,positive
facility could improved slightly,valid,facilities,neutral
poor experience facility,valid,facilities,negative
website experience smooth helpful,valid,website,positive
website okay overall,valid,website,neutral
website need improvement,valid,website,negative
really like website work,valid,website,positive
average experience website,valid,website,neutral
not satisfied website,valid,website,negative
website service efficient reliable,valid,website,positive
website work expected,valid,website,neutral
website several issue,valid,website,negative
great improvement seen website recently,valid,website,positive
website neither good nor bad,valid,website,neutral
website not functioning properly,valid,website,negative
website well managed useful,valid,website,positive
website could improved slightly,valid,website,neutral
poor experience website,valid,website,negative
website experience smooth helpful,valid,website,positive
website okay overall,valid,website,neutral
website need improvement,valid,website,negative
really like website work,valid,website,positive
average experience website,valid,website,neutral
not satisfied website,valid,website,negative
website service efficient reliable,valid,website,positive
website work expected,valid,website,neutral
website several issue,valid,website,negative
great improvement seen website recently,valid,website,positive
website neither good nor bad,valid,website,neutral
website not functioning properly,valid,website,negative
website well managed useful,valid,website,positive
website could improved slightly,valid,website,neutral
poor experience website,valid,website,negative
library experience smooth helpful,valid,library,positive
library okay overall,valid,library,neutral
library need improvement,valid,library,negative
really like library work,valid,library,positive
average experience library,valid,library,neutral
not satisfied library,valid,library,negative
library service efficient reliable,valid,library,positive
library work expected,valid,library,neutral
library several issue,valid,library,negative
great improvement seen library recently,valid,library,positive
library neither good nor bad,valid,library,neutral
library not functioning properly,valid,library,negative
library well managed useful,valid,library,positive
library could improved slightly,valid,library,neutral
poor experience library,valid,library,negative
library experience smooth helpful,valid,library,positive
library okay overall,valid,library,neutral
library need improvement,valid,library,negative
really like library work,valid,library,positive
average experience library,valid,library,neutral
not satisfied library,valid,library,negative
library service efficient reliable,valid,library,positive
library work expected,valid,library,neutral
library several issue,valid,library,negative
great improvement seen library recently,valid,library,positive
library neither good nor bad,valid,library,neutral
library not functioning properly,valid,library,negative
library well managed useful,valid,library,positive
library could improved slightly,valid,library,neutral
poor experience library,valid,library,negative
academic schedule well organized,valid,academics,positive
academic workload feel manageable,valid,academics,neutral
academic syllabus outdated,valid,academics,negative
faculty support academic great,valid,academics,positive
academic pace average,valid,academics,neutral
academic assignment confusing,valid,academics,negative
academic content very useful,valid,academics,positive
academic evaluation seems fair,valid,academics,neutral
academic lecture lack clarity,valid,academics,negative
academic system improving,valid,academics,positive
administration process smooth,valid,administration,positive
administration response time okay,valid,administration,neutral
administration staff unhelpful,valid,administration,negative
administration handle query well,valid,administration,positive
administration service average,valid,administration,neutral
administration delay frustrating,valid,administration,negative
administration support reliable,valid,administration,positive
administration communication fine,valid,administration,neutral
administration system inefficient,valid,administration,negative
administration work well managed,valid,administration,positive
canteen food quality great,valid,canteen,positive
canteen menu average,valid,canteen,neutral
canteen hygiene need improvement,valid,canteen,negative
canteen service quick,valid,canteen,positive
canteen seating okay,valid,canteen,neutral
canteen food too oily,valid,canteen,negative
canteen staff friendly,valid,canteen,positive
canteen price reasonable,valid,canteen,neutral
canteen overcrowded,valid,canteen,negative
canteen environment pleasant,valid,canteen,positive
facility well maintained,valid,facilities,positive
facility usable,valid,facilities,neutral
facility need repair,valid,facilities,negative
facility cleanliness good,valid,facilities,positive
facility condition average,valid,facilities,neutral
facility equipment broken,valid,facilities,negative
facility modern useful,valid,facilities,positive
facility availability fine,valid,facilities,neutral
facility poorly maintained,valid,facilities,negative
facility improving,valid,facilities,positive
website interface user friendly,valid,website,positive
website navigation okay,valid,website,neutral
website load slowly,valid,website,negative
website design clean,valid,website,positive
website performance average,valid,website,neutral
website bug,valid,website,negative
website feature helpful,valid,website,positive
website layout fine,valid,website,neutral
website crash sometimes,valid,website,negative
website experience smooth,valid,website,positive
library resource very helpful,valid,library,positive
library environment calm,valid,library,neutral
library book outdated,valid,library,negative
library staff supportive,valid,library,positive
library seating sufficient,valid,library,neutral
library computer slow,valid,library,negative
library system efficient,valid,library,positive
library rule reasonable,valid,library,neutral
library noise level high,valid,library,negative
library service improving,valid,library,positive
academic guidance excellent,valid,academics,positive
academic pressure manageable,valid,academics,neutral
academic material insufficient,valid,academics,negative
academic teaching effective,valid,academics,positive
academic pace balanced,valid,academics,neutral
academic instruction unclear,valid,academics,negative
academic support strong,valid,academics,positive
academic structure fine,valid,academics,neutral
academic evaluation unfair,valid,academics,negative
academic system improving,valid,academics,positive
administration staff helpful,valid,administration,positive
administration workflow average,valid,administration,neutral
administration delay frequent,valid,administration,negative
administration support quick,valid,administration,positive
administration process okay,valid,administration,neutral
administration communication poor,valid,administration,negative
administration handling efficient,valid,administration,positive
administration system decent,valid,administration,neutral
administration response slow,valid,administration,negative
administration work smooth,valid,administration,positive
canteen meal tasty,valid,canteen,positive
canteen option limited,valid,canteen,neutral
canteen hygiene poor,valid,canteen,negative
canteen service fast,valid,canteen,positive
canteen pricing fair,valid,canteen,neutral
canteen food quality inconsistent,valid,canteen,negative
canteen staff polite,valid,canteen,positive
canteen space average,valid,canteen,neutral
canteen waiting time long,valid,canteen,negative
canteen environment nice,valid,canteen,positive
facility clean well maintained,valid,facilities,positive
facility usage average,valid,facilities,neutral
facility maintenance poor,valid,facilities,negative
facility equipment work properly,valid,facilities,positive
facility condition okay,valid,facilities,neutral
facility infrastructure outdated,valid,facilities,negative
facility accessible useful,valid,facilities,positive
facility availability sufficient,valid,facilities,neutral
facility not properly managed,valid,facilities,negative
facility improving gradually,valid,facilities,positive
website interface smooth clean,valid,website,positive
website speed acceptable,valid,website,neutral
website crash frequently,valid,website,negative
website feature very useful,valid,website,positive
website layout average,valid,website,neutral
website navigation confusing,valid,website,negative
website design look modern,valid,website,positive
website usability fine,valid,website,neutral
website loading time slow,valid,website,negative
website performance improving,valid,website,positive
library environment peaceful,valid,library,positive
library usage experience normal,valid,library,neutral
library book damaged,valid,library,negative
library facility very helpful,valid,library,positive
library seating okay,valid,library,neutral
library computer outdated,valid,library,negative
library system efficient,valid,library,positive
library rule manageable,valid,library,neutral
library noise disturbing,valid,library,negative
library service improving,valid,library,positive
academic curriculum well structured,valid,academics,positive
academic workload moderate,valid,academics,neutral
academic syllabus need update,valid,academics,negative
academic teaching quality good,valid,academics,positive
academic pace fine,valid,academics,neutral
academic lecture unclear,valid,academics,negative
academic support system strong,valid,academics,positive
academic evaluation fair,valid,academics,neutral
academic material insufficient,valid,academics,negative
academic overall experience good,valid,academics,positive
administration service efficient,valid,administration,positive
administration communication average,valid,administration,neutral
administration delay cause issue,valid,administration,negative
administration staff cooperative,valid,administration,positive
administration process manageable,valid,administration,neutral
administration system flaw,valid,administration,negative
administration support reliable,valid,administration,positive
administration workflow decent,valid,administration,neutral
administration response time slow,valid,administration,negative
administration work smooth,valid,administration,positive
canteen food delicious,valid,canteen,positive
canteen option average,valid,canteen,neutral
canteen hygiene lacking,valid,canteen,negative
canteen service quick good,valid,canteen,positive
canteen seating arrangement fine,valid,canteen,neutral
canteen food repetitive,valid,canteen,negative
canteen staff behaves well,valid,canteen,positive
canteen pricing reasonable,valid,canteen,neutral
canteen overcrowded often,valid,canteen,negative
canteen environment clean,valid,canteen,positive
facility modern clean,valid,facilities,positive
facility condition average,valid,facilities,neutral
facility repair needed,valid,facilities,negative
facility well organized,valid,facilities,positive
facility usage manageable,valid,facilities,neutral
facility equipment faulty,valid,facilities,negative
facility very useful,valid,facilities,positive
facility availability decent,valid,facilities,neutral
facility cleanliness poor,valid,facilities,negative
facility improving steadily,valid,facilities,positive
website design attractive,valid,website,positive
website navigation average,valid,website,neutral
website technical issue,valid,website,negative
website feature helpful,valid,website,positive
website performance okay,valid,website,neutral
website loading slow,valid,website,negative
website interface user friendly,valid,website,positive
website usability fine,valid,website,neutral
website crash occasionally,valid,website,negative
website experience improving,valid,website,positive
library book useful,valid,library,positive
library environment okay,valid,library,neutral
library resource outdated,valid,library,negative
library staff helpful,valid,library,positive
library seating average,valid,library,neutral
library system slow,valid,library,negative
library facility good,valid,library,positive
library rule fair,valid,library,neutral
library noise level high,valid,library,negative
library service reliable,valid,library,positive
academic teaching excellent,valid,academics,positive
academic pace moderate,valid,academics,neutral
academic syllabus outdated,valid,academics,negative
academic support strong,valid,academics,positive
academic evaluation okay,valid,academics,neutral
academic material lacking,valid,academics,negative
academic structure well planned,valid,academics,positive
academic experience average,valid,academics,neutral
academic lecture confusing,valid,academics,negative
academic overall system good,valid,academics,positive
administration staff supportive,valid,administration,positive
administration workflow manageable,valid,administration,neutral
administration system inefficient,valid,administration,negative
administration service reliable,valid,administration,positive
administration communication okay,valid,administration,neutral
administration delay frustrating,valid,administration,negative
administration handling smooth,valid,administration,positive
administration process average,valid,administration,neutral
administration response slow,valid,administration,negative
administration work well organized,valid,administration,positive
canteen food fresh tasty,valid,canteen,positive
canteen option limited,valid,canteen,neutral
canteen hygiene poor,valid,canteen,negative
canteen service efficient,valid,canteen,positive
canteen seating average,valid,canteen,neutral
canteen food quality inconsistent,valid,canteen,negative
canteen staff friendly,valid,canteen,positive
canteen pricing reasonable,valid,canteen,neutral
canteen overcrowded,valid,canteen,negative
canteen environment clean,valid,canteen,positive
facility clean modern,valid,facilities,positive
facility condition average,valid,facilities,neutral
facility maintenance lacking,valid,facilities,negative
facility equipment reliable,valid,facilities,positive
facility usage okay,valid,facilities,neutral
facility infrastructure outdated,valid,facilities,negative
facility accessible,valid,facilities,positive
facility availability decent,valid,facilities,neutral
facility cleanliness poor,valid,facilities,negative
facility improving,valid,facilities,positive
website design modern,valid,website,positive
website speed average,valid,website,neutral
website bug,valid,website,negative
website feature useful,valid,website,positive
website navigation okay,valid,website,neutral
website performance slow,valid,website,negative
website interface user friendly,valid,website,positive
website usability decent,valid,website,neutral
website crash sometimes,valid,website,negative
website experience smooth,valid,website,positive
library resource helpful,valid,library,positive
library environment calm,valid,library,neutral
library book outdated,valid,library,negative
library staff supportive,valid,library,positive
library seating sufficient,valid,library,neutral
library computer slow,valid,library,negative
library system efficient,valid,library,positive
library rule reasonable,valid,library,neutral
library noise level high,valid,library,negative
library service improving,valid,library,positive
academic guidance excellent,valid,academics,positive
academic pressure manageable,valid,academics,neutral
academic material insufficient,valid,academics,negative
academic teaching effective,valid,academics,positive
academic pace balanced,valid,academics,neutral
academic instruction unclear,valid,academics,negative
academic support strong,valid,academics,positive
academic structure fine,valid,academics,neutral
academic evaluation unfair,valid,academics,negative
academic system improving,valid,academics,positive
administration staff helpful,valid,administration,positive
administration workflow average,valid,administration,neutral
administration delay frequent,valid,administration,negative
administration support quick,valid,administration,positive
administration process okay,valid,administration,neutral
administration communication poor,valid,administration,negative
administration handling efficient,valid,administration,positive
administration system decent,valid,administration,neutral
administration response slow,valid,administration,negative
administration work smooth,valid,administration,positive
canteen meal tasty,valid,canteen,positive
canteen option average,valid,canteen,neutral
canteen hygiene poor,valid,canteen,negative
canteen service fast,valid,canteen,positive
canteen pricing fair,valid,canteen,neutral
canteen food quality inconsistent,valid,canteen,negative
canteen staff polite,valid,canteen,positive
canteen space average,valid,canteen,neutral
canteen waiting time long,valid,canteen,negative
canteen environment nice,valid,canteen,positive
facility well maintained,valid,facilities,positive
facility usage average,valid,facilities,neutral
facility need repair,valid,facilities,negative
facility cleanliness good,valid,facilities,positive
facility condition average,valid,facilities,neutral
facility equipment broken,valid,facilities,negative
facility modern useful,valid,facilities,positive
facility availability fine,valid,facilities,neutral
facility poorly maintained,valid,facilities,negative
facility improving,valid,facilities,positive
website interface user friendly,valid,website,positive
website navigation okay,valid,website,neutral
website load slowly,valid,website,negative
website design clean,valid,website,positive
website performance average,valid,website,neutral
website bug,valid,website,negative
website feature helpful,valid,website,positive
website layout fine,valid,website,neutral
website crash sometimes,valid,website,negative
website experience smooth,valid,website,positive
library resource very helpful,valid,library,positive
library environment calm,valid,library,neutral
library book outdated,valid,library,negative
library staff supportive,valid,library,positive
library seating sufficient,valid,library,neutral
library computer slow,valid,library,negative
library system efficient,valid,library,positive
library rule reasonable,valid,library,neutral
library noise level high,valid,library,negative
library service improving,valid,library,positive
academic curriculum well structured,valid,academics,positive
academic workload moderate,valid,academics,neutral
academic syllabus need update,valid,academics,negative
academic teaching quality good,valid,academics,positive
academic pace fine,valid,academics,neutral
academic lecture unclear,valid,academics,negative
academic support system strong,valid,academics,positive
academic evaluation fair,valid,academics,neutral
academic material insufficient,valid,academics,negative
academic overall experience good,valid,academics,positive
administration service efficient,valid,administration,positive
administration communication average,valid,administration,neutral
administration delay cause issue,valid,administration,negative
administration staff cooperative,valid,administration,positive
administration process manageable,valid,administration,neutral
administration system flaw,valid,administration,negative
administration support reliable,valid,administration,positive
administration workflow decent,valid,administration,neutral
administration response time slow,valid,administration,negative
administration work smooth,valid,administration,positive
canteen food quality great,valid,canteen,positive
canteen menu average,valid,canteen,neutral
canteen hygiene need improvement,valid,canteen,negative
canteen service quick,valid,canteen,positive
canteen seating okay,valid,canteen,neutral
canteen food too oily,valid,canteen,negative
canteen staff friendly,valid,canteen,positive
canteen price reasonable,valid,canteen,neutral
canteen overcrowded,valid,canteen,negative
canteen environment pleasant,valid,canteen,positive
facility well maintained,valid,facilities,positive
facility usable,valid,facilities,neutral
facility need repair,valid,facilities,negative
facility cleanliness good,valid,facilities,positive
facility condition average,valid,facilities,neutral
facility equipment broken,valid,facilities,negative
facility modern useful,valid,facilities,positive
facility availability fine,valid,facilities,neutral
facility poorly maintained,valid,facilities,negative
facility improving,valid,facilities,positive
website interface user friendly,valid,website,positive
website navigation okay,valid,website,neutral
website load slowly,valid,website,negative
website design clean,valid,website,positive
website performance average,valid,website,neutral
website bug,valid,website,negative
website feature helpful,valid,website,positive
website layout fine,valid,website,neutral
website crash sometimes,valid,website,negative
website experience smooth,valid,website,positive
library book useful,valid,library,positive
library environment okay,valid,library,neutral
library resource outdated,valid,library,negative
library staff helpful,valid,library,positive
library seating average,valid,library,neutral
library system slow,valid,library,negative
library facility good,valid,library,positive
library rule fair,valid,library,neutral
library noise level high,valid,library,negative
library service reliable,valid,library,positive
academic teaching excellent,valid,academics,positive
academic pace moderate,valid,academics,neutral
academic syllabus outdated,valid,academics,negative
academic support strong,valid,academics,positive
academic evaluation okay,valid,academics,neutral
academic material lacking,valid,academics,negative
academic structure well planned,valid,academics,positive
academic experience average,valid,academics,neutral
academic lecture confusing,valid,academics,negative
academic overall system good,valid,academics,positive
administration staff supportive,valid,administration,positive
administration workflow manageable,valid,administration,neutral
administration system inefficient,valid,administration,negative
administration service reliable,valid,administration,positive
administration communication okay,valid,administration,neutral
administration delay frustrating,valid,administration,negative
administration handling smooth,valid,administration,positive
administration process average,valid,administration,neutral
administration response slow,valid,administration,negative
administration work well organized,valid,administration,positive
canteen food fresh tasty,valid,canteen,positive
canteen option limited,valid,canteen,neutral
canteen hygiene poor,valid,canteen,negative
canteen service efficient,valid,canteen,positive
canteen seating average,valid,canteen,neutral
canteen food quality inconsistent,valid,canteen,negative
canteen staff friendly,valid,canteen,positive
canteen pricing reasonable,valid,canteen,neutral
canteen overcrowded,valid,canteen,negative
canteen environment clean,valid,canteen,positive
facility clean modern,valid,facilities,positive
facility condition average,valid,facilities,neutral
facility maintenance lacking,valid,facilities,negative
facility equipment reliable,valid,facilities,positive
facility usage okay,valid,facilities,neutral
facility infrastructure outdated,valid,facilities,negative
facility accessible,valid,facilities,positive
facility availability decent,valid,facilities,neutral
facility cleanliness poor,valid,facilities,negative
facility improving,valid,facilities,positive
website design modern,valid,website,positive
website speed average,valid,website,neutral
website bug,valid,website,negative
website feature useful,valid,website,positive
website navigation okay,valid,website,neutral
website performance slow,valid,website,negative
website interface user friendly,valid,website,positive
website usability decent,valid,website,neutral
website crash sometimes,valid,website,negative
website experience smooth,valid,website,positive
library resource helpful,valid,library,positive
library environment calm,valid,library,neutral
library book outdated,valid,library,negative
library staff supportive,valid,library,positive
library seating sufficient,valid,library,neutral
library computer slow,valid,library,negative
library system efficient,valid,library,positive
library rule reasonable,valid,library,neutral
library noise level high,valid,library,negative
library service improving,valid,library,positive
academic guidance excellent,valid,academics,positive
academic pressure manageable,valid,academics,neutral
academic material insufficient,valid,academics,negative
academic teaching effective,valid,academics,positive
academic pace balanced,valid,academics,neutral
academic instruction unclear,valid,academics,negative
academic support strong,valid,academics,positive
academic structure fine,valid,academics,neutral
academic evaluation unfair,valid,academics,negative
academic system improving,valid,academics,positive
administration staff helpful,valid,administration,positive
administration workflow average,valid,administration,neutral
administration delay frequent,valid,administration,negative
administration support quick,valid,administration,positive
administration process okay,valid,administration,neutral
administration communication poor,valid,administration,negative
administration handling efficient,valid,administration,positive
administration system decent,valid,administration,neutral
administration response slow,valid,administration,negative
administration work smooth,valid,administration,positive
canteen meal tasty,valid,canteen,positive
canteen option average,valid,canteen,neutral
canteen hygiene poor,valid,canteen,negative
canteen service fast,valid,canteen,positive
canteen pricing fair,valid,canteen,neutral
canteen food quality inconsistent,valid,canteen,negative
canteen staff polite,valid,canteen,positive
canteen space average,valid,canteen,neutral
canteen waiting time long,valid,canteen,negative
canteen environment nice,valid,canteen,positive
facility well maintained,valid,facilities,positive
facility usage average,valid,facilities,neutral
facility need repair,valid,facilities,negative
facility cleanliness good,valid,facilities,positive
facility condition average,valid,facilities,neutral
facility equipment broken,valid,facilities,negative
facility modern useful,valid,facilities,positive
facility availability fine,valid,facilities,neutral
facility poorly maintained,valid,facilities,negative
facility improving,valid,facilities,positive
website interface user friendly,valid,website,positive
website navigation okay,valid,website,neutral
website load slowly,valid,website,negative
website design clean,valid,website,positive
website performance average,valid,website,neutral
website bug,valid,website,negative
website feature helpful,valid,website,positive
website layout fine,valid,website,neutral
website crash sometimes,valid,website,negative
website experience smooth,valid,website,positive
library book useful,valid,library,positive
library environment okay,valid,library,neutral
library resource outdated,valid,library,negative
library staff helpful,valid,library,positive
library seating average,valid,library,neutral
library system slow,valid,library,negative
library facility good,valid,library,positive
library rule fair,valid,library,neutral
library noise level high,valid,library,negative
library service reliable,valid,library,positive
academic teaching excellent,valid,academics,positive
academic pace moderate,valid,academics,neutral
academic syllabus outdated,valid,academics,negative
academic support strong,valid,academics,positive
academic evaluation okay,valid,academics,neutral
academic material lacking,valid,academics,negative
academic structure well planned,valid,academics,positive
academic experience average,valid,academics,neutral
academic lecture confusing,valid,academics,negative
academic overall system good,valid,academics,positive
administration staff supportive,valid,administration,positive
administration workflow manageable,valid,administration,neutral
administration system inefficient,valid,administration,negative
administration service reliable,valid,administration,positive
administration communication okay,valid,administration,neutral
administration delay frustrating,valid,administration,negative
administration handling smooth,valid,administration,positive
administration process average,valid,administration,neutral
administration response slow,valid,administration,negative
administration work well organized,valid,administration,positive
canteen food fresh tasty,valid,canteen,positive
canteen option limited,valid,canteen,neutral
canteen hygiene poor,valid,canteen,negative
canteen service efficient,valid,canteen,positive
canteen seating average,valid,canteen,neutral
canteen food quality inconsistent,valid,canteen,negative
canteen staff friendly,valid,canteen,positive
canteen pricing reasonable,valid,canteen,neutral
canteen overcrowded,valid,canteen,negative
canteen environment clean,valid,canteen,positive
facility clean modern,valid,facilities,positive
facility condition average,valid,facilities,neutral
facility maintenance lacking,valid,facilities,negative
facility equipment reliable,valid,facilities,positive
facility usage okay,valid,facilities,neutral
facility infrastructure outdated,valid,facilities,negative
facility accessible,valid,facilities,positive
facility availability decent,valid,facilities,neutral
facility cleanliness poor,valid,facilities,negative
facility improving,valid,facilities,positive
website design modern,valid,website,positive
website speed average,valid,website,neutral
website bug,valid,website,negative
website feature useful,valid,website,positive
website navigation okay,valid,website,neutral
website performance slow,valid,website,negative
website interface user friendly,valid,website,positive
website usability decent,valid,website,neutral
website crash sometimes,valid,website,negative
website experience smooth,valid,website,positive
library resource helpful,valid,library,positive
library environment calm,valid,library,neutral
library book outdated,valid,library,negative
library staff supportive,valid,library,positive
library seating sufficient,valid,library,neutral
library computer slow,valid,library,negative
library system efficient,valid,library,positive
library rule reasonable,valid,library,neutral
library noise level high,valid,library,negative
library service improving,valid,library,positive
academic guidance excellent,valid,academics,positive
academic pressure manageable,valid,academics,neutral
academic material insufficient,valid,academics,negative
academic teaching effective,valid,academics,positive
academic pace balanced,valid,academics,neutral
academic instruction unclear,valid,academics,negative
academic support strong,valid,academics,positive
academic structure fine,valid,academics,neutral
academic evaluation unfair,valid,academics,negative
academic system improving,valid,academics,positive
administration staff helpful,valid,administration,positive
administration workflow average,valid,administration,neutral
administration delay frequent,valid,administration,negative
administration support quick,valid,administration,positive
administration process okay,valid,administration,neutral
administration communication poor,valid,administration,negative
administration handling efficient,valid,administration,positive
administration system decent,valid,administration,neutral
administration response slow,valid,administration,negative
administration work smooth,valid,administration,positive
canteen meal tasty,valid,canteen,positive
canteen option average,valid,canteen,neutral
canteen hygiene poor,valid,canteen,negative
canteen service fast,valid,canteen,positive
canteen pricing fair,valid,canteen,neutral
canteen food quality inconsistent,valid,canteen,negative
canteen staff polite,valid,canteen,positive
canteen space average,valid,canteen,neutral
canteen waiting time long,valid,canteen,negative
canteen environment nice,valid,canteen,positive
facility well maintained,valid,facilities,positive
facility usage average,valid,facilities,neutral
facility need repair,valid,facilities,negative
facility cleanliness good,valid,facilities,positive
facility condition average,valid,facilities,neutral
facility equipment broken,valid,facilities,negative
facility modern useful,valid,facilities,positive
facility availability fine,valid,facilities,neutral
facility poorly maintained,valid,facilities,negative
facility improving,valid,facilities,positive
website interface user friendly,valid,website,positive
website navigation okay,valid,website,neutral
website load slowly,valid,website,negative
website design clean,valid,website,positive
website performance average,valid,website,neutral
website bug,valid,website,negative
website feature helpful,valid,website,positive
website layout fine,valid,website,neutral
website crash sometimes,valid,website,negative
website experience smooth,valid,website,positive
library resource very helpful,valid,library,positive
library environment calm,valid,library,neutral
library book outdated,valid,library,negative
library staff supportive,valid,library,positive
library seating sufficient,valid,library,neutral
library computer slow,valid,library,negative
library system efficient,valid,library,positive
library rule reasonable,valid,library,neutral
library noise level high,valid,library,negative
library service improving,valid,library,positive
academic curriculum well structured,valid,academics,positive
academic workload moderate,valid,academics,neutral
academic syllabus need update,valid,academics,negative
academic teaching quality good,valid,academics,positive
academic pace fine,valid,academics,neutral
academic lecture unclear,valid,academics,negative
academic support system strong,valid,academics,positive
academic evaluation fair,valid,academics,neutral
academic material insufficient,valid,academics,negative
academic overall experience good,valid,academics,positive
administration service efficient,valid,administration,positive
administration communication average,valid,administration,neutral
administration delay cause issue,valid,administration,negative
administration staff cooperative,valid,administration,positive
administration process manageable,valid,administration,neutral
administration system flaw,valid,administration,negative
administration support reliable,valid,administration,positive
administration workflow decent,valid,administration,neutral
administration response time slow,valid,administration,negative
administration work smooth,valid,administration,positive
canteen food quality great,valid,canteen,positive
canteen menu average,valid,canteen,neutral
canteen hygiene need improvement,valid,canteen,negative
canteen service quick,valid,canteen,positive
canteen seating okay,valid,canteen,neutral
canteen food too oily,valid,canteen,negative
canteen staff friendly,valid,canteen,positive
canteen price reasonable,valid,canteen,neutral
canteen overcrowded,valid,canteen,negative
canteen environment pleasant,valid,canteen,positive
facility well maintained,valid,facilities,positive
facility usable,valid,facilities,neutral
facility need repair,valid,facilities,negative
facility cleanliness good,valid,facilities,positive
facility condition average,valid,facilities,neutral
facility equipment broken,valid,facilities,negative
facility modern useful,valid,facilities,positive
facility availability fine,valid,facilities,neutral
facility poorly maintained,valid,facilities,negative
facility improving,valid,facilities,positive
website interface user friendly,valid,website,positive
website navigation okay,valid,website,neutral
website load slowly,valid,website,negative
website design clean,valid,website,positive
website performance average,valid,website,neutral
website bug,valid,website,negative
website feature helpful,valid,website,positive
website layout fine,valid,website,neutral
website crash sometimes,valid,website,negative
website experience smooth,valid,website,positive
library book useful,valid,library,positive
library environment okay,valid,library,neutral
library resource outdated,valid,library,negative
library staff helpful,valid,library,positive
library seating average,valid,library,neutral
library system slow,valid,library,negative
library facility good,valid,library,positive
library rule fair,valid,library,neutral
library noise level high,valid,library,negative
library service reliable,valid,library,positive
academic teaching excellent,valid,academics,positive
academic pace moderate,valid,academics,neutral
academic syllabus outdated,valid,academics,negative
academic support strong,valid,academics,positive
academic evaluation okay,valid,academics,neutral
academic material lacking,valid,academics,negative
academic structure well planned,valid,academics,positive
academic experience average,valid,academics,neutral
academic lecture confusing,valid,academics,negative
academic overall system good,valid,academics,positive
administration staff supportive,valid,administration,positive
administration workflow manageable,valid,administration,neutral
administration system inefficient,valid,administration,negative
administration service reliable,valid,administration,positive
administration communication okay,valid,administration,neutral
administration delay frustrating,valid,administration,negative
administration handling smooth,valid,administration,positive
administration process average,valid,administration,neutral
administration response slow,valid,administration,negative
administration work well organized,valid,administration,positive
canteen food fresh tasty,valid,canteen,positive
canteen option limited,valid,canteen,neutral
canteen hygiene poor,valid,canteen,negative
canteen service efficient,valid,canteen,positive
canteen seating average,valid,canteen,neutral
canteen food quality inconsistent,valid,canteen,negative
canteen staff friendly,valid,canteen,positive
canteen pricing reasonable,valid,canteen,neutral
canteen overcrowded,valid,canteen,negative
canteen environment clean,valid,canteen,positive
facility clean modern,valid,facilities,positive
facility condition average,valid,facilities,neutral
facility maintenance lacking,valid,facilities,negative
facility equipment reliable,valid,facilities,positive
facility usage okay,valid,facilities,neutral
facility infrastructure outdated,valid,facilities,negative
facility accessible,valid,facilities,positive
facility availability decent,valid,facilities,neutral
facility cleanliness poor,valid,facilities,negative
facility improving,valid,facilities,positive
website design modern,valid,website,positive
website speed average,valid,website,neutral
website bug,valid,website,negative
website feature useful,valid,website,positive
website navigation okay,valid,website,neutral
website performance slow,valid,website,negative
website interface user friendly,valid,website,positive
website usability decent,valid,website,neutral
website crash sometimes,valid,website,negative
website experience smooth,valid,website,positive
library resource helpful,valid,library,positive
library environment calm,valid,library,neutral
library book outdated,valid,library,negative
library staff supportive,valid,library,positive
library seating sufficient,valid,library,neutral
library computer slow,valid,library,negative
library system efficient,valid,library,positive
library rule reasonable,valid,library,neutral
library noise level high,valid,library,negative
library service improving,valid,library,positive
academic guidance excellent,valid,academics,positive
academic pressure manageable,valid,academics,neutral
academic material insufficient,valid,academics,negative
academic teaching effective,valid,academics,positive
academic pace balanced,valid,academics,neutral
academic instruction unclear,valid,academics,negative
academic support strong,valid,academics,positive
academic structure fine,valid,academics,neutral
academic evaluation unfair,valid,academics,negative
academic system improving,valid,academics,positive
administration staff helpful,valid,administration,positive
administration workflow average,valid,administration,neutral
administration delay frequent,valid,administration,negative
administration support quick,valid,administration,positive
administration process okay,valid,administration,neutral
administration communication poor,valid,administration,negative
administration handling efficient,valid,administration,positive
administration system decent,valid,administration,neutral
administration response slow,valid,administration,negative
administration work smooth,valid,administration,positive
canteen meal tasty,valid,canteen,positive
canteen option average,valid,canteen,neutral
canteen hygiene poor,valid,canteen,negative
canteen service fast,valid,canteen,positive
canteen pricing fair,valid,canteen,neutral
canteen food quality inconsistent,valid,canteen,negative
canteen staff polite,valid,canteen,positive
canteen space average,valid,canteen,neutral
canteen waiting time long,valid,canteen,negative
canteen environment nice,valid,canteen,positive
facility well maintained,valid,facilities,positive
facility usage average,valid,facilities,neutral
facility need repair,valid,facilities,negative
facility cleanliness good,valid,facilities,positive
facility condition average,valid,facilities,neutral
facility equipment broken,valid,facilities,negative
facility modern useful,valid,facilities,positive
facility availability fine,valid,facilities,neutral
facility poorly maintained,valid,facilities,negative
facility improving,valid,facilities,positive
website interface user friendly,valid,website,positive
website navigation okay,valid,website,neutral
website load slowly,valid,website,negative
website design clean,valid,website,positive
website performance average,valid,website,neutral
website bug,valid,website,negative
website feature helpful,valid,website,positive
website layout fine,valid,website,neutral
website crash sometimes,valid,website,negative
website experience smooth,valid,website,positive
library book useful,valid,library,positive
library environment okay,valid,library,neutral
library resource outdated,valid,library,negative
library staff helpful,valid,library,positive
library seating average,valid,library,neutral
library system slow,valid,library,negative
library facility good,valid,library,positive
library rule fair,valid,library,neutral
library noise level high,valid,library,negative
library service reliable,valid,library,positive
academic teaching excellent,valid,academics,positive
academic pace moderate,valid,academics,neutral
academic syllabus outdated,valid,academics,negative
academic support strong,valid,academics,positive
academic evaluation okay,valid,academics,neutral
academic material lacking,valid,academics,negative
academic structure well planned,valid,academics,positive
academic experience average,valid,academics,neutral
academic lecture confusing,valid,academics,negative
academic overall system good,valid,academics,positive
administration staff responded quickly query,valid,administration,positive
administration process somewhat slow today,valid,administration,neutral
administration took too long approve request,valid,administration,negative
office team handled issue very efficiently,valid,administration,positive
administration procedure manageable,valid,administration,neutral
administration communication unclear confusing,valid,administration,negative
staff admin office polite helpful,valid,administration,positive
administration queue average today,valid,administration,neutral
document delayed administration,valid,administration,negative
administration support smooth fast,valid,administration,positive
faculty explained topic very clearly today,valid,academics,positive
lecture pace felt normal today class,valid,academics,neutral
concept not explained properly class,valid,academics,negative
study material provided really helpful,valid,academics,positive
assignment difficulty level moderate,valid,academics,neutral
too much syllabus covered one lecture,valid,academics,negative
teacher very supportive doubt,valid,academics,positive
class environment felt average today,valid,academics,neutral
note provided not sufficient exam,valid,academics,negative
academic guidance improving time,valid,academics,positive
canteen food tasted really good today,valid,canteen,positive
canteen menu option okay,valid,canteen,neutral
food quality canteen not good,valid,canteen,negative
snack fresh tasty,valid,canteen,positive
waiting time canteen average,valid,canteen,neutral
canteen hygiene need improvement,valid,canteen,negative
staff canteen friendly,valid,canteen,positive
seating space canteen sufficient,valid,canteen,neutral
food served cold today,valid,canteen,negative
canteen service quick efficient,valid,canteen,positive
library environment peaceful studying,valid,library,positive
library seating arrangement average,valid,library,neutral
book missing shelf,valid,library,negative
library staff helped find resource quickly,valid,library,positive
study area okay group work,valid,library,neutral
library computer not working properly,valid,library,negative
library well organized clean,valid,library,positive
book availability decent,valid,library,neutral
noise level disturbing sometimes,valid,library,negative
library service improving gradually,valid,library,positive
website load very fast smooth,valid,website,positive
website interface average use,valid,website,neutral
website crash frequently login,valid,website,negative
navigation website very easy,valid,website,positive
website feature okay daily use,valid,website,neutral
portal many bug submitting form,valid,website,negative
website design look clean modern,valid,website,positive
website performance decent overall,valid,website,neutral
page loading time very slow sometimes,valid,website,negative
online portal experience smooth,valid,website,positive
facility well maintained across campus,valid,facilities,positive
facility condition average area,valid,facilities,neutral
equipment lab outdated broken,valid,facilities,negative
classroom clean comfortable,valid,facilities,positive
facility usage manageable daily,valid,facilities,neutral
washroom not properly cleaned,valid,facilities,negative
campus facility improving steadily,valid,facilities,positive
availability resource decent,valid,facilities,neutral
ac classroom not working properly,valid,facilities,negative
facility support student need well,valid,facilities,positive
administration handled request politely,valid,administration,positive
admin response time okay,valid,administration,neutral
approval process very slow,valid,administration,negative
office staff gave clear instruction,valid,administration,positive
administrative process manageable,valid,administration,neutral
delay document verification,valid,administration,negative
administration support helpful,valid,administration,positive
admin office moderately crowded,valid,administration,neutral
staff not respond time,valid,administration,negative
administration workflow smooth,valid,administration,positive
teaching quality very good,valid,academics,positive
class schedule manageable,valid,academics,neutral
topic not explained clearly,valid,academics,negative
faculty support excellent,valid,academics,positive
assignment workload average,valid,academics,neutral
lecture pace too fast follow,valid,academics,negative
example given class helpful,valid,academics,positive
course structure feel okay,valid,academics,neutral
study material incomplete,valid,academics,negative
academic session engaging,valid,academics,positive
canteen food quality good today,valid,canteen,positive
canteen seating average,valid,canteen,neutral
food too oily unhealthy,valid,canteen,negative
beverage served fresh,valid,canteen,positive
canteen service speed okay,valid,canteen,neutral
menu option very limited,valid,canteen,negative
staff behavior polite canteen,valid,canteen,positive
queue system manageable,valid,canteen,neutral
food quality inconsistent daily,valid,canteen,negative
canteen environment feel comfortable,valid,canteen,positive
library resource very useful,valid,library,positive
library atmosphere normal today,valid,library,neutral
book outdated subject,valid,library,negative
staff assistance quick helpful,valid,library,positive
seating space okay student,valid,library,neutral
computer slow library,valid,library,negative
library layout well organized,valid,library,positive
study environment decent,valid,library,neutral
noise level sometimes high,valid,library,negative
library service reliable,valid,library,positive
website interface very easy use,valid,website,positive
website loading time average today,valid,website,neutral
website crash submitting form,valid,website,negative
portal navigation smooth simple,valid,website,positive
website feature decent student,valid,website,neutral
login page take too long load,valid,website,negative
website layout look clean organized,valid,website,positive
website performance okay overall,valid,website,neutral
page sometimes not load properly,valid,website,negative
online portal work efficiently,valid,website,positive
facility well maintained area,valid,facilities,positive
facility condition average overall,valid,facilities,neutral
lab equipment not working properly,valid,facilities,negative
classroom clean comfortable,valid,facilities,positive
facility usage manageable daily,valid,facilities,neutral
washroom not clean regularly,valid,facilities,negative
campus facility improving steadily,valid,facilities,positive
availability equipment decent,valid,facilities,neutral
air conditioning not working room,valid,facilities,negative
facility meet basic student need,valid,facilities,positive
administration staff resolved issue quickly,valid,administration,positive
admin office response time average,valid,administration,neutral
approval process take too much time,valid,administration,negative
staff guided properly process,valid,administration,positive
administrative workflow manageable,valid,administration,neutral
frequent delay processing form,valid,administration,negative
administration support helpful,valid,administration,positive
office crowd normal today,valid,administration,neutral
staff not respond request,valid,administration,negative
administration handling smooth,valid,administration,positive
faculty explained concept very clearly,valid,academics,positive
lecture pace felt normal today,valid,academics,neutral
topic not explained properly,valid,academics,negative
study material provided useful,valid,academics,positive
assignment moderate difficulty,valid,academics,neutral
syllabus coverage too fast,valid,academics,negative
teacher supportive doubt,valid,academics,positive
class environment average,valid,academics,neutral
note insufficient exam,valid,academics,negative
academic guidance improving,valid,academics,positive
canteen food tasted good today,valid,canteen,positive
canteen menu option average,valid,canteen,neutral
food quality poor canteen,valid,canteen,negative
snack fresh tasty,valid,canteen,positive
waiting time manageable,valid,canteen,neutral
hygiene standard not maintained,valid,canteen,negative
staff polite friendly,valid,canteen,positive
seating area okay,valid,canteen,neutral
food served cold sometimes,valid,canteen,negative
canteen service quick,valid,canteen,positive
library quiet peaceful,valid,library,positive
library seating average,valid,library,neutral
book outdated,valid,library,negative
staff helped locate book easily,valid,library,positive
study area decent student,valid,library,neutral
computer slow library,valid,library,negative
library clean organized,valid,library,positive
book availability okay,valid,library,neutral
noise level sometimes disturbing,valid,library,negative
library service reliable,valid,library,positive
website experience smooth overall,valid,website,positive
website navigation average,valid,website,neutral
portal bug login,valid,website,negative
interface design user friendly,valid,website,positive
website feature okay,valid,website,neutral
page loading very slow,valid,website,negative
website layout clean,valid,website,positive
performance decent,valid,website,neutral
site crash unexpectedly,valid,website,negative
portal easy access,valid,website,positive
facility clean modern,valid,facilities,positive
facility condition average,valid,facilities,neutral
equipment outdated,valid,facilities,negative
classroom well maintained,valid,facilities,positive
facility availability okay,valid,facilities,neutral
maintenance not done properly,valid,facilities,negative
campus facility improving,valid,facilities,positive
resource moderately available,valid,facilities,neutral
infrastructure need repair,valid,facilities,negative
facility support learning well,valid,facilities,positive
administration staff helpful,valid,administration,positive
process time average,valid,administration,neutral
response very slow,valid,administration,negative
office staff guided properly,valid,administration,positive
administrative work manageable,valid,administration,neutral
document delayed,valid,administration,negative
support admin good,valid,administration,positive
office environment okay,valid,administration,neutral
request ignored sometimes,valid,administration,negative
admin system efficient,valid,administration,positive
teaching very effective,valid,academics,positive
class schedule normal,valid,academics,neutral
lecture confusing,valid,academics,negative
faculty support excellent,valid,academics,positive
assignment manageable,valid,academics,neutral
too much syllabus covered quickly,valid,academics,negative
example given helpful,valid,academics,positive
course structure okay,valid,academics,neutral
study material lacking,valid,academics,negative
academic experience good overall,valid,academics,positive
canteen food fresh tasty today,valid,canteen,positive
canteen seating arrangement average,valid,canteen,neutral
food quality dropped recently,valid,canteen,negative
snack served hot fresh,valid,canteen,positive
canteen crowd manageable,valid,canteen,neutral
hygiene canteen need improvement,valid,canteen,negative
staff friendly cooperative,valid,canteen,positive
menu variety decent,valid,canteen,neutral
waiting time too long lunch,valid,canteen,negative
canteen service quick smooth,valid,canteen,positive
library great place studying,valid,library,positive
library environment feel normal today,valid,library,neutral
book missing shelf,valid,library,negative
staff helped find resource easily,valid,library,positive
seating capacity sufficient,valid,library,neutral
computer not functioning properly,valid,library,negative
library clean well organized,valid,library,positive
book availability average,valid,library,neutral
noise level high sometimes,valid,library,negative
library service reliable,valid,library,positive
website load very quickly,valid,website,positive
website interface okay use,valid,website,neutral
portal crash frequently,valid,website,negative
navigation smooth easy,valid,website,positive
feature decent daily use,valid,website,neutral
login process fails sometimes,valid,website,negative
website design look modern,valid,website,positive
performance average overall,valid,website,neutral
page take too long load,valid,website,negative
online portal work smoothly,valid,website,positive
facility well maintained,valid,facilities,positive
facility condition average area,valid,facilities,neutral
lab equipment outdated,valid,facilities,negative
classroom clean comfortable,valid,facilities,positive
facility usage manageable,valid,facilities,neutral
washroom not clean properly,valid,facilities,negative
campus facility improving,valid,facilities,positive
resource availability decent,valid,facilities,neutral
air conditioning not working properly,valid,facilities,negative
facility meet student requirement,valid,facilities,positive
administration handled issue quickly,valid,administration,positive
admin process average,valid,administration,neutral
approval take too much time,valid,administration,negative
office staff helpful polite,valid,administration,positive
administrative workflow manageable,valid,administration,neutral
document delayed frequently,valid,administration,negative
support admin good,valid,administration,positive
office crowd normal,valid,administration,neutral
staff not respond properly,valid,administration,negative
administration system smooth,valid,administration,positive
teaching quality excellent,valid,academics,positive
lecture pace moderate,valid,academics,neutral
concept not explained clearly,valid,academics,negative
study material very useful,valid,academics,positive
assignment manageable,valid,academics,neutral
syllabus coverage too fast,valid,academics,negative
faculty very supportive,valid,academics,positive
class environment average,valid,academics,neutral
note insufficient exam,valid,academics,negative
academic support improving,valid,academics,positive
canteen meal delicious today,valid,canteen,positive
canteen option okay,valid,canteen,neutral
food not cooked properly,valid,canteen,negative
beverage fresh good,valid,canteen,positive
service speed average,valid,canteen,neutral
food quality inconsistent,valid,canteen,negative
staff behavior polite,valid,canteen,positive
seating space manageable,valid,canteen,neutral
food served cold sometimes,valid,canteen,negative
canteen environment pleasant,valid,canteen,positive
library resource helpful,valid,library,positive
library atmosphere okay,valid,library,neutral
book outdated subject,valid,library,negative
staff assistance quick,valid,library,positive
study area decent,valid,library,neutral
computer slow,valid,library,negative
library layout well organized,valid,library,positive
book availability average,valid,library,neutral
noise level disturbing sometimes,valid,library,negative
library service improving,valid,library,positive
website design clean simple,valid,website,positive
website navigation average,valid,website,neutral
portal many bug,valid,website,negative
interface user friendly,valid,website,positive
feature okay usage,valid,website,neutral
website very slow,valid,website,negative
layout modern clean,valid,website,positive
performance decent,valid,website,neutral
site crash unexpectedly,valid,website,negative
portal experience smooth,valid,website,positive
facility clean modern,valid,facilities,positive
facility usage average,valid,facilities,neutral
equipment broken lab,valid,facilities,negative
classroom well maintained,valid,facilities,positive
facility availability okay,valid,facilities,neutral
maintenance not done properly,valid,facilities,negative
campus facility improving steadily,valid,facilities,positive
resource moderately available,valid,facilities,neutral
infrastructure need repair,valid,facilities,negative
facility support student learning,valid,facilities,positive
administration resolved issue quickly,valid,administration,positive
admin process manageable today,valid,administration,neutral
too much delay approval,valid,administration,negative
office staff very helpful,valid,administration,positive
administrative workflow average,valid,administration,neutral
communication admin unclear,valid,administration,negative
staff handled request politely,valid,administration,positive
queue admin office normal,valid,administration,neutral
request ignored admin,valid,administration,negative
administration service improving,valid,administration,positive
teaching quality very good,valid,academics,positive
lecture pace felt normal,valid,academics,neutral
concept not explained properly,valid,academics,negative
study material helpful exam,valid,academics,positive
assignment manageable,valid,academics,neutral
syllabus coverage too fast,valid,academics,negative
faculty support excellent,valid,academics,positive
class environment average,valid,academics,neutral
note not sufficient,valid,academics,negative
academic system improving,valid,academics,positive
canteen food tasted really good,valid,canteen,positive
canteen menu average,valid,canteen,neutral
food quality poor,valid,canteen,negative
snack fresh tasty,valid,canteen,positive
waiting time manageable,valid,canteen,neutral
hygiene need improvement canteen,valid,canteen,negative
staff friendly canteen,valid,canteen,positive
seating space okay,valid,canteen,neutral
food served cold sometimes,valid,canteen,negative
canteen service quick,valid,canteen,positive
library peaceful studying,valid,library,positive
library seating average,valid,library,neutral
book outdated,valid,library,negative
staff helped find book easily,valid,library,positive
study area decent,valid,library,neutral
computer slow,valid,library,negative
library clean organized,valid,library,positive
book availability average,valid,library,neutral
noise level high sometimes,valid,library,negative
library service reliable,valid,library,positive
website load quickly smoothly,valid,website,positive
website interface average,valid,website,neutral
portal crash usage,valid,website,negative
navigation easy use,valid,website,positive
website feature decent,valid,website,neutral
login page take too long load,valid,website,negative
website design clean,valid,website,positive
performance okay overall,valid,website,neutral
page fail load sometimes,valid,website,negative
portal experience smooth,valid,website,positive
facility well maintained,valid,facilities,positive
facility condition average,valid,facilities,neutral
equipment outdated lab,valid,facilities,negative
classroom clean comfortable,valid,facilities,positive
facility usage manageable,valid,facilities,neutral
washroom not clean properly,valid,facilities,negative
campus facility improving,valid,facilities,positive
resource availability decent,valid,facilities,neutral
ac not working room,valid,facilities,negative
facility meet student need,valid,facilities,positive
administration staff helpful,valid,administration,positive
admin response time average,valid,administration,neutral
approval process very slow,valid,administration,negative
office staff guided properly,valid,administration,positive
administrative work manageable,valid,administration,neutral
document delayed,valid,administration,negative
support admin good,valid,administration,positive
office environment okay,valid,administration,neutral
request ignored sometimes,valid,administration,negative
admin system efficient,valid,administration,positive
teaching very effective,valid,academics,positive
class schedule normal,valid,academics,neutral
lecture confusing,valid,academics,negative
faculty support excellent,valid,academics,positive
assignment manageable,valid,academics,neutral
too much syllabus covered quickly,valid,academics,negative
example given helpful,valid,academics,positive
course structure okay,valid,academics,neutral
study material lacking,valid,academics,negative
academic experience good overall,valid,academics,positive
canteen food quality good,valid,canteen,positive
canteen seating average,valid,canteen,neutral
food too oily,valid,canteen,negative
beverage fresh,valid,canteen,positive
service speed okay,valid,canteen,neutral
menu option limited,valid,canteen,negative
staff behavior polite,valid,canteen,positive
queue system manageable,valid,canteen,neutral
food quality inconsistent,valid,canteen,negative
canteen environment comfortable,valid,canteen,positive
library resource very useful,valid,library,positive
library atmosphere normal,valid,library,neutral
book outdated subject,valid,library,negative
staff assistance quick,valid,library,positive
seating space okay,valid,library,neutral
computer slow library,valid,library,negative
library layout well organized,valid,library,positive
study environment decent,valid,library,neutral
noise level disturbing sometimes,valid,library,negative
library service improving,valid,library,positive
website interface user friendly,valid,website,positive
website navigation average,valid,website,neutral
website load very slowly,valid,website,negative
website design look clean,valid,website,positive
website performance okay,valid,website,neutral
website frequent bug,valid,website,negative
website feature helpful,valid,website,positive
website layout simple,valid,website,neutral
website crash time,valid,website,negative
website experience smooth,valid,website,positive
facility well maintained,valid,facilities,positive
facility condition average,valid,facilities,neutral
facility need better maintenance,valid,facilities,negative
facility equipment reliable,valid,facilities,positive
facility usage fine,valid,facilities,neutral
facility infrastructure outdated,valid,facilities,negative
facility clean,valid,facilities,positive
facility availability decent,valid,facilities,neutral
facility cleanliness poor,valid,facilities,negative
facility improving gradually,valid,facilities,positive
administration staff cooperative,valid,administration,positive
administration workflow manageable,valid,administration,neutral
administration process slow,valid,administration,negative
administration service efficient,valid,administration,positive
administration system okay,valid,administration,neutral
administration communication unclear,valid,administration,negative
administration handling smooth,valid,administration,positive
administration procedure average,valid,administration,neutral
administration delay happen often,valid,administration,negative
administration support helpful,valid,administration,positive
academic teaching quality excellent,valid,academics,positive
academic syllabus manageable,valid,academics,neutral
academic workload too high,valid,academics,negative
academic guidance useful,valid,academics,positive
academic pace balanced,valid,academics,neutral
academic lecture unclear,valid,academics,negative
academic support strong,valid,academics,positive
academic system average,valid,academics,neutral
academic evaluation unfair,valid,academics,negative
academic experience positive,valid,academics,positive
canteen food tasty,valid,canteen,positive
canteen menu average,valid,canteen,neutral
canteen hygiene poor,valid,canteen,negative
canteen service fast,valid,canteen,positive
canteen pricing reasonable,valid,canteen,neutral
canteen food quality inconsistent,valid,canteen,negative
canteen staff polite,valid,canteen,positive
canteen seating fine,valid,canteen,neutral
canteen waiting time long,valid,canteen,negative
canteen environment pleasant,valid,canteen,positive
library book helpful,valid,library,positive
library environment calm,valid,library,neutral
library resource outdated,valid,library,negative
library staff supportive,valid,library,positive
library seating sufficient,valid,library,neutral
library computer slow,valid,library,negative
library system efficient,valid,library,positive
library rule fair,valid,library,neutral
library noise level high,valid,library,negative
library service improving,valid,library,positive
website design modern,valid,website,positive
website speed average,valid,website,neutral
website error,valid,website,negative
website interface easy use,valid,website,positive
website navigation okay,valid,website,neutral
website crash sometimes,valid,website,negative
website feature useful,valid,website,positive
website layout simple,valid,website,neutral
website performance slow,valid,website,negative
website experience smooth,valid,website,positive
facility clean modern,valid,facilities,positive
facility usage average,valid,facilities,neutral
facility maintenance poor,valid,facilities,negative
facility equipment reliable,valid,facilities,positive
facility availability decent,valid,facilities,neutral
facility infrastructure outdated,valid,facilities,negative
facility accessible,valid,facilities,positive
facility condition okay,valid,facilities,neutral
facility cleanliness poor,valid,facilities,negative
facility improving,valid,facilities,positive
administration process smooth,valid,administration,positive
administration system average,valid,administration,neutral
administration response slow,valid,administration,negative
administration staff helpful,valid,administration,positive
administration workflow fine,valid,administration,neutral
administration delay frequent,valid,administration,negative
administration handling efficient,valid,administration,positive
administration procedure okay,valid,administration,neutral
administration communication poor,valid,administration,negative
administration support reliable,valid,administration,positive
academic lecture engaging,valid,academics,positive
academic pace moderate,valid,academics,neutral
academic syllabus outdated,valid,academics,negative
academic support helpful,valid,academics,positive
academic evaluation average,valid,academics,neutral
academic material insufficient,valid,academics,negative
academic structure well planned,valid,academics,positive
academic experience fine,valid,academics,neutral
academic lecture confusing,valid,academics,negative
academic overall system good,valid,academics,positive
website actually quite easy use,valid,website,positive
navigate website without much trouble,valid,website,neutral
website take too long load time,valid,website,negative
like new design website,valid,website,positive
website work fine could faster,valid,website,neutral
website keep crashing try login,valid,website,negative
feature website really helpful,valid,website,positive
layout okay bit confusing first,valid,website,neutral
sometimes website stop working suddenly,valid,website,negative
overall website experience improved lot,valid,website,positive
facility well maintained across campus,valid,facilities,positive
facility decent nothing special,valid,facilities,neutral
facility really bad condition,valid,facilities,negative
find facility quite useful daily activity,valid,facilities,positive
facility okay could use upgrade,valid,facilities,neutral
many facility not working properly,valid,facilities,negative
campus facility clean accessible,valid,facilities,positive
facility available sometimes crowded,valid,facilities,neutral
cleanliness facility need serious improvement,valid,facilities,negative
facility seem improving compared last year,valid,facilities,positive
administration staff really helpful approached,valid,administration,positive
administration process manageable slow time,valid,administration,neutral
take forever get anything approved,valid,administration,negative
administrative work handled quite efficiently,valid,administration,positive
process okay could streamlined better,valid,administration,neutral
communication administration very unclear,valid,administration,negative
staff handle query professional manner,valid,administration,positive
administration system work delay,valid,administration,neutral
too many unnecessary step admin work,valid,administration,negative
support administration reliable,valid,administration,positive
teaching quality academic really good,valid,academics,positive
syllabus fine bit lengthy,valid,academics,neutral
academic workload feel too stressful sometimes,valid,academics,negative
professor explain concept very clearly,valid,academics,positive
pace teaching okay subject,valid,academics,neutral
lecture hard understand,valid,academics,negative
academic support faculty strong,valid,academics,positive
structure academic decent overall,valid,academics,neutral
evaluation system feel unfair time,valid,academics,negative
overall academic quite satisfactory,valid,academics,positive
canteen food taste really good day,valid,canteen,positive
canteen menu okay limited,valid,canteen,neutral
food quality canteen not consistent,valid,canteen,negative
service canteen quite fast,valid,canteen,positive
price canteen reasonable,valid,canteen,neutral
hygiene canteen not maintained properly,valid,canteen,negative
staff canteen friendly,valid,canteen,positive
seating space average peak hour,valid,canteen,neutral
waiting time too long lunch,valid,canteen,negative
canteen environment nice comfortable,valid,canteen,positive
library good collection useful book,valid,library,positive
library environment calm sometimes crowded,valid,library,neutral
many book library outdated,valid,library,negative
library staff always ready help,valid,library,positive
seating library sufficient time,valid,library,neutral
computer library too slow,valid,library,negative
library system easy use,valid,library,positive
rule library okay strict,valid,library,neutral
noise level library get disturbing,valid,library,negative
library service improving gradually,valid,library,positive
website look much better,valid,website,positive
website work fine basic task,valid,website,neutral
login issue happen quite often,valid,website,negative
navigation website very smooth,valid,website,positive
website performance acceptable,valid,website,neutral
website sometimes freeze unexpectedly,valid,website,negative
feature like result notice useful,valid,website,positive
layout simple could improved,valid,website,neutral
website error frustrating,valid,website,negative
overall experience website good,valid,website,positive
facility across campus well maintained,valid,facilities,positive
facility average usable,valid,facilities,neutral
facility broken unusable,valid,facilities,negative
like accessible facility,valid,facilities,positive
facility okay need upgrade,valid,facilities,neutral
maintenance facility poor,valid,facilities,negative
campus facility quite modern,valid,facilities,positive
facility decent daily use,valid,facilities,neutral
cleanliness facility lacking,valid,facilities,negative
facility improving time,valid,facilities,positive
administration staff handle issue well,valid,administration,positive
process manageable slightly slow,valid,administration,neutral
delay admin work very frustrating,valid,administration,negative
administrative task handled efficiently,valid,administration,positive
system okay need improvement,valid,administration,neutral
communication admin poor,valid,administration,negative
support administration good,valid,administration,positive
procedure average complexity,valid,administration,neutral
too many delay approval,valid,administration,negative
administration system work smoothly,valid,administration,positive
academic well structured,valid,academics,positive
syllabus manageable subject,valid,academics,neutral
workload too much sometimes,valid,academics,negative
faculty teaching very effective,valid,academics,positive
pace okay varies subject,valid,academics,neutral
topic not explained properly,valid,academics,negative
academic support really helpful,valid,academics,positive
overall academic experience average,valid,academics,neutral
evaluation system need improvement,valid,academics,negative
academic overall quite good,valid,academics,positive
canteen food actually pretty good day,valid,canteen,positive
canteen option okay could variety,valid,canteen,neutral
got stale food canteen recently,valid,canteen,negative
service canteen quick time,valid,canteen,positive
price fine compared outside,valid,canteen,neutral
hygiene canteen really need improvement,valid,canteen,negative
canteen staff behave nicely student,valid,canteen,positive
seating space manageable get crowded,valid,canteen,neutral
waiting line take too long lunch break,valid,canteen,negative
overall canteen experience quite good,valid,canteen,positive
library lot useful reference book,valid,library,positive
library environment calm time,valid,library,neutral
many book too old outdated,valid,library,negative
library staff very supportive,valid,library,positive
seating usually available fill fast,valid,library,neutral
computer library very slow,valid,library,negative
library system easy understand,valid,library,positive
rule okay sometimes strict,valid,library,neutral
noise level increase peak hour,valid,library,negative
library service improving gradually,valid,library,positive
website much easier use,valid,website,positive
website work fine basic task,valid,website,neutral
website keep logging,valid,website,negative
like clean website look,valid,website,positive
performance decent better,valid,website,neutral
website crash too many user online,valid,website,negative
feature like result notice useful,valid,website,positive
navigation okay not very intuitive,valid,website,neutral
error website annoying,valid,website,negative
overall website experience good,valid,website,positive
facility clean well maintained,valid,facilities,positive
facility decent not outstanding,valid,facilities,neutral
facility damaged not usable,valid,facilities,negative
find facility quite helpful,valid,facilities,positive
facility okay need improvement,valid,facilities,neutral
maintenance facility poor area,valid,facilities,negative
campus facility modern useful,valid,facilities,positive
facility available sometimes crowded,valid,facilities,neutral
cleanliness facility not maintained,valid,facilities,negative
facility improving compared,valid,facilities,positive
administration staff helpful needed,valid,administration,positive
process manageable slightly slow,valid,administration,neutral
getting approval take too much time,valid,administration,negative
administrative work handled properly,valid,administration,positive
system okay could better organized,valid,administration,neutral
communication admin side confusing,valid,administration,negative
support administration reliable,valid,administration,positive
procedure average term complexity,valid,administration,neutral
too many delay paperwork,valid,administration,negative
administration system work smoothly overall,valid,administration,positive
academic well structured clear,valid,academics,positive
syllabus manageable bit lengthy,valid,academics,neutral
workload feel too heavy exam,valid,academics,negative
teacher explain concept very well,valid,academics,positive
pace teaching okay subject,valid,academics,neutral
lecture difficult understand,valid,academics,negative
academic support really helpful,valid,academics,positive
overall academic experience average,valid,academics,neutral
evaluation system need improvement,valid,academics,negative
academic overall quite good,valid,academics,positive
canteen food quality improved recently,valid,canteen,positive
menu fine repetitive,valid,canteen,neutral
food sometimes not fresh,valid,canteen,negative
service quick efficient,valid,canteen,positive
price reasonable student,valid,canteen,neutral
hygiene not properly maintained,valid,canteen,negative
staff friendly helpful,valid,canteen,positive
seating okay limited,valid,canteen,neutral
waiting time too long peak hour,valid,canteen,negative
canteen environment comfortable,valid,canteen,positive
library good study material,valid,library,positive
environment quiet time,valid,library,neutral
resource outdated,valid,library,negative
staff always ready assist,valid,library,positive
seating decent fill quickly,valid,library,neutral
system slow issuing book,valid,library,negative
library facility quite good,valid,library,positive
rule manageable,valid,library,neutral
noise distracting sometimes,valid,library,negative
library service reliable,valid,library,positive
website design look modern,valid,website,positive
website work fine time,valid,website,neutral
login problem happen frequently,valid,website,negative
navigation smooth easy,valid,website,positive
performance acceptable,valid,website,neutral
website freeze sometimes,valid,website,negative
feature useful student,valid,website,positive
layout simple could improve,valid,website,neutral
website error frustrating,valid,website,negative
overall experience good,valid,website,positive
facility properly maintained,valid,facilities,positive
facility average usable,valid,facilities,neutral
area need urgent repair,valid,facilities,negative
facility easy access,valid,facilities,positive
facility okay daily use,valid,facilities,neutral
maintenance not consistent,valid,facilities,negative
facility modern area,valid,facilities,positive
availability decent overall,valid,facilities,neutral
cleanliness need improvement place,valid,facilities,negative
facility improving time,valid,facilities,positive
administration staff usually help ask properly,valid,administration,positive
admin process okay sometimes confusing,valid,administration,neutral
wait too long simple approval,valid,administration,negative
administrative work handled quite efficiently nowadays,valid,administration,positive
overall system work need better coordination,valid,administration,neutral
communication office not clear,valid,administration,negative
support administration reliable time,valid,administration,positive
procedure manageable bit lengthy,valid,administration,neutral
too many delay getting document processed,valid,administration,negative
administration system improved compared,valid,administration,positive
academic well planned structured,valid,academics,positive
syllabus fine could updated,valid,academics,neutral
academic pressure becomes too much exam,valid,academics,negative
faculty explains topic very clear way,valid,academics,positive
teaching pace okay subject,valid,academics,neutral
subject not taught properly,valid,academics,negative
academic support teacher really good,valid,academics,positive
course structure decent overall,valid,academics,neutral
evaluation system sometimes feel unfair,valid,academics,negative
overall academic experience good,valid,academics,positive
canteen food taste good time,valid,canteen,positive
canteen menu okay limited option,valid,canteen,neutral
food quality not consistent,valid,canteen,negative
service fast even busy hour,valid,canteen,positive
price affordable student,valid,canteen,neutral
hygiene canteen not maintained well,valid,canteen,negative
canteen staff friendly polite,valid,canteen,positive
seating space decent crowded lunch,valid,canteen,neutral
waiting time too long peak hour,valid,canteen,negative
overall canteen environment nice,valid,canteen,positive
library good collection book,valid,library,positive
library environment calm peaceful,valid,library,neutral
book outdated need replacement,valid,library,negative
library staff always helpful,valid,library,positive
seating available fill quickly,valid,library,neutral
computer library very slow,valid,library,negative
library system easy use,valid,library,positive
rule okay could flexible,valid,library,neutral
noise level increase sometimes,valid,library,negative
library service improving slowly,valid,library,positive
website easy use responsive,valid,website,positive
website work fine sometimes lag,valid,website,neutral
website crash too many user login,valid,website,negative
like clean design website,valid,website,positive
navigation okay not perfect,valid,website,neutral
website too many bug currently,valid,website,negative
feature like timetable result useful,valid,website,positive
layout simple improved,valid,website,neutral
website error quite annoying,valid,website,negative
overall website experience good,valid,website,positive
facility across campus well maintained,valid,facilities,positive
facility average usable,valid,facilities,neutral
facility broken not repaired,valid,facilities,negative
facility easily accessible,valid,facilities,positive
facility okay need upgrade,valid,facilities,neutral
maintenance not done regularly,valid,facilities,negative
facility modern department,valid,facilities,positive
availability decent facility,valid,facilities,neutral
cleanliness need improvement area,valid,facilities,negative
facility improving year year,valid,facilities,positive
administration staff polite helpful,valid,administration,positive
process manageable slightly slow,valid,administration,neutral
too many delay admin work,valid,administration,negative
administrative task handled efficiently,valid,administration,positive
system work need better organization,valid,administration,neutral
communication admin confusing,valid,administration,negative
support administration good,valid,administration,positive
procedure simple time consuming,valid,administration,neutral
approval process take too long,valid,administration,negative
administration system improving gradually,valid,administration,positive
academic well structured overall,valid,academics,positive
syllabus manageable slightly outdated,valid,academics,neutral
workload too much time,valid,academics,negative
faculty teaching very effective,valid,academics,positive
pace lecture fine,valid,academics,neutral
lecture difficult follow,valid,academics,negative
academic support strong,valid,academics,positive
experience average subject,valid,academics,neutral
evaluation system need improvement,valid,academics,negative
academic overall good,valid,academics,positive
canteen food quality good day,valid,canteen,positive
menu option okay repetitive,valid,canteen,neutral
food sometimes not fresh,valid,canteen,negative
service quick efficient,valid,canteen,positive
price reasonable,valid,canteen,neutral
hygiene not maintained properly,valid,canteen,negative
staff friendly cooperative,valid,canteen,positive
seating average rush hour,valid,canteen,neutral
waiting time long peak time,valid,canteen,negative
canteen environment comfortable,valid,canteen,positive
library resource very useful,valid,library,positive
environment calm crowded sometimes,valid,library,neutral
book need updating section,valid,library,negative
staff helpful polite,valid,library,positive
seating decent fill quickly,valid,library,neutral
system slow issuing book,valid,library,negative
library facility good overall,valid,library,positive
rule manageable,valid,library,neutral
noise level distracting,valid,library,negative
library service reliable,valid,library,positive
website interface feel smooth easy navigate,valid,website,positive
website layout fine could improved slightly,valid,website,neutral
website keep lagging important task,valid,website,negative
website design look clean modern,valid,website,positive
website performance decent day,valid,website,neutral
website crash time frustrating,valid,website,negative
website feature quite useful student,valid,website,positive
website navigation simple basic,valid,website,neutral
website too many bug lately,valid,website,negative
website experience smooth overall,valid,website,positive
facility across campus well maintained,valid,facilities,positive
facility okay nothing exceptional,valid,facilities,neutral
facility equipment often not working,valid,facilities,negative
facility cleanliness impressive,valid,facilities,positive
facility condition manageable daily use,valid,facilities,neutral
facility need better maintenance area,valid,facilities,negative
facility modern helpful student,valid,facilities,positive
facility availability decent overall,valid,facilities,neutral
facility poorly maintained certain section,valid,facilities,negative
facility improving compared earlier,valid,facilities,positive
administration staff very helpful issue,valid,administration,positive
administration process fine take time,valid,administration,neutral
administration delay very frustrating,valid,administration,negative
administration handled request efficiently,valid,administration,positive
administration system manageable overall,valid,administration,neutral
administration communication often unclear,valid,administration,negative
administration support team responsive,valid,administration,positive
administration procedure slightly lengthy,valid,administration,neutral
administration office slow responding,valid,administration,negative
administration work handled smoothly,valid,administration,positive
academic teaching quality really good,valid,academics,positive
academic workload moderate manageable,valid,academics,neutral
academic syllabus feel outdated part,valid,academics,negative
academic faculty explain topic clearly,valid,academics,positive
academic schedule fine student,valid,academics,neutral
academic lecture confusing sometimes,valid,academics,negative
academic support teacher strong,valid,academics,positive
academic structure decent overall,valid,academics,neutral
academic evaluation seems unfair time,valid,academics,negative
academic experience positive far,valid,academics,positive
canteen food taste really good day,valid,canteen,positive
canteen option okay limited,valid,canteen,neutral
canteen hygiene need improvement,valid,canteen,negative
canteen service quick efficient,valid,canteen,positive
canteen seating space manageable,valid,canteen,neutral
canteen food quality inconsistent,valid,canteen,negative
canteen staff friendly polite,valid,canteen,positive
canteen environment decent overall,valid,canteen,neutral
canteen waiting time too long sometimes,valid,canteen,negative
canteen experience generally good,valid,canteen,positive
library wide range useful book,valid,library,positive
library environment calm crowded time,valid,library,neutral
library resource outdated section,valid,library,negative
library staff supportive helpful,valid,library,positive
library seating sufficient day,valid,library,neutral
library computer slow need upgrading,valid,library,negative
library facility clean maintained,valid,library,positive
library rule reasonable overall,valid,library,neutral
library noise level distracting,valid,library,negative
library service reliable useful,valid,library,positive
website work smoothly without many issue,valid,website,positive
website design average functional,valid,website,neutral
website loading time very slow,valid,website,negative
website interface easy understand,valid,website,positive
website performance okay time,valid,website,neutral
website crash frequently annoying,valid,website,negative
website feature helpful daily use,valid,website,positive
website navigation simple basic,valid,website,neutral
website bug need fixing,valid,website,negative
website experience smooth convenient,valid,website,positive
facility clean well maintained,valid,facilities,positive
facility okay regular use,valid,facilities,neutral
facility equipment outdated broken,valid,facilities,negative
facility cleanliness impressive overall,valid,facilities,positive
facility condition average,valid,facilities,neutral
facility require better maintenance,valid,facilities,negative
facility modern useful,valid,facilities,positive
facility availability fine time,valid,facilities,neutral
facility poorly managed area,valid,facilities,negative
facility gradually improving,valid,facilities,positive
administration team solved issue quickly,valid,administration,positive
administration process okay slow,valid,administration,neutral
administration response time disappointing,valid,administration,negative
administration staff cooperative,valid,administration,positive
administration workflow manageable,valid,administration,neutral
administration lack proper communication,valid,administration,negative
administration support system efficient,valid,administration,positive
administration procedure take time,valid,administration,neutral
administration office delay important work,valid,administration,negative
administration service reliable,valid,administration,positive
academic teaching method effective,valid,academics,positive
academic schedule balanced overall,valid,academics,neutral
academic syllabus need updating,valid,academics,negative
academic faculty knowledgeable,valid,academics,positive
academic workload manageable,valid,academics,neutral
academic lecture confusing sometimes,valid,academics,negative
academic support faculty strong,valid,academics,positive
academic structure fine overall,valid,academics,neutral
academic grading system feel unfair,valid,academics,negative
academic experience good overall,valid,academics,positive
canteen food fresh taste really good,valid,canteen,positive
canteen menu fine could use option,valid,canteen,neutral
canteen hygiene not maintained properly,valid,canteen,negative
canteen service quick even busy hour,valid,canteen,positive
canteen seating manageable time,valid,canteen,neutral
canteen food quality inconsistent day,valid,canteen,negative
canteen staff polite friendly,valid,canteen,positive
canteen environment okay not very clean,valid,canteen,neutral
canteen waiting time too long lunch,valid,canteen,negative
canteen experience enjoyable overall,valid,canteen,positive
library resource very helpful study,valid,library,positive
library environment calm sometimes crowded,valid,library,neutral
library book outdated section,valid,library,negative
library staff helpful approachable,valid,library,positive
library seating sufficient day,valid,library,neutral
library computer slow need upgrading,valid,library,negative
library facility clean well maintained,valid,library,positive
library rule reasonable student,valid,library,neutral
library noise level distracting time,valid,library,negative
library service reliable efficient,valid,library,positive
website interface clean easy use,valid,website,positive
website navigation okay need improvement,valid,website,neutral
website keep crashing submission,valid,website,negative
website design look modern appealing,valid,website,positive
website performance average day,valid,website,neutral
website load very slowly sometimes,valid,website,negative
website feature helpful academic task,valid,website,positive
website layout simple basic,valid,website,neutral
website bug need fixing,valid,website,negative
website experience smooth convenient,valid,website,positive
facility clean properly maintained,valid,facilities,positive
facility condition okay daily use,valid,facilities,neutral
facility equipment broken area,valid,facilities,negative
facility cleanliness impressive overall,valid,facilities,positive
facility availability decent time,valid,facilities,neutral
facility need better maintenance care,valid,facilities,negative
facility modern useful student,valid,facilities,positive
facility usage fine improve,valid,facilities,neutral
facility poorly managed certain place,valid,facilities,negative
facility improving gradually,valid,facilities,positive
administration staff helped quickly,valid,administration,positive
administration process manageable slow,valid,administration,neutral
administration delay frustrating,valid,administration,negative
administration handled request efficiently,valid,administration,positive
administration system work fine overall,valid,administration,neutral
administration communication unclear sometimes,valid,administration,negative
administration support responsive,valid,administration,positive
administration procedure take time,valid,administration,neutral
administration office slow respond,valid,administration,negative
administration work handled smoothly,valid,administration,positive
academic teaching quality excellent,valid,academics,positive
academic workload moderate manageable,valid,academics,neutral
academic syllabus feel outdated,valid,academics,negative
academic faculty explain concept clearly,valid,academics,positive
academic schedule fine student,valid,academics,neutral
academic lecture confusing,valid,academics,negative
academic support teacher strong,valid,academics,positive
academic structure decent overall,valid,academics,neutral
academic evaluation feel unfair sometimes,valid,academics,negative
academic experience positive,valid,academics,positive
canteen food quality improved recently,valid,canteen,positive
canteen menu average acceptable,valid,canteen,neutral
canteen hygiene standard poor,valid,canteen,negative
canteen service quick efficient,valid,canteen,positive
canteen seating sufficient day,valid,canteen,neutral
canteen food not fresh sometimes,valid,canteen,negative
canteen staff behave politely,valid,canteen,positive
canteen environment decent overall,valid,canteen,neutral
canteen waiting time too long peak hour,valid,canteen,negative
canteen experience good overall,valid,canteen,positive
library collection useful student,valid,library,positive
library environment okay get crowded,valid,library,neutral
library book need updating,valid,library,negative
library staff supportive,valid,library,positive
library seating fine time,valid,library,neutral
library computer outdated,valid,library,negative
library facility well maintained,valid,library,positive
library rule reasonable,valid,library,neutral
library noise level high sometimes,valid,library,negative
library service reliable,valid,library,positive
website work smoothly time,valid,website,positive
website design average functional,valid,website,neutral
website loading speed very slow,valid,website,negative
website interface user friendly,valid,website,positive
website performance okay overall,valid,website,neutral
website crash frequently,valid,website,negative
website feature useful,valid,website,positive
website navigation simple basic,valid,website,neutral
website many bug,valid,website,negative
website experience smooth,valid,website,positive
facility well maintained across campus,valid,facilities,positive
facility okay regular use,valid,facilities,neutral
facility equipment outdated,valid,facilities,negative
facility cleanliness good,valid,facilities,positive
facility condition average overall,valid,facilities,neutral
facility need improvement maintenance,valid,facilities,negative
facility modern useful,valid,facilities,positive
facility availability decent,valid,facilities,neutral
facility poorly managed area,valid,facilities,negative
facility improving time,valid,facilities,positive
library very quiet helpful study,valid,library,positive
book well organized easy find,valid,library,positive
staff library very supportive,valid,library,positive
reading environment feel peaceful today,valid,library,positive
good collection reference material,valid,library,positive
library very quiet helpful study,valid,library,positive
book well organized easy find,valid,library,positive
staff library very supportive,valid,library,positive
reading environment feel peaceful today,valid,library,positive
good collection reference material,valid,library,positive
library chair uncomfortable,valid,library,negative
book missing damaged,valid,library,negative
ac not working properly library,valid,library,negative
noise level disturbing study time,valid,library,negative
lighting corner poor,valid,library,negative
library chair uncomfortable,valid,library,negative
book missing damaged,valid,library,negative
ac not working properly library,valid,library,negative
noise level disturbing study time,valid,library,negative
lighting corner poor,valid,library,negative
library average today,valid,library,neutral
reading area okay,valid,library,neutral
not much change library environment,valid,library,neutral
library service normal,valid,library,neutral
study area feel fine,valid,library,neutral
library average today,valid,library,neutral
reading area okay,valid,library,neutral
not much change library environment,valid,library,neutral
library service normal,valid,library,neutral
study area feel fine,valid,library,neutral
food taste fresh tasty,valid,canteen,positive
tea snack really good today,valid,canteen,positive
canteen service fast clean,valid,canteen,positive
meal well cooked enjoyable,valid,canteen,positive
good variety food available,valid,canteen,positive
food taste fresh tasty,valid,canteen,positive
tea snack really good today,valid,canteen,positive
canteen service fast clean,valid,canteen,positive
meal well cooked enjoyable,valid,canteen,positive
good variety food available,valid,canteen,positive
food quality poor today,valid,canteen,negative
tea too watery cold,valid,canteen,negative
meal undercooked bad,valid,canteen,negative
canteen hygiene need improvement,valid,canteen,negative
price high average food,valid,canteen,negative
food quality poor today,valid,canteen,negative
tea too watery cold,valid,canteen,negative
meal undercooked bad,valid,canteen,negative
canteen hygiene need improvement,valid,canteen,negative
price high average food,valid,canteen,negative
food average canteen,valid,canteen,neutral
nothing special today meal,valid,canteen,neutral
canteen okay overall,valid,canteen,neutral
menu usual,valid,canteen,neutral
service normal today,valid,canteen,neutral
food average canteen,valid,canteen,neutral
nothing special today meal,valid,canteen,neutral
canteen okay overall,valid,canteen,neutral
menu usual,valid,canteen,neutral
service normal today,valid,canteen,neutral
administration handled request quickly,valid,administration,positive
staff very helpful polite,valid,administration,positive
work completed efficiently,valid,administration,positive
office support responsive,valid,administration,positive
process smooth fast,valid,administration,positive
administration handled request quickly,valid,administration,positive
staff very helpful polite,valid,administration,positive
work completed efficiently,valid,administration,positive
office support responsive,valid,administration,positive
process smooth fast,valid,administration,positive
administration process very slow,valid,administration,negative
staff not very responsive,valid,administration,negative
document took too long process,valid,administration,negative
office behavior unhelpful,valid,administration,negative
work delay frustrating,valid,administration,negative
administration process very slow,valid,administration,negative
staff not very responsive,valid,administration,negative
document took too long process,valid,administration,negative
office behavior unhelpful,valid,administration,negative
work delay frustrating,valid,administration,negative
administration normal today,valid,administration,neutral
no major update office,valid,administration,neutral
process average,valid,administration,neutral
thing going usual,valid,administration,neutral
no issue observed office work,valid,administration,neutral
administration normal today,valid,administration,neutral
no major update office,valid,administration,neutral
process average,valid,administration,neutral
thing going usual,valid,administration,neutral
no issue observed office work,valid,administration,neutral
website fast easy use,valid,website,positive
page load quickly smoothly,valid,website,positive
interface very user friendly,valid,website,positive
navigation simple clean,valid,website,positive
everything work without issue,valid,website,positive
website fast easy use,valid,website,positive
page load quickly smoothly,valid,website,positive
interface very user friendly,valid,website,positive
navigation simple clean,valid,website,positive
everything work without issue,valid,website,positive
website slow laggy,valid,website,negative
page sometimes fail load,valid,website,negative
error appear frequently site,valid,website,negative
login issue frustrating,valid,website,negative
design feel outdated confusing,valid,website,negative
website slow laggy,valid,website,negative
page sometimes fail load,valid,website,negative
error appear frequently site,valid,website,negative
login issue frustrating,valid,website,negative
design feel outdated confusing,valid,website,negative
website work fine today,valid,website,neutral
no major issue site,valid,website,neutral
performance average,valid,website,neutral
everything normal website,valid,website,neutral
site okay overall,valid,website,neutral
website work fine today,valid,website,neutral
no major issue site,valid,website,neutral
performance average,valid,website,neutral
everything normal website,valid,website,neutral
site okay overall,valid,website,neutral
campus facility well maintained,valid,facilities,positive
clean comfortable environment,valid,facilities,positive
classroom well equipped,valid,facilities,positive
good infrastructure across campus,valid,facilities,positive
facility improving steadily,valid,facilities,positive
campus facility well maintained,valid,facilities,positive
clean comfortable environment,valid,facilities,positive
classroom well equipped,valid,facilities,positive
good infrastructure across campus,valid,facilities,positive
facility improving steadily,valid,facilities,positive
facility need urgent maintenance,valid,facilities,negative
washroom not clean,valid,facilities,negative
broken equipment classroom,valid,facilities,negative
poor infrastructure area,valid,facilities,negative
maintenance not done regularly,valid,facilities,negative
facility need urgent maintenance,valid,facilities,negative
washroom not clean,valid,facilities,negative
broken equipment classroom,valid,facilities,negative
poor infrastructure area,valid,facilities,negative
maintenance not done regularly,valid,facilities,negative
facility average,valid,facilities,neutral
no major issue infrastructure,valid,facilities,neutral
thing normal campus,valid,facilities,neutral
facility okay overall,valid,facilities,neutral
standard maintenance observed,valid,facilities,neutral
facility average,valid,facilities,neutral
no major issue infrastructure,valid,facilities,neutral
thing normal campus,valid,facilities,neutral
facility okay overall,valid,facilities,neutral
standard maintenance observed,valid,facilities,neutral
library very quiet helpful study,valid,library,positive
book well organized easy find,valid,library,positive
staff library very supportive,valid,library,positive
reading environment feel peaceful today,valid,library,positive
good collection reference material,valid,library,positive
library very quiet helpful study,valid,library,positive
book well organized easy find,valid,library,positive
staff library very supportive,valid,library,positive
reading environment feel peaceful today,valid,library,positive
good collection reference material,valid,library,positive
library chair uncomfortable,valid,library,negative
book missing damaged,valid,library,negative
ac not working properly library,valid,library,negative
noise level disturbing study time,valid,library,negative
lighting corner poor,valid,library,negative
library chair uncomfortable,valid,library,negative
book missing damaged,valid,library,negative
ac not working properly library,valid,library,negative
noise level disturbing study time,valid,library,negative
lighting corner poor,valid,library,negative
library average today,valid,library,neutral
reading area okay,valid,library,neutral
not much change library environment,valid,library,neutral
library service normal,valid,library,neutral
study area feel fine,valid,library,neutral
library average today,valid,library,neutral
reading area okay,valid,library,neutral
not much change library environment,valid,library,neutral
library service normal,valid,library,neutral
study area feel fine,valid,library,neutral
food taste fresh tasty,valid,canteen,positive
tea snack really good today,valid,canteen,positive
canteen service fast clean,valid,canteen,positive
meal well cooked enjoyable,valid,canteen,positive
good variety food available,valid,canteen,positive
food taste fresh tasty,valid,canteen,positive
tea snack really good today,valid,canteen,positive
canteen service fast clean,valid,canteen,positive
meal well cooked enjoyable,valid,canteen,positive
good variety food available,valid,canteen,positive
food quality poor today,valid,canteen,negative
tea too watery cold,valid,canteen,negative
meal undercooked bad,valid,canteen,negative
canteen hygiene need improvement,valid,canteen,negative
price high average food,valid,canteen,negative
food quality poor today,valid,canteen,negative
tea too watery cold,valid,canteen,negative
meal undercooked bad,valid,canteen,negative
canteen hygiene need improvement,valid,canteen,negative
price high average food,valid,canteen,negative
food average canteen,valid,canteen,neutral
nothing special today meal,valid,canteen,neutral
canteen okay overall,valid,canteen,neutral
menu usual,valid,canteen,neutral
service normal today,valid,canteen,neutral
food average canteen,valid,canteen,neutral
nothing special today meal,valid,canteen,neutral
canteen okay overall,valid,canteen,neutral
menu usual,valid,canteen,neutral
service normal today,valid,canteen,neutral
administration handled request quickly,valid,administration,positive
staff very helpful polite,valid,administration,positive
work completed efficiently,valid,administration,positive
office support responsive,valid,administration,positive
process smooth fast,valid,administration,positive
administration handled request quickly,valid,administration,positive
staff very helpful polite,valid,administration,positive
work completed efficiently,valid,administration,positive
office support responsive,valid,administration,positive
process smooth fast,valid,administration,positive
administration process very slow,valid,administration,negative
staff not very responsive,valid,administration,negative
document took too long process,valid,administration,negative
office behavior unhelpful,valid,administration,negative
work delay frustrating,valid,administration,negative
administration process very slow,valid,administration,negative
staff not very responsive,valid,administration,negative
document took too long process,valid,administration,negative
office behavior unhelpful,valid,administration,negative
work delay frustrating,valid,administration,negative
administration normal today,valid,administration,neutral
no major update office,valid,administration,neutral
process average,valid,administration,neutral
thing going usual,valid,administration,neutral
no issue observed office work,valid,administration,neutral
administration normal today,valid,administration,neutral
no major update office,valid,administration,neutral
process average,valid,administration,neutral
thing going usual,valid,administration,neutral
no issue observed office work,valid,administration,neutral
website fast easy use,valid,website,positive
page load quickly smoothly,valid,website,positive
interface very user friendly,valid,website,positive
navigation simple clean,valid,website,positive
everything work without issue,valid,website,positive
website fast easy use,valid,website,positive
page load quickly smoothly,valid,website,positive
interface very user friendly,valid,website,positive
navigation simple clean,valid,website,positive
everything work without issue,valid,website,positive
website slow laggy,valid,website,negative
page sometimes fail load,valid,website,negative
error appear frequently site,valid,website,negative
login issue frustrating,valid,website,negative
design feel outdated confusing,valid,website,negative
website slow laggy,valid,website,negative
page sometimes fail load,valid,website,negative
error appear frequently site,valid,website,negative
login issue frustrating,valid,website,negative
design feel outdated confusing,valid,website,negative
website work fine today,valid,website,neutral
no major issue site,valid,website,neutral
performance average,valid,website,neutral
everything normal website,valid,website,neutral
site okay overall,valid,website,neutral
website work fine today,valid,website,neutral
no major issue site,valid,website,neutral
performance average,valid,website,neutral
everything normal website,valid,website,neutral
site okay overall,valid,website,neutral
campus facility well maintained,valid,facilities,positive
clean comfortable environment,valid,facilities,positive
classroom well equipped,valid,facilities,positive
good infrastructure across campus,valid,facilities,positive
facility improving steadily,valid,facilities,positive
campus facility well maintained,valid,facilities,positive
clean comfortable environment,valid,facilities,positive
classroom well equipped,valid,facilities,positive
good infrastructure across campus,valid,facilities,positive
facility improving steadily,valid,facilities,positive
facility need urgent maintenance,valid,facilities,negative
washroom not clean,valid,facilities,negative
broken equipment classroom,valid,facilities,negative
poor infrastructure area,valid,facilities,negative
maintenance not done regularly,valid,facilities,negative
facility need urgent maintenance,valid,facilities,negative
washroom not clean,valid,facilities,negative
broken equipment classroom,valid,facilities,negative
poor infrastructure area,valid,facilities,negative
maintenance not done regularly,valid,facilities,negative
facility average,valid,facilities,neutral
no major issue infrastructure,valid,facilities,neutral
thing normal campus,valid,facilities,neutral
facility okay overall,valid,facilities,neutral
standard maintenance observed,valid,facilities,neutral
facility average,valid,facilities,neutral
no major issue infrastructure,valid,facilities,neutral
thing normal campus,valid,facilities,neutral
facility okay overall,valid,facilities,neutral
standard maintenance observed,valid,facilities,neutral
library very quiet helpful study,valid,library,positive
book well organized easy find,valid,library,positive
staff library very supportive,valid,library,positive
reading environment feel peaceful today,valid,library,positive
good collection reference material,valid,library,positive
library very quiet helpful study,valid,library,positive
book well organized easy find,valid,library,positive
staff library very supportive,valid,library,positive
reading environment feel peaceful today,valid,library,positive
good collection reference material,valid,library,positive
library chair uncomfortable,valid,library,negative
book missing damaged,valid,library,negative
ac not working properly library,valid,library,negative
noise level disturbing study time,valid,library,negative
lighting corner poor,valid,library,negative
library chair uncomfortable,valid,library,negative
book missing damaged,valid,library,negative
ac not working properly library,valid,library,negative
noise level disturbing study time,valid,library,negative
lighting corner poor,valid,library,negative
library average today,valid,library,neutral
reading area okay,valid,library,neutral
not much change library environment,valid,library,neutral
library service normal,valid,library,neutral
study area feel fine,valid,library,neutral
library average today,valid,library,neutral
reading area okay,valid,library,neutral
not much change library environment,valid,library,neutral
library service normal,valid,library,neutral
study area feel fine,valid,library,neutral
food taste fresh tasty,valid,canteen,positive
tea snack really good today,valid,canteen,positive
canteen service fast clean,valid,canteen,positive
meal well cooked enjoyable,valid,canteen,positive
good variety food available,valid,canteen,positive
food taste fresh tasty,valid,canteen,positive
tea snack really good today,valid,canteen,positive
canteen service fast clean,valid,canteen,positive
meal well cooked enjoyable,valid,canteen,positive
good variety food available,valid,canteen,positive
food quality poor today,valid,canteen,negative
tea too watery cold,valid,canteen,negative
meal undercooked bad,valid,canteen,negative
canteen hygiene need improvement,valid,canteen,negative
price high average food,valid,canteen,negative
food quality poor today,valid,canteen,negative
tea too watery cold,valid,canteen,negative
meal undercooked bad,valid,canteen,negative
canteen hygiene need improvement,valid,canteen,negative
price high average food,valid,canteen,negative
food average canteen,valid,canteen,neutral
nothing special today meal,valid,canteen,neutral
canteen okay overall,valid,canteen,neutral
menu usual,valid,canteen,neutral
service normal today,valid,canteen,neutral
food average canteen,valid,canteen,neutral
nothing special today meal,valid,canteen,neutral
canteen okay overall,valid,canteen,neutral
menu usual,valid,canteen,neutral
service normal today,valid,canteen,neutral
administration handled request quickly,valid,administration,positive
staff very helpful polite,valid,administration,positive
work completed efficiently,valid,administration,positive
office support responsive,valid,administration,positive
process smooth fast,valid,administration,positive
administration handled request quickly,valid,administration,positive
staff very helpful polite,valid,administration,positive
work completed efficiently,valid,administration,positive
office support responsive,valid,administration,positive
process smooth fast,valid,administration,positive
administration process very slow,valid,administration,negative
staff not very responsive,valid,administration,negative
document took too long process,valid,administration,negative
office behavior unhelpful,valid,administration,negative
work delay frustrating,valid,administration,negative
administration process very slow,valid,administration,negative
staff not very responsive,valid,administration,negative
document took too long process,valid,administration,negative
office behavior unhelpful,valid,administration,negative
work delay frustrating,valid,administration,negative
administration normal today,valid,administration,neutral
no major update office,valid,administration,neutral
process average,valid,administration,neutral
thing going usual,valid,administration,neutral
no issue observed office work,valid,administration,neutral
administration normal today,valid,administration,neutral
no major update office,valid,administration,neutral
process average,valid,administration,neutral
thing going usual,valid,administration,neutral
no issue observed office work,valid,administration,neutral
website fast easy use,valid,website,positive
page load quickly smoothly,valid,website,positive
interface very user friendly,valid,website,positive
navigation simple clean,valid,website,positive
everything work without issue,valid,website,positive
website fast easy use,valid,website,positive
page load quickly smoothly,valid,website,positive
interface very user friendly,valid,website,positive
navigation simple clean,valid,website,positive
everything work without issue,valid,website,positive
website slow laggy,valid,website,negative
page sometimes fail load,valid,website,negative
error appear frequently site,valid,website,negative
login issue frustrating,valid,website,negative
design feel outdated confusing,valid,website,negative
website slow laggy,valid,website,negative
page sometimes fail load,valid,website,negative
error appear frequently site,valid,website,negative
login issue frustrating,valid,website,negative
design feel outdated confusing,valid,website,negative
website work fine today,valid,website,neutral
no major issue site,valid,website,neutral
performance average,valid,website,neutral
everything normal website,valid,website,neutral
site okay overall,valid,website,neutral
website work fine today,valid,website,neutral
no major issue site,valid,website,neutral
performance average,valid,website,neutral
everything normal website,valid,website,neutral
site okay overall,valid,website,neutral
campus facility well maintained,valid,facilities,positive
clean comfortable environment,valid,facilities,positive
classroom well equipped,valid,facilities,positive
good infrastructure across campus,valid,facilities,positive
facility improving steadily,valid,facilities,positive
campus facility well maintained,valid,facilities,positive
clean comfortable environment,valid,facilities,positive
classroom well equipped,valid,facilities,positive
good infrastructure across campus,valid,facilities,positive
facility improving steadily,valid,facilities,positive
facility need urgent maintenance,valid,facilities,negative
washroom not clean,valid,facilities,negative
broken equipment classroom,valid,facilities,negative
poor infrastructure area,valid,facilities,negative
maintenance not done regularly,valid,facilities,negative
facility need urgent maintenance,valid,facilities,negative
washroom not clean,valid,facilities,negative
broken equipment classroom,valid,facilities,negative
poor infrastructure area,valid,facilities,negative
maintenance not done regularly,valid,facilities,negative
facility average,valid,facilities,neutral
no major issue infrastructure,valid,facilities,neutral
thing normal campus,valid,facilities,neutral
facility okay overall,valid,facilities,neutral
standard maintenance observed,valid,facilities,neutral
facility average,valid,facilities,neutral
no major issue infrastructure,valid,facilities,neutral
thing normal campus,valid,facilities,neutral
facility okay overall,valid,facilities,neutral
standard maintenance observed,valid,facilities,neutral
library very quiet helpful study,valid,library,positive
book well organized easy find,valid,library,positive
staff library very supportive,valid,library,positive
reading environment feel peaceful today,valid,library,positive
good collection reference material,valid,library,positive
library very quiet helpful study,valid,library,positive
book well organized easy find,valid,library,positive
staff library very supportive,valid,library,positive
reading environment feel peaceful today,valid,library,positive
good collection reference material,valid,library,positive
library chair uncomfortable,valid,library,negative
book missing damaged,valid,library,negative
ac not working properly library,valid,library,negative
noise level disturbing study time,valid,library,negative
lighting corner poor,valid,library,negative
library chair uncomfortable,valid,library,negative
book missing damaged,valid,library,negative
ac not working properly library,valid,library,negative
noise level disturbing study time,valid,library,negative
lighting corner poor,valid,library,negative
library average today,valid,library,neutral
reading area okay,valid,library,neutral
not much change library environment,valid,library,neutral
library service normal,valid,library,neutral
study area feel fine,valid,library,neutral
library average today,valid,library,neutral
reading area okay,valid,library,neutral
not much change library environment,valid,library,neutral
library service normal,valid,library,neutral
study area feel fine,valid,library,neutral
food taste fresh tasty,valid,canteen,positive
tea snack really good today,valid,canteen,positive
canteen service fast clean,valid,canteen,positive
meal well cooked enjoyable,valid,canteen,positive
good variety food available,valid,canteen,positive
food taste fresh tasty,valid,canteen,positive
tea snack really good today,valid,canteen,positive
canteen service fast clean,valid,canteen,positive
meal well cooked enjoyable,valid,canteen,positive
good variety food available,valid,canteen,positive
food quality poor today,valid,canteen,negative
tea too watery cold,valid,canteen,negative
meal undercooked bad,valid,canteen,negative
canteen hygiene need improvement,valid,canteen,negative
price high average food,valid,canteen,negative
food quality poor today,valid,canteen,negative
tea too watery cold,valid,canteen,negative
meal undercooked bad,valid,canteen,negative
canteen hygiene need improvement,valid,canteen,negative
price high average food,valid,canteen,negative
food average canteen,valid,canteen,neutral
nothing special today meal,valid,canteen,neutral
canteen okay overall,valid,canteen,neutral
menu usual,valid,canteen,neutral
service normal today,valid,canteen,neutral
food average canteen,valid,canteen,neutral
nothing special today meal,valid,canteen,neutral
canteen okay overall,valid,canteen,neutral
menu usual,valid,canteen,neutral
service normal today,valid,canteen,neutral
administration handled request quickly,valid,administration,positive
staff very helpful polite,valid,administration,positive
work completed efficiently,valid,administration,positive
office support responsive,valid,administration,positive
process smooth fast,valid,administration,positive
administration handled request quickly,valid,administration,positive
staff very helpful polite,valid,administration,positive
work completed efficiently,valid,administration,positive
office support responsive,valid,administration,positive
process smooth fast,valid,administration,positive
administration process very slow,valid,administration,negative
staff not very responsive,valid,administration,negative
document took too long process,valid,administration,negative
office behavior unhelpful,valid,administration,negative
work delay frustrating,valid,administration,negative
administration process very slow,valid,administration,negative
staff not very responsive,valid,administration,negative
document took too long process,valid,administration,negative
office behavior unhelpful,valid,administration,negative
work delay frustrating,valid,administration,negative
administration normal today,valid,administration,neutral
no major update office,valid,administration,neutral
process average,valid,administration,neutral
thing going usual,valid,administration,neutral
no issue observed office work,valid,administration,neutral
administration normal today,valid,administration,neutral
no major update office,valid,administration,neutral
process average,valid,administration,neutral
thing going usual,valid,administration,neutral
no issue observed office work,valid,administration,neutral
website fast easy use,valid,website,positive
page load quickly smoothly,valid,website,positive
interface very user friendly,valid,website,positive
navigation simple clean,valid,website,positive
everything work without issue,valid,website,positive
website fast easy use,valid,website,positive
page load quickly smoothly,valid,website,positive
interface very user friendly,valid,website,positive
navigation simple clean,valid,website,positive
everything work without issue,valid,website,positive
website slow laggy,valid,website,negative
page sometimes fail load,valid,website,negative
error appear frequently site,valid,website,negative
login issue frustrating,valid,website,negative
design feel outdated confusing,valid,website,negative
website slow laggy,valid,website,negative
page sometimes fail load,valid,website,negative
error appear frequently site,valid,website,negative
login issue frustrating,valid,website,negative
design feel outdated confusing,valid,website,negative
website work fine today,valid,website,neutral
no major issue site,valid,website,neutral
performance average,valid,website,neutral
everything normal website,valid,website,neutral
site okay overall,valid,website,neutral
website work fine today,valid,website,neutral
no major issue site,valid,website,neutral
performance average,valid,website,neutral
everything normal website,valid,website,neutral
site okay overall,valid,website,neutral
campus facility well maintained,valid,facilities,positive
clean comfortable environment,valid,facilities,positive
classroom well equipped,valid,facilities,positive
good infrastructure across campus,valid,facilities,positive
facility improving steadily,valid,facilities,positive
campus facility well maintained,valid,facilities,positive
clean comfortable environment,valid,facilities,positive
classroom well equipped,valid,facilities,positive
good infrastructure across campus,valid,facilities,positive
facility improving steadily,valid,facilities,positive
facility need urgent maintenance,valid,facilities,negative
washroom not clean,valid,facilities,negative
broken equipment classroom,valid,facilities,negative
poor infrastructure area,valid,facilities,negative
maintenance not done regularly,valid,facilities,negative
facility need urgent maintenance,valid,facilities,negative
washroom not clean,valid,facilities,negative
broken equipment classroom,valid,facilities,negative
poor infrastructure area,valid,facilities,negative
maintenance not done regularly,valid,facilities,negative
facility average,valid,facilities,neutral
no major issue infrastructure,valid,facilities,neutral
thing normal campus,valid,facilities,neutral
facility okay overall,valid,facilities,neutral
standard maintenance observed,valid,facilities,neutral
facility average,valid,facilities,neutral
no major issue infrastructure,valid,facilities,neutral
thing normal campus,valid,facilities,neutral
facility okay overall,valid,facilities,neutral
standard maintenance observed,valid,facilities,neutral
library very quiet helpful study,valid,library,positive
book well organized easy find,valid,library,positive
staff library very supportive,valid,library,positive
reading environment feel peaceful today,valid,library,positive
good collection reference material,valid,library,positive
library very quiet helpful study,valid,library,positive
book well organized easy find,valid,library,positive
staff library very supportive,valid,library,positive
reading environment feel peaceful today,valid,library,positive
good collection reference material,valid,library,positive
library chair uncomfortable,valid,library,negative
book missing damaged,valid,library,negative
ac not working properly library,valid,library,negative
noise level disturbing study time,valid,library,negative
lighting corner poor,valid,library,negative
library chair uncomfortable,valid,library,negative
book missing damaged,valid,library,negative
ac not working properly library,valid,library,negative
noise level disturbing study time,valid,library,negative
lighting corner poor,valid,library,negative
library average today,valid,library,neutral
reading area okay,valid,library,neutral
not much change library environment,valid,library,neutral
library service normal,valid,library,neutral
study area feel fine,valid,library,neutral
library average today,valid,library,neutral
reading area okay,valid,library,neutral
not much change library environment,valid,library,neutral
library service normal,valid,library,neutral
study area feel fine,valid,library,neutral
food taste fresh tasty,valid,canteen,positive
tea snack really good today,valid,canteen,positive
canteen service fast clean,valid,canteen,positive
meal well cooked enjoyable,valid,canteen,positive
good variety food available,valid,canteen,positive
food taste fresh tasty,valid,canteen,positive
tea snack really good today,valid,canteen,positive
canteen service fast clean,valid,canteen,positive
meal well cooked enjoyable,valid,canteen,positive
good variety food available,valid,canteen,positive
food quality poor today,valid,canteen,negative
tea too watery cold,valid,canteen,negative
meal undercooked bad,valid,canteen,negative
canteen hygiene need improvement,valid,canteen,negative
price high average food,valid,canteen,negative
food quality poor today,valid,canteen,negative
tea too watery cold,valid,canteen,negative
meal undercooked bad,valid,canteen,negative
canteen hygiene need improvement,valid,canteen,negative
price high average food,valid,canteen,negative
food average canteen,valid,canteen,neutral
nothing special today meal,valid,canteen,neutral
canteen okay overall,valid,canteen,neutral
menu usual,valid,canteen,neutral
service normal today,valid,canteen,neutral
food average canteen,valid,canteen,neutral
nothing special today meal,valid,canteen,neutral
canteen okay overall,valid,canteen,neutral
menu usual,valid,canteen,neutral
service normal today,valid,canteen,neutral
administration handled request quickly,valid,administration,positive
staff very helpful polite,valid,administration,positive
work completed efficiently,valid,administration,positive
office support responsive,valid,administration,positive
process smooth fast,valid,administration,positive
administration handled request quickly,valid,administration,positive
staff very helpful polite,valid,administration,positive
work completed efficiently,valid,administration,positive
office support responsive,valid,administration,positive
process smooth fast,valid,administration,positive
administration process very slow,valid,administration,negative
staff not very responsive,valid,administration,negative
document took too long process,valid,administration,negative
office behavior unhelpful,valid,administration,negative
work delay frustrating,valid,administration,negative
administration process very slow,valid,administration,negative
staff not very responsive,valid,administration,negative
document took too long process,valid,administration,negative
office behavior unhelpful,valid,administration,negative
work delay frustrating,valid,administration,negative
administration normal today,valid,administration,neutral
no major update office,valid,administration,neutral
process average,valid,administration,neutral
thing going usual,valid,administration,neutral
no issue observed office work,valid,administration,neutral
administration normal today,valid,administration,neutral
no major update office,valid,administration,neutral
process average,valid,administration,neutral
thing going usual,valid,administration,neutral
no issue observed office work,valid,administration,neutral
website fast easy use,valid,website,positive
page load quickly smoothly,valid,website,positive
interface very user friendly,valid,website,positive
navigation simple clean,valid,website,positive
everything work without issue,valid,website,positive
website fast easy use,valid,website,positive
page load quickly smoothly,valid,website,positive
interface very user friendly,valid,website,positive
navigation simple clean,valid,website,positive
everything work without issue,valid,website,positive
website slow laggy,valid,website,negative
page sometimes fail load,valid,website,negative
error appear frequently site,valid,website,negative
login issue frustrating,valid,website,negative
design feel outdated confusing,valid,website,negative
website slow laggy,valid,website,negative
page sometimes fail load,valid,website,negative
error appear frequently site,valid,website,negative
login issue frustrating,valid,website,negative
design feel outdated confusing,valid,website,negative
website work fine today,valid,website,neutral
no major issue site,valid,website,neutral
performance average,valid,website,neutral
everything normal website,valid,website,neutral
site okay overall,valid,website,neutral
website work fine today,valid,website,neutral
no major issue site,valid,website,neutral
performance average,valid,website,neutral
everything normal website,valid,website,neutral
site okay overall,valid,website,neutral
campus facility well maintained,valid,facilities,positive
clean comfortable environment,valid,facilities,positive
classroom well equipped,valid,facilities,positive
good infrastructure across campus,valid,facilities,positive
facility improving steadily,valid,facilities,positive
campus facility well maintained,valid,facilities,positive
clean comfortable environment,valid,facilities,positive
classroom well equipped,valid,facilities,positive
good infrastructure across campus,valid,facilities,positive
facility improving steadily,valid,facilities,positive
facility need urgent maintenance,valid,facilities,negative
washroom not clean,valid,facilities,negative
broken equipment classroom,valid,facilities,negative
poor infrastructure area,valid,facilities,negative
maintenance not done regularly,valid,facilities,negative
facility need urgent maintenance,valid,facilities,negative
washroom not clean,valid,facilities,negative
broken equipment classroom,valid,facilities,negative
poor infrastructure area,valid,facilities,negative
maintenance not done regularly,valid,facilities,negative
facility average,valid,facilities,neutral
no major issue infrastructure,valid,facilities,neutral
thing normal campus,valid,facilities,neutral
facility okay overall,valid,facilities,neutral
standard maintenance observed,valid,facilities,neutral
facility average,valid,facilities,neutral
no major issue infrastructure,valid,facilities,neutral
thing normal campus,valid,facilities,neutral
facility okay overall,valid,facilities,neutral
standard maintenance observed,valid,facilities,neutral
library very quiet helpful study,valid,library,positive
book well organized easy find,valid,library,positive
staff library very supportive,valid,library,positive
reading environment feel peaceful today,valid,library,positive
good collection reference material,valid,library,positive
library very quiet helpful study,valid,library,positive
book well organized easy find,valid,library,positive
staff library very supportive,valid,library,positive
reading environment feel peaceful today,valid,library,positive
good collection reference material,valid,library,positive
library chair uncomfortable,valid,library,negative
book missing damaged,valid,library,negative
ac not working properly library,valid,library,negative
noise level disturbing study time,valid,library,negative
lighting corner poor,valid,library,negative
library chair uncomfortable,valid,library,negative
book missing damaged,valid,library,negative
ac not working properly library,valid,library,negative
noise level disturbing study time,valid,library,negative
lighting corner poor,valid,library,negative
library average today,valid,library,neutral
reading area okay,valid,library,neutral
not much change library environment,valid,library,neutral
library service normal,valid,library,neutral
study area feel fine,valid,library,neutral
library average today,valid,library,neutral
reading area okay,valid,library,neutral
not much change library environment,valid,library,neutral
library service normal,valid,library,neutral
study area feel fine,valid,library,neutral
food taste fresh tasty,valid,canteen,positive
tea snack really good today,valid,canteen,positive
canteen service fast clean,valid,canteen,positive
meal well cooked enjoyable,valid,canteen,positive
good variety food available,valid,canteen,positive
food taste fresh tasty,valid,canteen,positive
tea snack really good today,valid,canteen,positive
canteen service fast clean,valid,canteen,positive
meal well cooked enjoyable,valid,canteen,positive
good variety food available,valid,canteen,positive
food quality poor today,valid,canteen,negative
tea too watery cold,valid,canteen,negative
meal undercooked bad,valid,canteen,negative
canteen hygiene need improvement,valid,canteen,negative
price high average food,valid,canteen,negative
food quality poor today,valid,canteen,negative
tea too watery cold,valid,canteen,negative
meal undercooked bad,valid,canteen,negative
canteen hygiene need improvement,valid,canteen,negative
price high average food,valid,canteen,negative
food average canteen,valid,canteen,neutral
nothing special today meal,valid,canteen,neutral
canteen okay overall,valid,canteen,neutral
menu usual,valid,canteen,neutral
service normal today,valid,canteen,neutral
food average canteen,valid,canteen,neutral
nothing special today meal,valid,canteen,neutral
canteen okay overall,valid,canteen,neutral
menu usual,valid,canteen,neutral
service normal today,valid,canteen,neutral
administration handled request quickly,valid,administration,positive
staff very helpful polite,valid,administration,positive
work completed efficiently,valid,administration,positive
office support responsive,valid,administration,positive
process smooth fast,valid,administration,positive
administration handled request quickly,valid,administration,positive
staff very helpful polite,valid,administration,positive
work completed efficiently,valid,administration,positive
office support responsive,valid,administration,positive
process smooth fast,valid,administration,positive
administration process very slow,valid,administration,negative
staff not very responsive,valid,administration,negative
document took too long process,valid,administration,negative
office behavior unhelpful,valid,administration,negative
work delay frustrating,valid,administration,negative
administration process very slow,valid,administration,negative
staff not very responsive,valid,administration,negative
document took too long process,valid,administration,negative
office behavior unhelpful,valid,administration,negative
work delay frustrating,valid,administration,negative
administration normal today,valid,administration,neutral
no major update office,valid,administration,neutral
process average,valid,administration,neutral
thing going usual,valid,administration,neutral
no issue observed office work,valid,administration,neutral
administration normal today,valid,administration,neutral
no major update office,valid,administration,neutral
process average,valid,administration,neutral
thing going usual,valid,administration,neutral
no issue observed office work,valid,administration,neutral
website fast easy use,valid,website,positive
page load quickly smoothly,valid,website,positive
interface very user friendly,valid,website,positive
navigation simple clean,valid,website,positive
everything work without issue,valid,website,positive
website fast easy use,valid,website,positive
page load quickly smoothly,valid,website,positive
interface very user friendly,valid,website,positive
navigation simple clean,valid,website,positive
everything work without issue,valid,website,positive
website slow laggy,valid,website,negative
page sometimes fail load,valid,website,negative
error appear frequently site,valid,website,negative
login issue frustrating,valid,website,negative
design feel outdated confusing,valid,website,negative
website slow laggy,valid,website,negative
page sometimes fail load,valid,website,negative
error appear frequently site,valid,website,negative
login issue frustrating,valid,website,negative
design feel outdated confusing,valid,website,negative
website work fine today,valid,website,neutral
no major issue site,valid,website,neutral
performance average,valid,website,neutral
everything normal website,valid,website,neutral
site okay overall,valid,website,neutral
website work fine today,valid,website,neutral
no major issue site,valid,website,neutral
performance average,valid,website,neutral
everything normal website,valid,website,neutral
site okay overall,valid,website,neutral
campus facility well maintained,valid,facilities,positive
clean comfortable environment,valid,facilities,positive
classroom well equipped,valid,facilities,positive
good infrastructure across campus,valid,facilities,positive
facility improving steadily,valid,facilities,positive
campus facility well maintained,valid,facilities,positive
clean comfortable environment,valid,facilities,positive
classroom well equipped,valid,facilities,positive
good infrastructure across campus,valid,facilities,positive
facility improving steadily,valid,facilities,positive
facility need urgent maintenance,valid,facilities,negative
washroom not clean,valid,facilities,negative
broken equipment classroom,valid,facilities,negative
poor infrastructure area,valid,facilities,negative
maintenance not done regularly,valid,facilities,negative
facility need urgent maintenance,valid,facilities,negative
washroom not clean,valid,facilities,negative
broken equipment classroom,valid,facilities,negative
poor infrastructure area,valid,facilities,negative
maintenance not done regularly,valid,facilities,negative
facility average,valid,facilities,neutral
no major issue infrastructure,valid,facilities,neutral
thing normal campus,valid,facilities,neutral
facility okay overall,valid,facilities,neutral
standard maintenance observed,valid,facilities,neutral
facility average,valid,facilities,neutral
no major issue infrastructure,valid,facilities,neutral
thing normal campus,valid,facilities,neutral
facility okay overall,valid,facilities,neutral
standard maintenance observed,valid,facilities,neutral
library very quiet helpful study,valid,library,positive
book well organized easy find,valid,library,positive
staff library very supportive,valid,library,positive
reading environment feel peaceful today,valid,library,positive
good collection reference material,valid,library,positive
library very quiet helpful study,valid,library,positive
book well organized easy find,valid,library,positive
staff library very supportive,valid,library,positive
reading environment feel peaceful today,valid,library,positive
good collection reference material,valid,library,positive
library chair uncomfortable,valid,library,negative
book missing damaged,valid,library,negative
ac not working properly library,valid,library,negative
noise level disturbing study time,valid,library,negative
lighting corner poor,valid,library,negative
library chair uncomfortable,valid,library,negative
book missing damaged,valid,library,negative
ac not working properly library,valid,library,negative
noise level disturbing study time,valid,library,negative
lighting corner poor,valid,library,negative
library average today,valid,library,neutral
reading area okay,valid,library,neutral
not much change library environment,valid,library,neutral
library service normal,valid,library,neutral
study area feel fine,valid,library,neutral
library average today,valid,library,neutral
reading area okay,valid,library,neutral
not much change library environment,valid,library,neutral
library service normal,valid,library,neutral
study area feel fine,valid,library,neutral
food taste fresh tasty,valid,canteen,positive
tea snack really good today,valid,canteen,positive
canteen service fast clean,valid,canteen,positive
meal well cooked enjoyable,valid,canteen,positive
good variety food available,valid,canteen,positive
food taste fresh tasty,valid,canteen,positive
tea snack really good today,valid,canteen,positive
canteen service fast clean,valid,canteen,positive
meal well cooked enjoyable,valid,canteen,positive
good variety food available,valid,canteen,positive
food quality poor today,valid,canteen,negative
tea too watery cold,valid,canteen,negative
meal undercooked bad,valid,canteen,negative
canteen hygiene need improvement,valid,canteen,negative
price high average food,valid,canteen,negative
food quality poor today,valid,canteen,negative
tea too watery cold,valid,canteen,negative
meal undercooked bad,valid,canteen,negative
canteen hygiene need improvement,valid,canteen,negative
price high average food,valid,canteen,negative
food average canteen,valid,canteen,neutral
nothing special today meal,valid,canteen,neutral
canteen okay overall,valid,canteen,neutral
menu usual,valid,canteen,neutral
service normal today,valid,canteen,neutral
food average canteen,valid,canteen,neutral
nothing special today meal,valid,canteen,neutral
canteen okay overall,valid,canteen,neutral
menu usual,valid,canteen,neutral
service normal today,valid,canteen,neutral
administration handled request quickly,valid,administration,positive
staff very helpful polite,valid,administration,positive
work completed efficiently,valid,administration,positive
office support responsive,valid,administration,positive
process smooth fast,valid,administration,positive
administration handled request quickly,valid,administration,positive
staff very helpful polite,valid,administration,positive
work completed efficiently,valid,administration,positive
office support responsive,valid,administration,positive
process smooth fast,valid,administration,positive
administration process very slow,valid,administration,negative
staff not very responsive,valid,administration,negative
document took too long process,valid,administration,negative
office behavior unhelpful,valid,administration,negative
work delay frustrating,valid,administration,negative
administration process very slow,valid,administration,negative
staff not very responsive,valid,administration,negative
document took too long process,valid,administration,negative
office behavior unhelpful,valid,administration,negative
work delay frustrating,valid,administration,negative
administration normal today,valid,administration,neutral
no major update office,valid,administration,neutral
process average,valid,administration,neutral
thing going usual,valid,administration,neutral
no issue observed office work,valid,administration,neutral
administration normal today,valid,administration,neutral
no major update office,valid,administration,neutral
process average,valid,administration,neutral
thing going usual,valid,administration,neutral
no issue observed office work,valid,administration,neutral
website fast easy use,valid,website,positive
page load quickly smoothly,valid,website,positive
interface very user friendly,valid,website,positive
navigation simple clean,valid,website,positive
everything work without issue,valid,website,positive
website fast easy use,valid,website,positive
page load quickly smoothly,valid,website,positive
interface very user friendly,valid,website,positive
navigation simple clean,valid,website,positive
everything work without issue,valid,website,positive
