id,feedback_message,valid_invalid,category,sentiment
1,The library’s digital archive is incredibly helpful for research.,Valid,Library,Positive
2,I found the canteen food to be quite average today.,Valid,Canteen,Neutral
3,The registration portal crashed three times during sign-up.,Valid,Website,Negative
4,Security guards are very polite during the night shift.,Valid,Security,Positive
5,The lecture hall chairs are neither comfy nor bad.,Valid,Academics,Neutral
6,Maintenance forgot to fix the broken window in Lab 302.,Valid,Maintenance,Negative
7,The new sports jerseys look fantastic this season.,Valid,Sports,Positive
8,The bus route covers the main campus areas.,Valid,Transport,Neutral
9,Administrative staff lost my transcript request again.,Valid,Administration,Negative
10,hello world,Invalid,Uncategorized,Neutral
11,The library study rooms are way too loud lately.,Valid,Library,Negative
12,The canteen menu is updated every Monday morning.,Valid,Canteen,Neutral
13,The website search bar works perfectly now.,Valid,Website,Positive
14,Security checks at the gate are taking too long.,Valid,Security,Negative
15,The professor explained the complex theory very clearly.,Valid,Academics,Positive
16,The gym equipment is being cleaned as we speak.,Valid,Sports,Neutral
17,Maintenance responded to my plumbing issue within an hour.,Valid,Maintenance,Positive
18,The shuttle bus was 20 minutes late this morning.,Valid,Transport,Negative
19,The admin office is located in the blue building.,Valid,Administration,Neutral
20,test message 123,Invalid,Uncategorized,Neutral
21,I love the variety of books available in the law section.,Valid,Library,Positive
22,The canteen was quite crowded during the lunch hour.,Valid,Canteen,Negative
23,The student dashboard is simple and easy to use.,Valid,Website,Positive
24,The campus lighting makes me feel safe at night.,Valid,Security,Positive
25,The syllabus for this semester is standard.,Valid,Academics,Neutral
26,The AC in the computer lab is making a loud noise.,Valid,Maintenance,Negative
27,I enjoy the new basketball court facilities.,Valid,Sports,Positive
28,The transport fees are higher than last year.,Valid,Transport,Negative
29,I received my ID card replacement very quickly.,Valid,Administration,Positive
30,!!! --- !!!,Invalid,Uncategorized,Neutral
31,There are never enough chairs in the quiet zone.,Valid,Library,Negative
32,The meal plan includes breakfast and dinner.,Valid,Canteen,Neutral
33,The mobile app version of the site is very buggy.,Valid,Website,Negative
34,Security cameras should be installed in the parking lot.,Valid,Security,Neutral
35,This course provides excellent hands-on experience.,Valid,Academics,Positive
36,The football field needs to be mowed soon.,Valid,Sports,Negative
37,The elevators are working perfectly today.,Valid,Maintenance,Positive
38,The driver was very helpful with my heavy bags.,Valid,Transport,Positive
39,The registrar’s office has very limited hours.,Valid,Administration,Negative
40,qwertyuiop,Invalid,Uncategorized,Neutral
41,The library staff helped me find a rare manuscript.,Valid,Library,Positive
42,The water cooler in the canteen is empty.,Valid,Canteen,Negative
43,I like the new color scheme of the college homepage.,Valid,Website,Positive
44,Is the security office open on weekends?,Valid,Security,Neutral
45,The midterm exam was much harder than expected.,Valid,Academics,Negative
46,The tennis nets are at the correct height now.,Valid,Sports,Neutral
47,Light bulbs in the hallway are flickering.,Valid,Maintenance,Negative
48,The bus interior is kept very clean.,Valid,Transport,Positive
49,The dean's secretary was very professional.,Valid,Administration,Positive
50,checking...,Invalid,Uncategorized,Neutral
51,The digital library is accessible from the hostel.,Valid,Library,Positive
52,Canteen food is too oily these days.,Valid,Canteen,Negative
53,I can't see my internal marks on the portal.,Valid,Website,Negative
54,Security staff is very alert at the main gate.,Valid,Security,Positive
55,The workshop machines are well maintained.,Valid,Academics,Positive
56,The fan in Room 202 is making a noise.,Valid,Maintenance,Negative
57,Gym timing should be extended.,Valid,Sports,Neutral
58,Bus drivers are very helpful.,Valid,Transport,Positive
59,Admin office is slow in processing letters.,Valid,Administration,Negative
60,random string 1,Invalid,Uncategorized,Neutral
61,Library is very peaceful for studying.,Valid,Library,Positive
62,Canteen needs more seating capacity.,Valid,Canteen,Negative
63,The website layout is very confusing.,Valid,Website,Negative
64,Night patrolling has improved safety.,Valid,Security,Positive
65,The AI elective syllabus is very modern.,Valid,Academics,Positive
66,Restrooms are not cleaned regularly.,Valid,Maintenance,Negative
67,Football ground is well maintained.,Valid,Sports,Positive
68,College bus is always overcrowded.,Valid,Transport,Negative
69,Admin staff is very rude.,Valid,Administration,Negative
70,testing 12345,Invalid,Uncategorized,Neutral
71,Engineering books are updated in library.,Valid,Library,Positive
72,Coffee in canteen is not good.,Valid,Canteen,Negative
73,The portal login is very fast.,Valid,Website,Positive
74,CCTV cameras are not working.,Valid,Security,Negative
75,Lab assistants are very helpful.,Valid,Academics,Positive
76,Leaking tap in the workshop.,Valid,Maintenance,Negative
77,The gym has new weights.,Valid,Sports,Positive
78,Bus timing should be fixed.,Valid,Transport,Neutral
79,Scholarship desk is very slow.,Valid,Administration,Negative
80,hi there,Invalid,Uncategorized,Neutral
81,Reference books are missing.,Valid,Library,Negative
82,Canteen food is cheap and good.,Valid,Canteen,Positive
83,Student profile is not updating.,Valid,Website,Negative
84,ID card check is strict.,Valid,Security,Neutral
85,Physics lab equipment is old.,Valid,Academics,Negative
86,Lift is stuck again.,Valid,Maintenance,Negative
87,Cricket kit is available for students.,Valid,Sports,Positive
88,The route map is helpful.,Valid,Transport,Positive
89,Fee payment is confusing.,Valid,Administration,Negative
90,typing...,Invalid,Uncategorized,Neutral
91,Quiet zone is very effective.,Valid,Library,Positive
92,Canteen is closed on Sundays.,Valid,Canteen,Neutral
93,The site is mobile friendly.,Valid,Website,Positive
94,Security is helpful with parking.,Valid,Security,Positive
95,Lectures are very engaging.,Valid,Academics,Positive
96,Water cooler is broken.,Valid,Maintenance,Negative
97,The pool is very clean.,Valid,Sports,Positive
98,Bus is always late by 10 mins.,Valid,Transport,Negative
99,Admin office is helpful.,Valid,Administration,Positive
100,asdfghjkl,Invalid,Uncategorized,Neutral
101,The digital library access from the hostel is very stable.,Valid,Library,Positive
102,The canteen coffee is always lukewarm and weak.,Valid,Canteen,Negative
103,I cannot update my elective choices on the student site.,Valid,Website,Negative
104,Security was helpful when I lost my lab coat.,Valid,Security,Positive
105,The thermodynamics textbook is quite outdated.,Valid,Academics,Neutral
106,Several lockers in the engineering block are rusted.,Valid,Maintenance,Negative
107,Our robotics coach is very motivating and helpful.,Valid,Sports,Positive
108,The bus schedule is now available via QR code.,Valid,Transport,Neutral
109,Admin office takes weeks to process bonafide certificates.,Valid,Administration,Negative
110,error 404 not found,Invalid,Uncategorized,Neutral
111,It's too noisy near the library circulation desk.,Valid,Library,Negative
112,The food variety in the canteen is just okay.,Valid,Canteen,Neutral
113,The new student dashboard is very clean and fast.,Valid,Website,Positive
114,Night-time lighting near the workshop is too dim.,Valid,Security,Negative
115,The lab session for chemistry was well planned.,Valid,Academics,Positive
116,Gym hours are exactly the same as last semester.,Valid,Sports,Neutral
117,Maintenance fixed the AC in the CAD lab.,Valid,Maintenance,Positive
118,The college bus is often way too crowded at 4 PM.,Valid,Transport,Negative
119,The registrar's building is next to the main gate.,Valid,Administration,Neutral
120,4567891011,Invalid,Uncategorized,Neutral
121,Library staff are knowledgeable about technical journals.,Valid,Library,Positive
122,Cafeteria trays were very greasy this morning.,Valid,Canteen,Negative
123,The online fee gateway is fast and very secure.,Valid,Website,Positive
124,I feel safe due to the increased gate checks.,Valid,Security,Positive
125,The semester exam dates were released on time.,Valid,Academics,Neutral
126,Bathroom tiles in the mechanical block are loose.,Valid,Maintenance,Negative
127,The swimming pool is very clean this week.,Valid,Sports,Positive
128,Transport monthly passes are quite expensive.,Valid,Transport,Negative
129,Administrative staff were polite during registration.,Valid,Administration,Positive
130,..................,Invalid,Uncategorized,Neutral
131,There are never enough copies of the circuit theory book.,Valid,Library,Negative
132,Canteen breakfast starts at 8 AM sharp.,Valid,Canteen,Neutral
133,The campus map on the website is very old.,Valid,Website,Negative
134,Security should verify visitor IDs at the gate.,Valid,Security,Neutral
135,The new Python elective is very interesting.,Valid,Academics,Positive
136,The tennis court fence has a large hole.,Valid,Sports,Negative
137,All workshop lights were replaced recently.,Valid,Maintenance,Positive
138,The bus driver is always very punctual.,Valid,Transport,Positive
139,Line for the finance office is always too long.,Valid,Administration,Negative
140,asdfghjklmn,Invalid,Uncategorized,Neutral
141,I love the new high-speed Wi-Fi in the library.,Valid,Library,Positive
142,Water in the canteen cooler is always warm.,Valid,Canteen,Negative
143,The placement news page is updated every day.,Valid,Website,Positive
144,Is the security desk manned during the holidays?,Valid,Security,Neutral
145,Grading for the microprocessors lab was too harsh.,Valid,Academics,Negative
146,The football field is open for practice on Tuesdays.,Valid,Sports,Neutral
147,Soap dispensers in the chemistry lab are empty.,Valid,Maintenance,Negative
148,Bus seats are clean and very comfortable.,Valid,Transport,Positive
149,The office of the dean is very professional.,Valid,Administration,Positive
150,hey there bot,Invalid,Uncategorized,Neutral
151,The library policy on late returns is fair.,Valid,Library,Neutral
152,Canteen hygiene has improved significantly.,Valid,Canteen,Positive
153,I cannot find the link for the library OPAC.,Valid,Website,Negative
154,Security helped me find my misplaced bike keys.,Valid,Security,Positive
155,The power systems lecture was a bit dry today.,Valid,Academics,Neutral
156,Projector in Seminar Hall 1 is blurry.,Valid,Maintenance,Negative
157,Indoor badminton courts are very well lit.,Valid,Sports,Positive
158,Bus stops are at very convenient intervals.,Valid,Transport,Neutral
159,Admin emails regarding fees are sent very late.,Valid,Administration,Negative
160,1010101010,Invalid,Uncategorized,Neutral
161,I wish we had more recent IEEE magazines.,Valid,Library,Negative
162,Lunch specials are okay but nothing special.,Valid,Canteen,Neutral
163,Resetting my portal password was very easy.,Valid,Website,Positive
164,Too many strangers wander near the workshops.,Valid,Security,Negative
165,Data structures professor explains logic very well.,Valid,Academics,Positive
166,Cricket pitch is closed for seasonal grass.,Valid,Sports,Neutral
167,Fresh paint in the main lobby looks very nice.,Valid,Maintenance,Positive
168,Shuttle bus AC was not working and it was hot.,Valid,Transport,Negative
169,Office hours for the principal should be posted.,Valid,Administration,Neutral
170,0987654321,Invalid,Uncategorized,Neutral
171,Accessing the NPTEL videos in the library is easy.,Valid,Library,Positive
172,Floors in the dining hall are very slippery.,Valid,Canteen,Negative
173,I really like the new college mobile application.,Valid,Website,Positive
174,The biometric sensor at the gate is broken.,Valid,Security,Negative
175,The curriculum for the first year is balanced.,Valid,Academics,Neutral
176,Water pressure in the gym showers is weak.,Valid,Maintenance,Negative
177,Swimming pool is at a perfect temperature.,Valid,Sports,Positive
178,I am glad the bus service is more frequent now.,Valid,Transport,Positive
179,Getting an official transcript is a tedious process.,Valid,Administration,Negative
180,!!!!! ?????,Invalid,Uncategorized,Neutral
181,Impossible to find a library seat during exams.,Valid,Library,Negative
182,Canteen snacks are very reasonably priced.,Valid,Canteen,Positive
183,Website text is hard to read on the dark theme.,Valid,Website,Negative
184,Security guards are friendly and helpful.,Valid,Security,Positive
185,The seminar on cybersecurity was excellent.,Valid,Academics,Positive
186,The volleyball is missing from the sports room.,Valid,Sports,Negative
187,All fans in the drawing hall are working now.,Valid,Maintenance,Positive
188,Bus destination boards are not visible at night.,Valid,Transport,Negative
189,Receptionist at the admin block was very helpful.,Valid,Administration,Positive
190,system_test_row,Invalid,Uncategorized,Neutral
191,I am happy with the new quiet zone policy.,Valid,Library,Positive
192,Canteen runs out of the thali meals very fast.,Valid,Canteen,Negative
193,Online results portal is currently down for repair.,Valid,Website,Negative
194,We need more security cameras in the parking lot.,Valid,Security,Neutral
195,The professor for control systems is always late.,Valid,Academics,Negative
196,Gym has a good range of cardio machines.,Valid,Sports,Positive
197,Strange burning smell near the electrical lab.,Valid,Maintenance,Negative
198,Bus driver follows all the safety regulations.,Valid,Transport,Positive
199,Requesting a duplicate ID takes three days.,Valid,Administration,Neutral
200,dummy text 123,Invalid,Uncategorized,Neutral
201,The library’s search engine is very accurate.,Valid,Library,Positive
202,Canteen rice was undercooked this afternoon.,Valid,Canteen,Negative
203,Internal marks link is leading to a 404 error.,Valid,Website,Negative
204,Security is very active near the girl's hostel.,Valid,Security,Positive
205,The OS lecture was informative but quite long.,Valid,Academics,Neutral
206,The ceiling fan in Lab 2 is shaking dangerously.,Valid,Maintenance,Negative
207,The annual sports meet was managed perfectly.,Valid,Sports,Positive
208,Bus routes are the same as the previous year.,Valid,Transport,Neutral
209,Admin staff lost my bus pass application.,Valid,Administration,Negative
210,status_200_ok,Invalid,Uncategorized,Neutral
211,Library books are in very poor condition.,Valid,Library,Negative
212,The price of meals in the canteen is fair.,Valid,Canteen,Neutral
213,I love the 3D campus tour on the website.,Valid,Website,Positive
214,Street lights are broken near the South gate.,Valid,Security,Negative
215,The new Java professor is very knowledgeable.,Valid,Academics,Positive
216,Gym rules are clearly posted on the main door.,Valid,Sports,Neutral
217,Leaking faucet in the mechanical washroom fixed.,Valid,Maintenance,Positive
218,Shuttle bus is always overcrowded after 5 PM.,Valid,Transport,Negative
219,The finance office is located in Block C.,Valid,Administration,Neutral
220,0011223344,Invalid,Uncategorized,Neutral
221,Librarian is very helpful with thesis formatting.,Valid,Library,Positive
222,Canteen tables are never cleaned during lunch.,Valid,Canteen,Negative
223,The online admission form was easy to fill.,Valid,Website,Positive
224,The campus feels secure due to night cameras.,Valid,Security,Positive
225,The lab syllabus is consistent with the theory.,Valid,Academics,Neutral
226,There is a broken chair in the computer center.,Valid,Maintenance,Negative
227,New cricket bats are of high quality.,Valid,Sports,Positive
228,The transport fee hike is not justified.,Valid,Transport,Negative
229,The registrar solved my query about the degree.,Valid,Administration,Positive
230,////////////////,Invalid,Uncategorized,Neutral
231,Library is missing the latest Matlab manuals.,Valid,Library,Negative
232,Canteen breakfast is served until 9:30 AM.,Valid,Canteen,Neutral
233,The mobile version of the portal is very laggy.,Valid,Website,Negative
234,Security should check all vehicle stickers.,Valid,Security,Neutral
235,The Big Data course is very industry-oriented.,Valid,Academics,Positive
236,The floor of the tennis court is cracked.,Valid,Sports,Negative
237,Elevators are now being serviced every month.,Valid,Maintenance,Positive
238,The bus driver is very polite to students.,Valid,Transport,Positive
239,The waiting time at the admin window is long.,Valid,Administration,Negative
240,a b c d e f g,Invalid,Uncategorized,Neutral
241,Library study pods are perfect for group work.,Valid,Library,Positive
242,The canteen lunch was extremely salty today.,Valid,Canteen,Negative
243,College website is updated with exam news daily.,Valid,Website,Positive
244,Are the fire extinguishers checked regularly?,Valid,Security,Neutral
245,The grading for Humanities is very inconsistent.,Valid,Academics,Negative
246,The cricket ground is open for evening practice.,Valid,Sports,Neutral
247,Liquid soap is missing in the workshop sinks.,Valid,Maintenance,Negative
248,The new buses have very comfortable seats.,Valid,Transport,Positive
249,The Dean's assistant is very efficient.,Valid,Administration,Positive
250,row_marker_250,Invalid,Uncategorized,Neutral
251,The library has an excellent coding section.,Valid,Library,Positive
252,The canteen chairs are just okay not great.,Valid,Canteen,Neutral
253,I cannot log in to the student result portal.,Valid,Website,Negative
254,Security guard helped me park my bike properly.,Valid,Security,Positive
255,The technical communication lecture was average.,Valid,Academics,Neutral
256,The window in the fluid mechanics lab is stuck.,Valid,Maintenance,Negative
257,The gym equipment is state-of-the-art.,Valid,Sports,Positive
258,Bus stops are located near every major block.,Valid,Transport,Neutral
259,Admin office never answers the telephone.,Valid,Administration,Negative
260,type_test_66,Invalid,Uncategorized,Neutral
261,Library needs more copies of the DBMS book.,Valid,Library,Negative
262,The sandwiches in the canteen are just average.,Valid,Canteen,Neutral
263,Portal loading speed has improved a lot.,Valid,Website,Positive
264,Saw an unauthorized person near the server room.,Valid,Security,Negative
265,The electronics lab assistant is very helpful.,Valid,Academics,Positive
266,Football ground is closed for maintenance work.,Valid,Sports,Neutral
267,New white paint in the lobby looks very bright.,Valid,Maintenance,Positive
268,The shuttle bus AC is not cooling effectively.,Valid,Transport,Negative
269,Office hours for the accountant are 10 to 4.,Valid,Administration,Neutral
270,9999988888,Invalid,Uncategorized,Neutral
271,Accessing ebooks via the library site is easy.,Valid,Library,Positive
272,Canteen tables are always sticky and dirty.,Valid,Canteen,Negative
273,The new website layout is very professional.,Valid,Website,Positive
274,The main gate biometric is not recognizing me.,Valid,Security,Negative
275,The VLSI syllabus is very comprehensive.,Valid,Academics,Neutral
276,Water pressure in the second-floor restroom is low.,Valid,Maintenance,Negative
277,Swimming pool water is treated and clean.,Valid,Sports,Positive
278,The bus route now covers the railway station.,Valid,Transport,Positive
279,ID card renewal takes a very long time.,Valid,Administration,Negative
280,# # # # #,Invalid,Uncategorized,Neutral
281,Hard to find a seat in the library after 10 AM.,Valid,Library,Negative
282,The canteen tea is the best part of the day.,Valid,Canteen,Positive
283,Font size on the placement portal is too small.,Valid,Website,Negative
284,Security staff is very professional here.,Valid,Security,Positive
285,The seminar on cloud computing was very useful.,Valid,Academics,Positive
286,The basketball is missing from the court area.,Valid,Sports,Negative
287,All fans in the auditorium are now working.,Valid,Maintenance,Positive
288,Digital bus timing display is not accurate.,Valid,Transport,Negative
289,Finance staff helped me with my loan papers.,Valid,Administration,Positive
290,test_row_290,Invalid,Uncategorized,Neutral
291,Like the new technical magazine section.,Valid,Library,Positive
292,Canteen runs out of fresh fruit by noon.,Valid,Canteen,Negative
293,The fee payment link is currently broken.,Valid,Website,Negative
294,Need more security near the bicycle stands.,Valid,Security,Neutral
295,The signals professor is late for every class.,Valid,Academics,Negative
296,All treadmills in the gym are brand new.,Valid,Sports,Positive
297,Bad smell coming from the chemistry drainage.,Valid,Maintenance,Negative
298,Bus driver always stays within the speed limit.,Valid,Transport,Positive
299,Degree verification process takes two weeks.,Valid,Administration,Neutral
300,10101010101010,Invalid,Uncategorized,Neutral
301,The library’s digital database is lightning fast.,Valid,Library,Positive
302,The canteen rice was soggy and tasteless today.,Valid,Canteen,Negative
303,The link for the syllabus download is broken.,Valid,Website,Negative
304,Security patrol is very active near the labs.,Valid,Security,Positive
305,The EM lecture was very informative today.,Valid,Academics,Neutral
306,The ceiling fan in the workshop is shaking.,Valid,Maintenance,Negative
307,The college sports fest was a huge success.,Valid,Sports,Positive
308,The bus routes are the same this semester.,Valid,Transport,Neutral
309,Admin staff misplaced my original mark sheet.,Valid,Administration,Negative
310,hello_world_test,Invalid,Uncategorized,Neutral
311,Library books are in very bad physical shape.,Valid,Library,Negative
312,Prices in the canteen are very student-friendly.,Valid,Canteen,Neutral
313,The interactive campus map is very helpful.,Valid,Website,Positive
314,Street lights are not working near the gate.,Valid,Security,Negative
315,The new professor for DSP is brilliant.,Valid,Academics,Positive
316,Gym timing is posted clearly on the portal.,Valid,Sports,Neutral
317,The leaking pipe in the lab was finally fixed.,Valid,Maintenance,Positive
318,Shuttle bus is always too full during peaks.,Valid,Transport,Negative
319,The scholarship office is in the admin block.,Valid,Administration,Neutral
320,data_point_320,Invalid,Uncategorized,Neutral
321,Librarian makes finding research papers easy.,Valid,Library,Positive
322,Canteen is overcrowded during the 1 PM break.,Valid,Canteen,Negative
323,The online registration was very smooth.,Valid,Website,Positive
324,I feel safe with the increased night lighting.,Valid,Security,Positive
325,The lab manual matches the current syllabus.,Valid,Academics,Neutral
326,Broken desk in the electronics workshop.,Valid,Maintenance,Negative
327,Sports equipment provided is of high quality.,Valid,Sports,Positive
328,The transport fee for this year is too high.,Valid,Transport,Negative
329,The registrar was helpful with my certificate.,Valid,Administration,Positive
330,....................,Invalid,Uncategorized,Neutral
331,Library lacks the latest power electronics books.,Valid,Library,Negative
332,Breakfast in the canteen starts at 8 AM sharp.,Valid,Canteen,Neutral
333,The mobile version of the site is very slow.,Valid,Website,Negative
334,Security needs to check guest entries better.,Valid,Security,Neutral
335,The machine learning lab is very practical.,Valid,Academics,Positive
336,Tennis court floor has many deep cracks.,Valid,Sports,Negative
337,The elevators are being serviced on time now.,Valid,Maintenance,Positive
338,The bus driver is very polite and helpful.,Valid,Transport,Positive
339,Waiting time for transcripts is way too long.,Valid,Administration,Negative
340,random_code_xyz,Invalid,Uncategorized,Neutral
341,Library study rooms are very quiet and cool.,Valid,Library,Positive
342,The canteen lunch was very greasy today.,Valid,Canteen,Negative
343,The college website news is updated daily.,Valid,Website,Positive
344,Are the fire alarms tested every month?,Valid,Security,Neutral
345,Sociology grading is very unfair and random.,Valid,Academics,Negative
346,Cricket ground is open for student practice.,Valid,Sports,Neutral
347,Soap is missing from the main block restroom.,Valid,Maintenance,Negative
348,Bus seats are very clean and comfortable.,Valid,Transport,Positive
349,The Dean's office staff is very professional.,Valid,Administration,Positive
350,test_row_350,Invalid,Uncategorized,Neutral
351,Library has a very good collection of novels.,Valid,Library,Positive
352,Canteen chairs are standard and comfortable.,Valid,Canteen,Neutral
353,I cannot log in to the student portal today.,Valid,Website,Negative
354,Security guard helped me with my flat tire.,Valid,Security,Positive
355,The technical seminar was quite average.,Valid,Academics,Neutral
356,The window in Room 402 is stuck shut.,Valid,Maintenance,Negative
357,Gym facilities are among the best in the city.,Valid,Sports,Positive
358,Bus stops are located at very useful points.,Valid,Transport,Neutral
359,Admin office never picks up the phone.,Valid,Administration,Negative
360,--- --- --- ---,Invalid,Uncategorized,Neutral
361,Library needs more copies of the Calculus book.,Valid,Library,Negative
362,Canteen snacks are just okay nothing more.,Valid,Canteen,Neutral
363,Portal loading speed has improved recently.,Valid,Website,Positive
364,Unauthorized person seen near the girl's lab.,Valid,Security,Negative
365,The digital electronics assistant is great.,Valid,Academics,Positive
366,Football ground is currently being leveled.,Valid,Sports,Neutral
367,New paint in the workshop looks very clean.,Valid,Maintenance,Positive
368,Shuttle bus AC is not working today.,Valid,Transport,Negative
369,Office hours for the clerk are 9 AM to 5 PM.,Valid,Administration,Neutral
370,q w e r t y u i,Invalid,Uncategorized,Neutral
371,E-book access through library portal is easy.,Valid,Library,Positive
372,Sticky tables in the canteen need cleaning.,Valid,Canteen,Negative
373,The mobile app layout is very user friendly.,Valid,Website,Positive
374,Entrance gate biometric sensor is broken.,Valid,Security,Negative
375,The microeconomics syllabus is well rounded.,Valid,Academics,Neutral
376,Low water pressure in the sports block.,Valid,Maintenance,Negative
377,Swimming pool water is always warm enough.,Valid,Sports,Positive
378,Glad the bus route covers the metro station.,Valid,Transport,Positive
379,ID card renewal is a very slow process.,Valid,Administration,Negative
380,????????????????,Invalid,Uncategorized,Neutral
381,Hard to find a library seat at peak hours.,Valid,Library,Negative
382,Canteen tea is very high quality and cheap.,Valid,Canteen,Positive
383,Font size on the website is way too small.,Valid,Website,Negative
384,Security is very professional on this campus.,Valid,Security,Positive
385,The seminar on network security was great.,Valid,Academics,Positive
386,Basketball is missing from the court room.,Valid,Sports,Negative
387,All fans in Lab 1 are now fixed and working.,Valid,Maintenance,Positive
388,Bus timing display is not very accurate.,Valid,Transport,Negative
389,Finance staff was very helpful with my fees.,Valid,Administration,Positive
390,( ( ( ) ) ) ( (,Invalid,Uncategorized,Neutral
391,I like the new science magazine section.,Valid,Library,Positive
392,Canteen runs out of fresh juices very fast.,Valid,Canteen,Negative
393,The fee payment link is currently offline.,Valid,Website,Negative
394,Need more guards near the vehicle parking.,Valid,Security,Neutral
395,Professor is late for every single lecture.,Valid,Academics,Negative
396,Treadmills in the gym are brand new now.,Valid,Sports,Positive
397,Bad smell near the chemistry waste area.,Valid,Maintenance,Negative
398,Bus driver always follows the speed limits.,Valid,Transport,Positive
399,Transcript verification takes three weeks.,Valid,Administration,Neutral
400,row_end_400_check,Invalid,Uncategorized,Neutral
401,Accessing IEEE papers is very easy now.,Valid,Library,Positive
402,Canteen floors are always wet and dangerous.,Valid,Canteen,Negative
403,The website's color theme is quite boring.,Valid,Website,Neutral
404,Security staff returned my lost wallet today.,Valid,Security,Positive
405,The electrical lecture was standard today.,Valid,Academics,Neutral
406,Hand dryers in the restrooms are all broken.,Valid,Maintenance,Negative
407,The basketball hoops are at different heights.,Valid,Sports,Negative
408,Shuttle bus frequency is very good this week.,Valid,Transport,Positive
409,Administrative forms are very hard to fill.,Valid,Administration,Negative
410,hi hi hi hi hi,Invalid,Uncategorized,Neutral
411,The library’s fiction section needs updates.,Valid,Library,Negative
412,The food variety at the canteen is decent.,Valid,Canteen,Neutral
413,The college newsletter link is working fine.,Valid,Website,Positive
414,Saw a broken lock on the back store door.,Valid,Security,Negative
415,Our programming professor explains very well.,Valid,Academics,Positive
416,The gym locker room always smells damp.,Valid,Sports,Negative
417,Maintenance staff are very hardworking here.,Valid,Maintenance,Positive
418,The bus driver was quite rude this morning.,Valid,Transport,Negative
419,Transcript requests are handled in five days.,Valid,Administration,Neutral
420,batch_data_420,Invalid,Uncategorized,Neutral
421,I love the new reading area in the library.,Valid,Library,Positive
422,The canteen coffee is always too bitter.,Valid,Canteen,Negative
423,The website search bar is hard to find.,Valid,Website,Negative
424,Security patrols are very frequent at night.,Valid,Security,Positive
425,The humanities readings are way too long.,Valid,Academics,Neutral
426,A ceiling tile is missing in the workshop.,Valid,Maintenance,Negative
427,The tennis court surface is very smooth.,Valid,Sports,Positive
428,The college bus was 40 minutes late today.,Valid,Transport,Negative
429,The registrar's staff was very professional.,Valid,Administration,Positive
430,! @ # $ % ^ &,Invalid,Uncategorized,Neutral
431,Library staff helped me find a rare book.,Valid,Library,Positive
432,The canteen runs out of spoons by 1 PM.,Valid,Canteen,Negative
433,The campus map on the site is very old.,Valid,Website,Negative
434,The security gate is always well-guarded.,Valid,Security,Positive
435,The math midterm results were very late.,Valid,Academics,Negative
436,The football team's practice is at 5 PM.,Valid,Sports,Neutral
437,All the hallway lights are working today.,Valid,Maintenance,Positive
438,The shuttle bus route is very convenient.,Valid,Transport,Positive
439,The admin office queue is always too long.,Valid,Administration,Negative
440,test test test 440,Invalid,Uncategorized,Neutral
441,I enjoy the silence of the library pods.,Valid,Library,Positive
442,The canteen water tastes like plastic today.,Valid,Canteen,Negative
443,The portal layout is very standard and clean.,Valid,Website,Neutral
444,Security helped me jump-start my car.,Valid,Security,Positive
445,The history professor is very engaging.,Valid,Academics,Positive
446,The sports locker keys are often missing.,Valid,Sports,Negative
447,The lab equipment is kept very clean now.,Valid,Maintenance,Positive
448,The bus driver was talking on his phone.,Valid,Transport,Negative
449,Degree certificates were issued very quickly.,Valid,Administration,Positive
450,batch_marker_450,Invalid,Uncategorized,Neutral
451,The library has all the core textbooks now.,Valid,Library,Positive
452,Canteen chairs are very uncomfortable now.,Valid,Canteen,Negative
453,The login button on the portal is broken.,Valid,Website,Negative
454,Security was very alert during the tech fest.,Valid,Security,Positive
455,The physics lab session was just average.,Valid,Academics,Neutral
456,There is a leak in the workshop sink area.,Valid,Maintenance,Negative
457,The indoor badminton net is currently torn.,Valid,Sports,Negative
458,The college bus is always on time here.,Valid,Transport,Positive
459,Scholarship info was very clearly given.,Valid,Administration,Positive
460,****************,Invalid,Uncategorized,Neutral
461,I found the technical paper I needed.,Valid,Library,Positive
462,Canteen tea is lukewarm every single day.,Valid,Canteen,Negative
463,The result page took too long to load up.,Valid,Website,Negative
464,I feel safe in the parking lot at night.,Valid,Security,Positive
465,The logic design course is very easy.,Valid,Academics,Positive
466,The sports ground is quite muddy today.,Valid,Sports,Negative
467,The elevator was fixed in under two hours.,Valid,Maintenance,Positive
468,The bus pass price is too high for students.,Valid,Transport,Negative
469,The finance desk staff was very helpful.,Valid,Administration,Positive
470,data_set_470_end,Invalid,Uncategorized,Neutral
471,The library catalog is very intuitive now.,Valid,Library,Positive
472,Canteen meals are neither good nor bad.,Valid,Canteen,Neutral
473,The website news is not up to date now.,Valid,Website,Negative
474,Security was professional during the fire.,Valid,Security,Positive
475,The calculus lecture was very boring today.,Valid,Academics,Negative
476,The football is flat in the equipment room.,Valid,Sports,Negative
477,Classroom fans are making a loud noise.,Valid,Maintenance,Negative
478,The shuttle service is very reliable here.,Valid,Transport,Positive
479,The registrar office is closed today.,Valid,Administration,Negative
480,/ / / / / / / /,Invalid,Uncategorized,Neutral
481,I love the ebook collection of the library.,Valid,Library,Positive
482,Canteen staff are very slow to serve us.,Valid,Canteen,Negative
483,The password reset link is not working.,Valid,Website,Negative
484,Security cameras are clearly visible now.,Valid,Security,Positive
485,Course materials are very detailed and good.,Valid,Academics,Positive
486,Gym lacks a good set of dumbbells now.,Valid,Sports,Negative
487,All classroom windows were cleaned today.,Valid,Maintenance,Positive
488,The bus was too full to board this morning.,Valid,Transport,Negative
489,The Dean gave us a very warm welcome.,Valid,Administration,Positive
490,500_reset_marker_1,Invalid,Uncategorized,Neutral
491,Library is the best place to study on campus.,Valid,Library,Positive
492,Canteen hygiene is just at a standard level.,Valid,Canteen,Neutral
493,The contact form on the site is broken.,Valid,Website,Negative
494,Security checked my car very thoroughly.,Valid,Security,Positive
495,The math midterm was extremely difficult.,Valid,Academics,Negative
496,Cricket field is very well maintained now.,Valid,Sports,Positive
497,The faucet in the lab is dripping again.,Valid,Maintenance,Negative
498,Bus driver follows the safe route daily.,Valid,Transport,Positive
499,Admissions office is open until 4 PM.,Valid,Administration,Neutral
500,final_row_500_check,Invalid,Uncategorized,Neutral
501,The high-speed internet in the computer center is very stable.,Valid,Website,Positive
502,The lathe machines in the mechanical workshop are vibrating too much.,Valid,Academics,Negative
503,The library digital portal is not accepting my login credentials.,Valid,Library,Negative
504,Security guards helped guide the visitors during the tech fest.,Valid,Security,Positive
505,The canteen food is quite oily but the quantity is good.,Valid,Canteen,Neutral
506,The projector in Seminar Hall 2 has a very dim bulb.,Valid,Maintenance,Negative
507,The basketball court floor was recently polished.,Valid,Sports,Positive
508,College buses now follow a GPS tracking system.,Valid,Transport,Positive
509,The administrative staff was very slow with my scholarship form.,Valid,Administration,Negative
510,hello hello 123,Invalid,Uncategorized,Neutral
511,I love the new arrivals section in the engineering library.,Valid,Library,Positive
512,Canteen lunch is served from 12:30 to 2:30 daily.,Valid,Canteen,Neutral
513,The website's placement statistics page is very impressive.,Valid,Website,Positive
514,The street lights near the north gate are flickering.,Valid,Security,Negative
515,The power electronics lab has brand new oscilloscopes.,Valid,Academics,Positive
516,Gym equipment is being sanitized every two hours.,Valid,Sports,Neutral
517,Maintenance fixed the broken window in the physics lab.,Valid,Maintenance,Positive
518,The shuttle bus was 15 minutes late this morning.,Valid,Transport,Negative
519,The registrar's office has moved to the ground floor.,Valid,Administration,Neutral
520,system error 520,Invalid,Uncategorized,Neutral
521,The library’s online cataloging system is very efficient.,Valid,Library,Positive
522,The seating in the canteen is way too cramped.,Valid,Canteen,Negative
523,The fee payment confirmation was sent to my email instantly.,Valid,Website,Positive
524,I feel safe with the increased night patrol guards.,Valid,Security,Positive
525,The semester exam pattern is standard and fair.,Valid,Academics,Neutral
526,The floor tiles in the main corridor are cracked.,Valid,Maintenance,Negative
527,The swimming pool is very well maintained this month.,Valid,Sports,Positive
528,The transport pass is not valid for the weekend shuttle.,Valid,Transport,Negative
529,Administrative staff processed my bonafide request quickly.,Valid,Administration,Positive
530,///////////////////,Invalid,Uncategorized,Neutral
531,The library is missing the latest edition of the Java textbook.,Valid,Library,Negative
532,Canteen breakfast is served until 9:45 AM.,Valid,Canteen,Neutral
533,The mobile version of the college portal is very buggy.,Valid,Website,Negative
534,Security should check all student ID cards at the gate.,Valid,Security,Neutral
535,The machine learning workshop was very hands-on.,Valid,Academics,Positive
536,The tennis court net is sagging and needs repair.,Valid,Sports,Negative
537,The air conditioning in the CAD lab is working perfectly.,Valid,Maintenance,Positive
538,The bus driver is always professional and on time.,Valid,Transport,Positive
539,The queue for the dean's signature is far too long.,Valid,Administration,Negative
540,abc def ghi jkl,Invalid,Uncategorized,Neutral
541,The library’s new scanning machine is a great addition.,Valid,Library,Positive
542,The soup in the canteen was way too salty today.,Valid,Canteen,Negative
543,The college newsletter is updated on the site every Friday.,Valid,Website,Positive
544,Is the security desk open during the lunch hour?,Valid,Security,Neutral
545,The mathematics professor gives very little feedback on tests.,Valid,Academics,Negative
546,The cricket ground is watered every single evening.,Valid,Sports,Neutral
547,The soap dispenser in the admin block is empty.,Valid,Maintenance,Negative
548,The bus interior is always kept very clean.,Valid,Transport,Positive
549,The office staff provided very clear instructions for the exam.,Valid,Administration,Positive
550,input_data_550,Invalid,Uncategorized,Neutral
551,The library indexing makes finding research papers easy.,Valid,Library,Positive
552,Canteen chairs are a bit too high for the tables.,Valid,Canteen,Neutral
553,I cannot upload my project report to the student portal.,Valid,Website,Negative
554,Security staff helped me find my lost backpack.,Valid,Security,Positive
555,The sociology elective lecture was quite standard.,Valid,Academics,Neutral
556,The classroom door handle in Room 101 is loose.,Valid,Maintenance,Negative
557,The indoor sports hall is perfect for badminton.,Valid,Sports,Positive
558,Bus stops are located at very convenient campus points.,Valid,Transport,Neutral
559,Admin staff never answer their office extensions.,Valid,Administration,Negative
560,error log 560,Invalid,Uncategorized,Negative
561,Library needs more copies of the Thermal Engineering book.,Valid,Library,Negative
562,The lunch specials were just average this week.,Valid,Canteen,Neutral
563,The online portal is much faster after the server upgrade.,Valid,Website,Positive
564,I saw a stranger wandering near the faculty rooms.,Valid,Security,Negative
565,The chemistry lab manual is very clear and concise.,Valid,Academics,Positive
566,The sports field is closed for seasonal maintenance.,Valid,Sports,Neutral
567,The new green paint in the lobby looks very fresh.,Valid,Maintenance,Positive
568,The shuttle bus ventilation was not working today.,Valid,Transport,Negative
569,Office hours for the bursar are 10 AM to 3 PM.,Valid,Administration,Neutral
570,00000 11111 22222,Invalid,Uncategorized,Neutral
571,Accessing IEEE journals via the college IP is easy.,Valid,Library,Positive
572,The canteen floor is always greasy near the counter.,Valid,Canteen,Negative
573,I really enjoy the new features on the college app.,Valid,Website,Positive
574,The exit gate biometric is not working correctly.,Valid,Security,Negative
575,The history of science syllabus is fairly comprehensive.,Valid,Academics,Neutral
576,Water pressure in the main block washrooms is very low.,Valid,Maintenance,Negative
577,The swimming pool is maintained at a good temperature.,Valid,Sports,Positive
578,I am glad the bus route now includes the city center.,Valid,Transport,Positive
579,Getting a transcript from the office is a very slow process.,Valid,Administration,Negative
580,##########,Invalid,Uncategorized,Neutral
581,Finding a quiet seat in the library is a daily struggle.,Valid,Library,Negative
582,Canteen snacks are very affordable for students.,Valid,Canteen,Positive
583,The website's font contrast is not good for reading.,Valid,Website,Negative
584,Security guards are very helpful with directions.,Valid,Security,Positive
585,The guest lecture on AI and Ethics was amazing.,Valid,Academics,Positive
586,The basketballs are all flat in the equipment room.,Valid,Sports,Negative
587,All the ceiling fans in Hall A are now fixed.,Valid,Maintenance,Positive
588,The bus destination signs are very hard to see at night.,Valid,Transport,Negative
589,The staff at the help desk was very professional.,Valid,Administration,Positive
590,test_row_590,Invalid,Uncategorized,Neutral
591,I like the new technical journals shelf in the library.,Valid,Library,Positive
592,The canteen runs out of cold water by early afternoon.,Valid,Canteen,Negative
593,The student result portal is down for maintenance again.,Valid,Website,Negative
594,We need better lighting near the student parking lot.,Valid,Security,Neutral
595,The professor is always late for the Monday morning class.,Valid,Academics,Negative
596,The gym has a lot of new weightlifting equipment.,Valid,Sports,Positive
597,There is a strange smell in the chemistry hallway.,Valid,Maintenance,Negative
598,The bus driver always follows the speed limit.,Valid,Transport,Positive
599,Degree verification takes about ten working days.,Valid,Administration,Neutral
600,row_600_end,Invalid,Uncategorized,Neutral
601,The library’s silent zone is perfectly quiet for study.,Valid,Library,Positive
602,The canteen food was very oily and cold today.,Valid,Canteen,Negative
603,I cannot update my profile photo on the student site.,Valid,Website,Negative
604,Security guards guided me to the correct exam hall.,Valid,Security,Positive
605,The midterm exam schedule is quite balanced this year.,Valid,Academics,Neutral
606,The sink in the washroom is leaking water again.,Valid,Maintenance,Negative
607,The basketball coach is very encouraging to new players.,Valid,Sports,Positive
608,The bus stops are clearly marked across campus.,Valid,Transport,Neutral
609,Admin office lost my scholarship application papers.,Valid,Administration,Negative
610,hi hi hi 610,Invalid,Uncategorized,Positive
611,The library needs more chairs for the reading room.,Valid,Library,Negative
612,Canteen staff are very friendly to the students.,Valid,Canteen,Positive
613,The website's academic calendar is updated monthly.,Valid,Website,Neutral
614,I saw an open gate with no security guard nearby.,Valid,Security,Negative
615,The new circuits lab is very high-tech and modern.,Valid,Academics,Positive
616,The gym machines are quite old but still working.,Valid,Sports,Neutral
617,Maintenance fixed the broken window in Room 305.,Valid,Maintenance,Positive
618,The shuttle bus was too crowded for me to board.,Valid,Transport,Negative
619,Admin building is located near the main entrance gate.,Valid,Administration,Neutral
620,zzzzzzz 620,Invalid,Uncategorized,Neutral
621,The library ebook portal is very efficient for research.,Valid,Library,Positive
622,Canteen coffee is way too expensive for students.,Valid,Canteen,Negative
623,The online admission portal is very fast and easy.,Valid,Website,Positive
624,Guards should check vehicle stickers more carefully.,Valid,Security,Neutral
625,The career counselor gave me great advice today.,Valid,Academics,Positive
626,The sports field is open until 8 PM every day.,Valid,Sports,Neutral
627,There is a flickering light in the main hallway.,Valid,Maintenance,Negative
628,The transport service covers the entire city area.,Valid,Transport,Positive
629,The registrar's staff were quite rude to me today.,Valid,Administration,Negative
630,!? !? 630,Invalid,Uncategorized,Neutral
631,The library catalog is very hard to navigate online.,Valid,Library,Negative
632,The canteen opens at 8:30 AM every weekday.,Valid,Canteen,Neutral
633,I can’t find the updated syllabus on the college site.,Valid,Website,Negative
634,Security helped me find my misplaced scientific calculator.,Valid,Security,Positive
635,The fluid mechanics lecture was very confusing.,Valid,Academics,Negative
636,The football team is practicing for the inter-college finals.,Valid,Sports,Positive
637,The elevators in the main block were fixed quickly.,Valid,Maintenance,Positive
638,The bus is always clean when I board in the morning.,Valid,Transport,Positive
639,The admin queue is much shorter on Friday afternoons.,Valid,Administration,Neutral
640,@@@@@ 640,Invalid,Uncategorized,Neutral
641,I found the specific engineering journal I needed.,Valid,Library,Positive
642,The canteen runs out of vegetarian snacks too early.,Valid,Canteen,Negative
643,The website loads very fast even on mobile data.,Valid,Website,Positive
644,We need more security patrolling the parking area.,Valid,Security,Neutral
645,The thermodynamics lab assistant explains things well.,Valid,Academics,Positive
646,The cricket pitch is currently very muddy and unusable.,Valid,Sports,Negative
647,The soap dispenser in the lab restroom is empty.,Valid,Maintenance,Negative
648,The bus driver is always very careful and safe.,Valid,Transport,Positive
649,The finance desk staff was very efficient today.,Valid,Administration,Positive
650,00000 650,Invalid,Uncategorized,Neutral
651,The library silence is strictly enforced and appreciated.,Valid,Library,Positive
652,The canteen lunch meal is neither good nor bad.,Valid,Canteen,Neutral
653,The result page is showing a database connection error.,Valid,Website,Negative
654,Security staff made me feel very safe during the night.,Valid,Security,Positive
655,The lecture hall was freezing cold this morning.,Valid,Academics,Negative
656,The tennis court is free for use on Wednesday evenings.,Valid,Sports,Neutral
657,The broken window in the CAD lab was replaced.,Valid,Maintenance,Positive
658,The bus route is missing a stop near the new hostel.,Valid,Transport,Negative
659,The dean's office is open for students from 11 AM.,Valid,Administration,Neutral
660,####### 660,Invalid,Uncategorized,Neutral
661,I wish the library had more copies of the HVAC textbook.,Valid,Library,Negative
662,The canteen snacks are very fresh and hot today.,Valid,Canteen,Positive
663,The login button on the portal is not responding.,Valid,Website,Negative
664,Security checked my student ID very politely.,Valid,Security,Positive
665,The microprocessors course is extremely interesting.,Valid,Academics,Positive
666,The sports locker room always smells a bit damp.,Valid,Sports,Negative
667,All the hallway lights in the admin block are working.,Valid,Maintenance,Positive
668,The shuttle bus AC is working perfectly this week.,Valid,Transport,Positive
669,It took five days to get my library card replaced.,Valid,Administration,Negative
670,a1b2c3d4 670,Invalid,Uncategorized,Neutral
671,The library’s new ebook collection is a great resource.,Valid,Library,Positive
672,The canteen serves hot meals until 3:30 PM.,Valid,Canteen,Neutral
673,I love the new layout of the exam result portal.,Valid,Website,Positive
674,There is a security blind spot near the workshop exit.,Valid,Security,Negative
675,The environmental engineering professor is very engaging.,Valid,Academics,Positive
676,The badminton nets were set at the correct height.,Valid,Sports,Neutral
677,The lab equipment needs much better maintenance.,Valid,Maintenance,Negative
678,I like that the college bus always arrives on time.,Valid,Transport,Positive
679,The admin staff was helpful with my migration form.,Valid,Administration,Positive
680,******* 680,Invalid,Uncategorized,Neutral
681,The library study rooms are often fully booked.,Valid,Library,Negative
682,The canteen samosas are very crispy and good.,Valid,Canteen,Positive
683,The website text is too small and hard to read.,Valid,Website,Negative
684,Security patrols are visible every hour on the hour.,Valid,Security,Positive
685,The seminar on 5G technology was truly inspiring.,Valid,Academics,Positive
686,The volleyball is missing from the equipment bin.,Valid,Sports,Negative
687,The fans in the lecture hall are working well now.,Valid,Maintenance,Positive
688,The bus driver was very rude to me this morning.,Valid,Transport,Negative
689,Transcript processing is much faster than last year.,Valid,Administration,Positive
690,system test 690,Invalid,Uncategorized,Neutral
691,I appreciate the absolute quiet in the library.,Valid,Library,Positive
692,The canteen lunch price is fair for the quality.,Valid,Canteen,Neutral
693,The online registration portal is down for repair.,Valid,Website,Negative
694,Security cameras should be added to the bike stand.,Valid,Security,Neutral
695,The internal assessment exam was way too long.,Valid,Academics,Negative
696,The gym has plenty of bench press space now.,Valid,Sports,Positive
697,The chemistry lab has a persistent chemical odor.,Valid,Maintenance,Negative
698,The bus driver follows all the speed limits.,Valid,Transport,Positive
699,Degree certificate verification takes five working days.,Valid,Administration,Neutral
700,check check 700,Invalid,Uncategorized,Neutral
701,hello,Invalid,Uncategorized,Neutral
702,how are you,Invalid,Uncategorized,Neutral
703,bye bye,Invalid,Uncategorized,Neutral
704,test message,Invalid,Uncategorized,Neutral
705,12345678,Invalid,Uncategorized,Neutral
706,help please,Invalid,Uncategorized,Neutral
707,what is this,Invalid,Uncategorized,Neutral
708,no no no,Invalid,Uncategorized,Negative
709,yes yes yes,Invalid,Uncategorized,Positive
710,okay then,Invalid,Uncategorized,Neutral
711,The library books are very dusty and old.,Valid,Library,Negative
712,The canteen smells very good today.,Valid,Canteen,Positive
713,The college website is currently down.,Valid,Website,Negative
714,Security is very tight at the gate.,Valid,Security,Positive
715,The morning classes are just okay.,Valid,Academics,Neutral
716,The restroom is very dirty today.,Valid,Maintenance,Negative
717,The gym facility is great for us.,Valid,Sports,Positive
718,The morning bus is always late.,Valid,Transport,Negative
719,The admin staff is very helpful.,Valid,Administration,Positive
720,random text 720,Invalid,Uncategorized,Neutral
721,The library is very quiet today.,Valid,Library,Positive
722,The canteen is very messy now.,Valid,Canteen,Negative
723,The website speed is very fast.,Valid,Website,Positive
724,The security guards are lazy.,Valid,Security,Negative
725,The lab teacher is very good.,Valid,Academics,Positive
726,The hallway light is broken.,Valid,Maintenance,Negative
727,The pool water is too cold.,Valid,Sports,Negative
728,The bus driver is very nice.,Valid,Transport,Positive
729,The office staff is very rude.,Valid,Administration,Negative
730,data data data 730,Invalid,Uncategorized,Neutral
731,I like the new library layout.,Valid,Library,Positive
732,The canteen water is quite warm.,Valid,Canteen,Negative
733,The website home page looks nice.,Valid,Website,Positive
734,Are the cameras even working?,Valid,Security,Neutral
735,The math exam was very easy.,Valid,Academics,Positive
736,The grass needs cutting soon.,Valid,Sports,Negative
737,The leaking tap is finally fixed.,Valid,Maintenance,Positive
738,The college bus is too small.,Valid,Transport,Negative
739,I finally got my new ID card.,Valid,Administration,Positive
740,. . . . . 740,Invalid,Uncategorized,Neutral
741,The library has no Wi-Fi today.,Valid,Library,Negative
742,The canteen food is very fresh.,Valid,Canteen,Positive
743,The syllabus link is broken.,Valid,Website,Negative
744,Security is very alert today.,Valid,Security,Positive
745,The evening lecture was long.,Valid,Academics,Neutral
746,The gym is closed for repairs.,Valid,Sports,Negative
747,The lobby wall is now painted.,Valid,Maintenance,Positive
748,The bus is air conditioned.,Valid,Transport,Positive
749,The admission fee is too high.,Valid,Administration,Negative
750,information 750,Invalid,Uncategorized,Neutral
751,The library has the latest magazines.,Valid,Library,Positive
752,The canteen is too crowded at 1 PM.,Valid,Canteen,Negative
753,The placement portal is very useful.,Valid,Website,Positive
754,Security guards are very strict.,Valid,Security,Neutral
755,The lab experiments are fun.,Valid,Academics,Positive
756,The ceiling is leaking in Lab 3.,Valid,Maintenance,Negative
757,The football is missing today.,Valid,Sports,Negative
758,The bus route is very long.,Valid,Transport,Neutral
759,The admin office is very fast.,Valid,Administration,Positive
760,!!!!!!!!!!!!!!!!,Invalid,Uncategorized,Neutral
761,I love studying in the library.,Valid,Library,Positive
762,Canteen tea is very bitter today.,Valid,Canteen,Negative
763,The website is easy to use.,Valid,Website,Positive
764,Security is not at the gate.,Valid,Security,Negative
765,The professor is very kind.,Valid,Academics,Positive
766,The lift is not working again.,Valid,Maintenance,Negative
767,The gym is open 24/7 now.,Valid,Sports,Positive
768,The bus seats are very hard.,Valid,Transport,Negative
769,The staff lost my application.,Valid,Administration,Negative
770,test 770 test,Invalid,Uncategorized,Neutral
771,The library is open on Sundays.,Valid,Library,Positive
772,Canteen food is very expensive.,Valid,Canteen,Negative
773,The online marks are wrong.,Valid,Website,Negative
774,Security patrol is very good.,Valid,Security,Positive
775,The lecture was very boring.,Valid,Academics,Negative
776,The water cooler is broken.,Valid,Maintenance,Negative
777,The cricket pitch is great.,Valid,Sports,Positive
778,The driver is always late.,Valid,Transport,Negative
779,The registrar is very helpful.,Valid,Administration,Positive
780,111 222 333,Invalid,Uncategorized,Neutral
781,The library has new computers.,Valid,Library,Positive
782,The canteen is very dirty now.,Valid,Canteen,Negative
783,The site is very slow today.,Valid,Website,Negative
784,Security is very professional.,Valid,Security,Positive
785,The course is very practical.,Valid,Academics,Positive
786,The washroom has no water.,Valid,Maintenance,Negative
787,The pool is clean today.,Valid,Sports,Positive
788,The bus is too crowded.,Valid,Transport,Negative
789,The dean is very polite.,Valid,Administration,Positive
790,type type type,Invalid,Uncategorized,Neutral
791,The library books are new.,Valid,Library,Positive
792,The canteen food is oily.,Valid,Canteen,Negative
793,The portal is very fast.,Valid,Website,Positive
794,Security is very rude today.,Valid,Security,Negative
795,The lab is well equipped.,Valid,Academics,Positive
796,The fan is not working.,Valid,Maintenance,Negative
797,The gym is very small.,Valid,Sports,Negative
798,The bus is on time today.,Valid,Transport,Positive
799,The fee is very low.,Valid,Administration,Positive
800,row 800 row,Invalid,Uncategorized,Neutral
801,Finding engineering books is easy.,Valid,Library,Positive
802,The canteen lunch is terrible.,Valid,Canteen,Negative
803,The website keeps crashing now.,Valid,Website,Negative
804,The security guards are nice.,Valid,Security,Positive
805,The AI class is very hard.,Valid,Academics,Negative
806,The window is broken here.,Valid,Maintenance,Negative
807,The sports hall is great.,Valid,Sports,Positive
808,The bus is very old.,Valid,Transport,Negative
809,The clerk is very slow.,Valid,Administration,Negative
810,hi 810 hi,Invalid,Uncategorized,Neutral
811,The library has good Wi-Fi.,Valid,Library,Positive
812,The canteen is closed now.,Valid,Canteen,Negative
813,The login page is broken.,Valid,Website,Negative
814,Security is very alert now.,Valid,Security,Positive
815,The teacher is very late.,Valid,Academics,Negative
816,The tap is leaking again.,Valid,Maintenance,Negative
817,The gym is very clean.,Valid,Sports,Positive
818,The bus is very fast.,Valid,Transport,Positive
819,The office is very busy.,Valid,Administration,Neutral
820,abc 820 abc,Invalid,Uncategorized,Neutral
821,The library staff is nice.,Valid,Library,Positive
822,The canteen food is cold.,Valid,Canteen,Negative
823,The portal is down again.,Valid,Website,Negative
824,Security is very strict now.,Valid,Security,Neutral
825,The lecture was very good.,Valid,Academics,Positive
826,The room is very hot.,Valid,Maintenance,Negative
827,The pool is very deep.,Valid,Sports,Neutral
828,The driver is very rude.,Valid,Transport,Negative
829,The staff is very kind.,Valid,Administration,Positive
830,dot dot dot,Invalid,Uncategorized,Neutral
831,The library is very large.,Valid,Library,Positive
832,The canteen is very small.,Valid,Canteen,Negative
833,The site is very old.,Valid,Website,Negative
834,Security is very fast.,Valid,Security,Positive
835,The lab is very clean.,Valid,Academics,Positive
836,The lift is very slow.,Valid,Maintenance,Negative
837,The gym is very old.,Valid,Sports,Negative
838,The bus is very clean.,Valid,Transport,Positive
839,The fee is very high.,Valid,Administration,Negative
840,random 840 random,Invalid,Uncategorized,Neutral
841,The library is very far.,Valid,Library,Neutral
842,The canteen is very near.,Valid,Canteen,Positive
843,The site is very slow.,Valid,Website,Negative
844,Security is very good.,Valid,Security,Positive
845,The lab is very large.,Valid,Academics,Positive
846,The fan is very loud.,Valid,Maintenance,Negative
847,The gym is very new.,Valid,Sports,Positive
848,The bus is very late.,Valid,Transport,Negative
849,The office is very far.,Valid,Administration,Neutral
850,text 850 text,Invalid,Uncategorized,Neutral
851,Library has new journals.,Valid,Library,Positive
852,Canteen has no water.,Valid,Canteen,Negative
853,Website has no news.,Valid,Website,Negative
854,Security has no guards.,Valid,Security,Negative
855,Academics has no books.,Valid,Academics,Negative
856,Maintenance has no tools.,Valid,Maintenance,Negative
857,Sports has no balls.,Valid,Sports,Negative
858,Transport has no buses.,Valid,Transport,Negative
859,Administration has no staff.,Valid,Administration,Negative
860,no no no no,Invalid,Uncategorized,Negative
861,Library is great.,Valid,Library,Positive
862,Canteen is great.,Valid,Canteen,Positive
863,Website is great.,Valid,Website,Positive
864,Security is great.,Valid,Security,Positive
865,Academics is great.,Valid,Academics,Positive
866,Maintenance is great.,Valid,Maintenance,Positive
867,Sports is great.,Valid,Sports,Positive
868,Transport is great.,Valid,Transport,Positive
869,Administration is great.,Valid,Administration,Positive
870,yes yes yes yes,Invalid,Uncategorized,Positive
871,Library is bad.,Valid,Library,Negative
872,Canteen is bad.,Valid,Canteen,Negative
873,Website is bad.,Valid,Website,Negative
874,Security is bad.,Valid,Security,Negative
875,Academics is bad.,Valid,Academics,Negative
876,Maintenance is bad.,Valid,Maintenance,Negative
877,Sports is bad.,Valid,Sports,Negative
878,Transport is bad.,Valid,Transport,Negative
879,Administration is bad.,Valid,Administration,Negative
880,bad bad bad bad,Invalid,Uncategorized,Negative
881,Library is okay.,Valid,Library,Neutral
882,Canteen is okay.,Valid,Canteen,Neutral
883,Website is okay.,Valid,Website,Neutral
884,Security is okay.,Valid,Security,Neutral
885,Academics is okay.,Valid,Academics,Neutral
886,Maintenance is okay.,Valid,Maintenance,Neutral
887,Sports is okay.,Valid,Sports,Neutral
888,Transport is okay.,Valid,Transport,Neutral
889,Administration is okay.,Valid,Administration,Neutral
890,ok ok ok ok,Invalid,Uncategorized,Neutral
891,The library is open.,Valid,Library,Neutral
892,The canteen is open.,Valid,Canteen,Neutral
893,The website is open.,Valid,Website,Neutral
894,The security is open.,Valid,Security,Neutral
895,The lab is open.,Valid,Academics,Neutral
896,The room is open.,Valid,Maintenance,Neutral
897,The gym is open.,Valid,Sports,Neutral
898,The bus is open.,Valid,Transport,Neutral
899,The office is open.,Valid,Administration,Neutral
900,open open open,Invalid,Uncategorized,Neutral
901,The library is closed.,Valid,Library,Negative
902,The canteen is closed.,Valid,Canteen,Negative
903,The website is closed.,Valid,Website,Negative
904,The security is closed.,Valid,Security,Negative
905,The lab is closed.,Valid,Academics,Negative
906,The room is closed.,Valid,Maintenance,Negative
907,The gym is closed.,Valid,Sports,Negative
908,The bus is closed.,Valid,Transport,Negative
909,The office is closed.,Valid,Administration,Negative
910,closed closed closed,Invalid,Uncategorized,Negative
911,The library is new.,Valid,Library,Positive
912,The canteen is new.,Valid,Canteen,Positive
913,The website is new.,Valid,Website,Positive
914,The security is new.,Valid,Security,Positive
915,The lab is new.,Valid,Academics,Positive
916,The room is new.,Valid,Maintenance,Positive
917,The gym is new.,Valid,Sports,Positive
918,The bus is new.,Valid,Transport,Positive
919,The office is new.,Valid,Administration,Positive
920,new new new new,Invalid,Uncategorized,Positive
921,The library is old.,Valid,Library,Negative
922,The canteen is old.,Valid,Canteen,Negative
923,The website is old.,Valid,Website,Negative
924,The security is old.,Valid,Security,Negative
925,The lab is old.,Valid,Academics,Negative
926,The room is old.,Valid,Maintenance,Negative
927,The gym is old.,Valid,Sports,Negative
928,The bus is old.,Valid,Transport,Negative
929,The office is old.,Valid,Administration,Negative
930,old old old old,Invalid,Uncategorized,Negative
931,The library is clean.,Valid,Library,Positive
932,The canteen is clean.,Valid,Canteen,Positive
933,The website is clean.,Valid,Website,Positive
934,The security is clean.,Valid,Security,Positive
935,The lab is clean.,Valid,Academics,Positive
936,The room is clean.,Valid,Maintenance,Positive
937,The gym is clean.,Valid,Sports,Positive
938,The bus is clean.,Valid,Transport,Positive
939,The office is clean.,Valid,Administration,Positive
940,clean clean clean,Invalid,Uncategorized,Positive
941,The library is dirty.,Valid,Library,Negative
942,The canteen is dirty.,Valid,Canteen,Negative
943,The website is dirty.,Valid,Website,Negative
944,The security is dirty.,Valid,Security,Negative
945,The lab is dirty.,Valid,Academics,Negative
946,The room is dirty.,Valid,Maintenance,Negative
947,The gym is dirty.,Valid,Sports,Negative
948,The bus is dirty.,Valid,Transport,Negative
949,The office is dirty.,Valid,Administration,Negative
950,dirty dirty dirty,Invalid,Uncategorized,Negative
951,The library is fast.,Valid,Library,Positive
952,The canteen is fast.,Valid,Canteen,Positive
953,The website is fast.,Valid,Website,Positive
954,The security is fast.,Valid,Security,Positive
955,The lab is fast.,Valid,Academics,Positive
956,The room is fast.,Valid,Maintenance,Positive
957,The gym is fast.,Valid,Sports,Positive
958,The bus is fast.,Valid,Transport,Positive
959,The office is fast.,Valid,Administration,Positive
960,fast fast fast,Invalid,Uncategorized,Positive
961,The library is slow.,Valid,Library,Negative
962,The canteen is slow.,Valid,Canteen,Negative
963,The website is slow.,Valid,Website,Negative
964,The security is slow.,Valid,Security,Negative
965,The lab is slow.,Valid,Academics,Negative
966,The room is slow.,Valid,Maintenance,Negative
967,The gym is slow.,Valid,Sports,Negative
968,The bus is slow.,Valid,Transport,Negative
969,The office is slow.,Valid,Administration,Negative
970,slow slow slow,Invalid,Uncategorized,Negative
971,The library is loud.,Valid,Library,Negative
972,The canteen is loud.,Valid,Canteen,Negative
973,The website is loud.,Valid,Website,Negative
974,The security is loud.,Valid,Security,Negative
975,The lab is loud.,Valid,Academics,Negative
976,The room is loud.,Valid,Maintenance,Negative
977,The gym is loud.,Valid,Sports,Negative
978,The bus is loud.,Valid,Transport,Negative
979,The office is loud.,Valid,Administration,Negative
980,loud loud loud,Invalid,Uncategorized,Negative
981,The library is quiet.,Valid,Library,Positive
982,The canteen is quiet.,Valid,Canteen,Positive
983,The website is quiet.,Valid,Website,Positive
984,The security is quiet.,Valid,Security,Positive
985,The lab is quiet.,Valid,Academics,Positive
986,The room is quiet.,Valid,Maintenance,Positive
987,The gym is quiet.,Valid,Sports,Positive
988,The bus is quiet.,Valid,Transport,Positive
989,The office is quiet.,Valid,Administration,Positive
990,quiet quiet quiet,Invalid,Uncategorized,Positive
991,The library is dark.,Valid,Library,Negative
992,The canteen is dark.,Valid,Canteen,Negative
993,The website is dark.,Valid,Website,Negative
994,The security is dark.,Valid,Security,Negative
995,The lab is dark.,Valid,Academics,Negative
996,The room is dark.,Valid,Maintenance,Negative
997,The gym is dark.,Valid,Sports,Negative
998,The bus is dark.,Valid,Transport,Negative
999,The office is dark.,Valid,Administration,Negative
1000,dark dark dark,Invalid,Uncategorized,Negative
1001,The MATLAB license on the lab computers has expired.,Valid,Academics,Negative
1002,The canteen coffee machine has been broken for three days.,Valid,Canteen,Negative
1003,The placement cell portal is very easy to navigate.,Valid,Website,Positive
1004,Security should check the visitor logs more frequently.,Valid,Security,Neutral
1005,The library’s engineering section is very well organized.,Valid,Library,Positive
1006,The CNC machine in the workshop needs a software update.,Valid,Academics,Negative
1007,The sports room is missing several table tennis balls.,Valid,Sports,Negative
1008,The college bus was extremely late due to the engine fault.,Valid,Transport,Negative
1009,The administrative staff was helpful with my scholarship query.,Valid,Administration,Positive
1010,running_test_1010,Invalid,Uncategorized,Neutral
1011,The Wi-Fi in the library is too slow for downloading papers.,Valid,Library,Negative
1012,I like the new menu options in the student canteen.,Valid,Canteen,Positive
1013,The website's exam timetable page is very clear.,Valid,Website,Positive
1014,Night patrol near the girls' hostel has improved safety.,Valid,Security,Positive
1015,The microcontrollers lab has very helpful teaching assistants.,Valid,Academics,Positive
1016,The gym needs more heavy dumbbells for students.,Valid,Sports,Negative
1017,Maintenance fixed the leaking roof in the auditorium.,Valid,Maintenance,Positive
1018,The bus drivers are always polite and follow the route.,Valid,Transport,Positive
1019,Requesting a duplicate ID card is a very long process.,Valid,Administration,Negative
1020,null_pointer_exception,Invalid,Uncategorized,Negative
1021,The digital library database is a lifesaver for projects.,Valid,Library,Positive
1022,The canteen floor is often slippery during peak hours.,Valid,Canteen,Negative
1023,The online fee payment portal is very secure.,Valid,Website,Positive
1024,The security gate biometric is not reading my thumbprint.,Valid,Security,Negative
1025,The signal processing course is very challenging but good.,Valid,Academics,Positive
1026,The water cooler in the mechanical block is dirty.,Valid,Maintenance,Negative
1027,The cricket nets are in excellent condition this year.,Valid,Sports,Positive
1028,The transport department should increase bus frequency.,Valid,Transport,Neutral
1029,The registrar's office handled my transfer very smoothly.,Valid,Administration,Positive
1030,$$$$$$$$$$,Invalid,Uncategorized,Neutral
1031,There are not enough copies of the thermodynamics book.,Valid,Library,Negative
1032,The canteen food is affordable but lacks variety.,Valid,Canteen,Neutral
1033,The mobile app version of the portal keeps crashing.,Valid,Website,Negative
1034,Security guards are helpful during the college fest.,Valid,Security,Positive
1035,The workshop instructors are very knowledgeable.,Valid,Academics,Positive
1036,The volleyball court net is torn and needs fixing.,Valid,Sports,Negative
1037,All the lights in the drawing hall were replaced today.,Valid,Maintenance,Positive
1038,The bus route to the city center is very convenient.,Valid,Transport,Positive
1039,The admin office is very crowded on Monday mornings.,Valid,Administration,Negative
1040,qwertyuiop123,Invalid,Uncategorized,Neutral
1041,I love the new research journals in the library.,Valid,Library,Positive
1042,The canteen runs out of drinking water by 2 PM.,Valid,Canteen,Negative
1043,The placement department updates the site regularly.,Valid,Website,Positive
1044,Are there enough fire extinguishers in the labs?,Valid,Security,Neutral
1045,The lecture on heat transfer was very boring today.,Valid,Academics,Negative
1046,The sports equipment room is always locked.,Valid,Sports,Negative
1047,The soap dispensers in the washroom are always empty.,Valid,Maintenance,Negative
1048,The shuttle bus is always clean and well maintained.,Valid,Transport,Positive
1049,The Dean's office staff is very professional.,Valid,Administration,Positive
1050,test_batch_3_50,Invalid,Uncategorized,Neutral
1051,The library study rooms are perfect for group work.,Valid,Library,Positive
1052,The canteen lunch was very cold today.,Valid,Canteen,Negative
1053,The syllabus download link is currently broken.,Valid,Website,Negative
1054,Security staff helped me find my lost scientific calculator.,Valid,Security,Positive
1055,The chemistry lab sessions are very long.,Valid,Academics,Neutral
1056,The ceiling fan in Room 302 is vibrating loudly.,Valid,Maintenance,Negative
1057,The basketball coach is very strict about timing.,Valid,Sports,Neutral
1058,Bus stops should have better seating for students.,Valid,Transport,Neutral
1059,The administration is slow to update student records.,Valid,Administration,Negative
1060,404_error_code,Invalid,Uncategorized,Negative
1061,The library needs more books on machine learning.,Valid,Library,Negative
1062,Canteen staff are very hygienic and polite.,Valid,Canteen,Positive
1063,The new website layout is very user-friendly.,Valid,Website,Positive
1064,Unauthorized people were seen near the server room.,Valid,Security,Negative
1065,The physics lab equipment is brand new.,Valid,Academics,Positive
1066,The gym floor is very slippery and dangerous.,Valid,Sports,Negative
1067,Maintenance fixed the AC in the computer lab.,Valid,Maintenance,Positive
1068,The college bus AC is not working properly.,Valid,Transport,Negative
1069,Office hours for the principal are too short.,Valid,Administration,Negative
1070,0101010101,Invalid,Uncategorized,Neutral
1071,Library staff is very helpful with thesis searches.,Valid,Library,Positive
1072,The canteen tea is the best on campus.,Valid,Canteen,Positive
1073,I cannot access the student portal from home.,Valid,Website,Negative
1074,The gate biometric is very slow today.,Valid,Security,Negative
1075,The VLSI design syllabus is very well structured.,Valid,Academics,Positive
1076,The washroom taps are leaking in the civil block.,Valid,Maintenance,Negative
1077,The swimming pool is very clean this week.,Valid,Sports,Positive
1078,The bus route covers all the main residential areas.,Valid,Transport,Positive
1079,Getting a migration certificate takes too long.,Valid,Administration,Negative
1080,#########,Invalid,Uncategorized,Neutral
1081,Finding a quiet place to study is hard in the library.,Valid,Library,Negative
1082,Canteen snacks are very fresh every morning.,Valid,Canteen,Positive
1083,The website font size is too small for reading.,Valid,Website,Negative
1084,Security guards are very professional.,Valid,Security,Positive
1085,The seminar on IoT was very informative.,Valid,Academics,Positive
1086,The football is punctured in the sports room.,Valid,Sports,Negative
1087,The fans in the workshop are working fine.,Valid,Maintenance,Positive
1088,The bus driver drives very fast and unsafely.,Valid,Transport,Negative
1089,The registrar helped me with my exam form.,Valid,Administration,Positive
1090,system_ping_1090,Invalid,Uncategorized,Neutral
1091,The library’s book search app is very useful.,Valid,Library,Positive
1092,Canteen lunch thali is very expensive now.,Valid,Canteen,Negative
1093,The result portal is down for maintenance.,Valid,Website,Negative
1094,We need more security cameras in the parking lot.,Valid,Security,Neutral
1095,The professor for Control Systems is never on time.,Valid,Academics,Negative
1096,The gym has all the necessary equipment.,Valid,Sports,Positive
1097,There is a bad smell near the chemistry lab.,Valid,Maintenance,Negative
1098,The bus is always on time for the morning shift.,Valid,Transport,Positive
1099,Degree verification is a very smooth process here.,Valid,Administration,Positive
1100,dummy_row_1100,Invalid,Uncategorized,Neutral
1101,The library catalogue is very hard to use.,Valid,Library,Negative
1102,The canteen food is very spicy today.,Valid,Canteen,Negative
1103,The college website loads very slowly.,Valid,Website,Negative
1104,Security is very helpful at the entrance.,Valid,Security,Positive
1105,The electrical lab has good equipment.,Valid,Academics,Positive
1106,The elevator in the main block is stuck.,Valid,Maintenance,Negative
1107,The tennis court is free on weekends.,Valid,Sports,Neutral
1108,The bus is always very crowded.,Valid,Transport,Negative
1109,The admin staff is very rude.,Valid,Administration,Negative
1110,error_1110,Invalid,Uncategorized,Negative
1111,Library has a great collection of journals.,Valid,Library,Positive
1112,The canteen is very clean.,Valid,Canteen,Positive
1113,The website design is very old.,Valid,Website,Negative
1114,Security is not at the post.,Valid,Security,Negative
1115,The lectures are very boring.,Valid,Academics,Negative
1116,The toilet is not clean.,Valid,Maintenance,Negative
1117,The gym is very expensive.,Valid,Sports,Negative
1118,The bus is very clean.,Valid,Transport,Positive
1119,The office is very slow.,Valid,Administration,Negative
1120,abc_1120,Invalid,Uncategorized,Neutral
1121,The library is very far.,Valid,Library,Neutral
1122,The canteen is very small.,Valid,Canteen,Negative
1123,The portal is very fast.,Valid,Website,Positive
1124,Security is very strict.,Valid,Security,Neutral
1125,The lab is very good.,Valid,Academics,Positive
1126,The fan is very loud.,Valid,Maintenance,Negative
1127,The pool is very clean.,Valid,Sports,Positive
1128,The bus is very late.,Valid,Transport,Negative
1129,The staff is very nice.,Valid,Administration,Positive
1130,test_1130,Invalid,Uncategorized,Neutral
1131,Library books are very old.,Valid,Library,Negative
1132,Canteen food is very good.,Valid,Canteen,Positive
1133,Website is very buggy.,Valid,Website,Negative
1134,Security is very alert.,Valid,Security,Positive
1135,Class is very easy.,Valid,Academics,Positive
1136,Light is very dim.,Valid,Maintenance,Negative
1137,Gym is very new.,Valid,Sports,Positive
1138,Bus is very fast.,Valid,Transport,Positive
1139,Office is very far.,Valid,Administration,Neutral
1140,xyz_1140,Invalid,Uncategorized,Neutral
1141,Library Wi-Fi is good.,Valid,Library,Positive
1142,Canteen water is warm.,Valid,Canteen,Negative
1143,Site is very pretty.,Valid,Website,Positive
1144,Guard is very lazy.,Valid,Security,Negative
1145,Teacher is very kind.,Valid,Academics,Positive
1146,Door is very loose.,Valid,Maintenance,Negative
1147,Ball is very flat.,Valid,Sports,Negative
1148,Road is very bumpy.,Valid,Transport,Negative
1149,Fee is very high.,Valid,Administration,Negative
1150,row_1150,Invalid,Uncategorized,Neutral
1151,Books are very dusty.,Valid,Library,Negative
1152,Meals are very cheap.,Valid,Canteen,Positive
1153,Links are very broken.,Valid,Website,Negative
1154,Cameras are very clear.,Valid,Security,Positive
1155,Exams are very hard.,Valid,Academics,Negative
1156,Taps are very dry.,Valid,Maintenance,Negative
1157,Pool is very deep.,Valid,Sports,Neutral
1158,Driver is very nice.,Valid,Transport,Positive
1159,Clerk is very fast.,Valid,Administration,Positive
1160,junk_1160,Invalid,Uncategorized,Neutral
1161,Seats are very hard.,Valid,Library,Negative
1162,Soup is very salty.,Valid,Canteen,Negative
1163,News is very old.,Valid,Website,Negative
1164,Gate is very open.,Valid,Security,Negative
1165,Lab is very small.,Valid,Academics,Negative
1166,AC is very cold.,Valid,Maintenance,Positive
1167,Court is very wet.,Valid,Sports,Negative
1168,Pass is very costly.,Valid,Transport,Negative
1169,Form is very hard.,Valid,Administration,Negative
1170,data_1170,Invalid,Uncategorized,Neutral
1171,Search is very slow.,Valid,Library,Negative
1172,Juice is very sweet.,Valid,Canteen,Positive
1173,Logo is very big.,Valid,Website,Neutral
1174,Dogs are on campus.,Valid,Security,Negative
1175,Note is very short.,Valid,Academics,Neutral
1176,Sink is very full.,Valid,Maintenance,Negative
1177,Game is very fun.,Valid,Sports,Positive
1178,Time is very long.,Valid,Transport,Neutral
1179,ID is very new.,Valid,Administration,Positive
1180,null_1180,Invalid,Uncategorized,Neutral
1181,Zone is very quiet.,Valid,Library,Positive
1182,Area is very dirty.,Valid,Canteen,Negative
1183,Menu is very small.,Valid,Website,Negative
1184,Wall is very high.,Valid,Security,Neutral
1185,Room is very dark.,Valid,Academics,Negative
1186,Roof is very thin.,Valid,Maintenance,Negative
1187,Ground is very big.,Valid,Sports,Positive
1188,Path is very narrow.,Valid,Transport,Negative
1189,Desk is very low.,Valid,Administration,Neutral
1190,123_1190,Invalid,Uncategorized,Neutral
1191,Shelf is very high.,Valid,Library,Neutral
1192,Tray is very greasy.,Valid,Canteen,Negative
1193,Page is very empty.,Valid,Website,Negative
1194,Sign is very small.,Valid,Security,Negative
1195,Talk is very long.,Valid,Academics,Negative
1196,Pipe is very rusty.,Valid,Maintenance,Negative
1197,Kit is very old.,Valid,Sports,Negative
1198,AC is very loud.,Valid,Transport,Negative
1199,Staff is very old.,Valid,Administration,Neutral
1200,stop_1200,Invalid,Uncategorized,Neutral
1201,The library’s engineering section is missing recent IEEE papers.,Valid,Library,Negative
1202,Canteen food is always fresh in the morning hours.,Valid,Canteen,Positive
1203,The website's registration portal is very intuitive.,Valid,Website,Positive
1204,Security guards were helpful when I lost my ID.,Valid,Security,Positive
1205,The electrical workshop equipment is well maintained.,Valid,Academics,Positive
1206,Restroom doors in the science block are broken.,Valid,Maintenance,Negative
1207,The gym trainer is very helpful with the routines.,Valid,Sports,Positive
1208,The college bus route is well planned for students.,Valid,Transport,Positive
1209,The administrative office is very slow in processing.,Valid,Administration,Negative
1210,hello_1210,Invalid,Uncategorized,Neutral
1211,The library study area is too noisy in the afternoon.,Valid,Library,Negative
1212,The canteen coffee is much better this semester.,Valid,Canteen,Positive
1213,The student dashboard on the site is very fast.,Valid,Website,Positive
1214,I saw an unauthorized person near the girls' hostel.,Valid,Security,Negative
1215,The physics lab assistant is very knowledgeable.,Valid,Academics,Positive
1216,The basketball court needs new nets immediately.,Valid,Sports,Negative
1217,Maintenance fixed the flickering lights in Hall 1.,Valid,Maintenance,Positive
1218,The shuttle bus was 30 minutes late today.,Valid,Transport,Negative
1219,The registrar's office is open from 10 AM to 4 PM.,Valid,Administration,Neutral
1220,testing_1220,Invalid,Uncategorized,Neutral
1221,Accessing the digital library from the hostel is easy.,Valid,Library,Positive
1222,The canteen floors are always sticky and dirty.,Valid,Canteen,Negative
1223,The online result portal is currently showing an error.,Valid,Website,Negative
1224,Security staff is very alert at the main entrance.,Valid,Security,Positive
1225,The microprocessors syllabus is very outdated.,Valid,Academics,Negative
1226,The sink in the chemistry lab is clogged.,Valid,Maintenance,Negative
1227,The swimming pool water is very clean today.,Valid,Sports,Positive
1228,The transport fee for this year is too high.,Valid,Transport,Negative
1229,Administrative staff was very rude to me today.,Valid,Administration,Negative
1230,qwerty_1230,Invalid,Uncategorized,Neutral
1231,The library has a wide range of coding books.,Valid,Library,Positive
1232,Canteen lunch is served until 2:30 PM.,Valid,Canteen,Neutral
1233,The mobile site does not show the exam schedule.,Valid,Website,Negative
1234,Security guards should check all car stickers.,Valid,Security,Neutral
1235,The machine learning lecture was very interesting.,Valid,Academics,Positive
1236,The tennis court floor is cracked and dangerous.,Valid,Sports,Negative
1237,Elevators are working perfectly in the main block.,Valid,Maintenance,Positive
1238,The bus driver is very professional and calm.,Valid,Transport,Positive
1239,The queue for fee payment is far too long.,Valid,Administration,Negative
1240,asdf_1240,Invalid,Uncategorized,Neutral
1241,I like the new technical magazine section.,Valid,Library,Positive
1242,Canteen food is too oily for my liking.,Valid,Canteen,Negative
1243,The placement news is always updated on the site.,Valid,Website,Positive
1244,Is the security office open on public holidays?,Valid,Security,Neutral
1245,The calculus professor explains things very well.,Valid,Academics,Positive
1246,The football ground is currently being renovated.,Valid,Sports,Neutral
1247,The soap dispenser in the restroom is empty.,Valid,Maintenance,Negative
1248,The bus seats are very clean and comfortable.,Valid,Transport,Positive
1249,The finance office staff was very efficient.,Valid,Administration,Positive
1250,data_1250,Invalid,Uncategorized,Neutral
1251,The library is the best place to study.,Valid,Library,Positive
1252,The canteen is way too crowded at lunch.,Valid,Canteen,Negative
1253,The link for syllabus download is broken.,Valid,Website,Negative
1254,Security staff helped me with my bike parking.,Valid,Security,Positive
1255,The technical seminar was very well organized.,Valid,Academics,Positive
1256,The window in Room 102 cannot be opened.,Valid,Maintenance,Negative
1257,The gym has high-quality weight machines.,Valid,Sports,Positive
1258,Bus stops are located at very useful points.,Valid,Transport,Neutral
1259,Admin office never answers the telephone calls.,Valid,Administration,Negative
1260,info_1260,Invalid,Uncategorized,Neutral
1261,Library needs more copies of the DSP book.,Valid,Library,Negative
1262,The sandwiches in the canteen are quite good.,Valid,Canteen,Positive
1263,Website portal speed has improved recently.,Valid,Website,Positive
1264,I saw an open gate without any guard.,Valid,Security,Negative
1265,The electronics lab assistant is very helpful.,Valid,Academics,Positive
1266,Cricket practice is cancelled for today.,Valid,Sports,Neutral
1267,New paint in the lobby looks very nice.,Valid,Maintenance,Positive
1268,The shuttle bus AC was not working today.,Valid,Transport,Negative
1269,Office hours for certificates are 11 AM to 3 PM.,Valid,Administration,Neutral
1270,random_1270,Invalid,Uncategorized,Neutral
1271,Accessing ebooks through the library is easy.,Valid,Library,Positive
1272,Canteen tables are always sticky.,Valid,Canteen,Negative
1273,The new website layout is very professional.,Valid,Website,Positive
1274,The gate biometric sensor is not working.,Valid,Security,Negative
1275,The thermodynamics syllabus is very vast.,Valid,Academics,Neutral
1276,Water pressure in the gym is very low.,Valid,Maintenance,Negative
1277,Swimming pool is at the right temperature.,Valid,Sports,Positive
1278,The bus route covers the railway station now.,Valid,Transport,Positive
1279,ID card renewal is a very slow process.,Valid,Administration,Negative
1280,test_1280,Invalid,Uncategorized,Neutral
1281,Finding a seat in the library is a struggle.,Valid,Library,Negative
1282,Canteen tea is very good and refreshing.,Valid,Canteen,Positive
1283,Font size on the website is too small.,Valid,Website,Negative
1284,Security is visible everywhere on campus.,Valid,Security,Positive
1285,The seminar on cloud computing was useful.,Valid,Academics,Positive
1286,The basketball is missing from the room.,Valid,Sports,Negative
1287,All the fans in the hall are working.,Valid,Maintenance,Positive
1288,Bus destination signs are hard to read.,Valid,Transport,Negative
1289,The finance staff was helpful with the loan.,Valid,Administration,Positive
1290,marker_1290,Invalid,Uncategorized,Neutral
1291,I like the new research book section.,Valid,Library,Positive
1292,Canteen runs out of juice very fast.,Valid,Canteen,Negative
1293,The portal is currently showing an error.,Valid,Website,Negative
1294,Need more security near the bicycle stand.,Valid,Security,Neutral
1295,The professor is late for the morning class.,Valid,Academics,Negative
1296,All gym treadmills are brand new.,Valid,Sports,Positive
1297,Bad smell near the chemistry waste area.,Valid,Maintenance,Negative
1298,Bus driver follows the speed limit.,Valid,Transport,Positive
1299,Degree verification takes two working weeks.,Valid,Administration,Neutral
1300,stop_1300,Invalid,Uncategorized,Neutral
1301,The library’s search engine is very fast.,Valid,Library,Positive
1302,Canteen rice was undercooked today.,Valid,Canteen,Negative
1303,The syllabus download link is missing.,Valid,Website,Negative
1304,Security patrol is very active at night.,Valid,Security,Positive
1305,The EM lecture was very informative today.,Valid,Academics,Neutral
1306,The ceiling fan in the workshop is shaky.,Valid,Maintenance,Negative
1307,The sports fest was a huge success.,Valid,Sports,Positive
1308,The bus routes are the same as last year.,Valid,Transport,Neutral
1309,Admin staff lost my original mark sheet.,Valid,Administration,Negative
1310,hello_1310,Invalid,Uncategorized,Neutral
1311,Library books are in very bad condition.,Valid,Library,Negative
1312,Prices in the canteen are student-friendly.,Valid,Canteen,Neutral
1313,The campus map on the site is helpful.,Valid,Website,Positive
1314,Street lights are not working near the gate.,Valid,Security,Negative
1315,The new professor for DSP is great.,Valid,Academics,Positive
1316,Gym timing is posted on the portal.,Valid,Sports,Neutral
1317,The leaking pipe in the lab was fixed.,Valid,Maintenance,Positive
1318,Shuttle bus is too full during peak hours.,Valid,Transport,Negative
1319,The scholarship office is in the admin block.,Valid,Administration,Neutral
1320,data_1320,Invalid,Uncategorized,Neutral
1321,Librarian makes finding papers very easy.,Valid,Library,Positive
1322,Canteen is overcrowded at 1 PM.,Valid,Canteen,Negative
1323,Online registration was very smooth.,Valid,Website,Positive
1324,I feel safe with the night lighting.,Valid,Security,Positive
1325,The lab manual matches the syllabus.,Valid,Academics,Neutral
1326,Broken desk in the electronics workshop.,Valid,Maintenance,Negative
1327,Sports equipment is of high quality.,Valid,Sports,Positive
1328,The transport fee for this year is high.,Valid,Transport,Negative
1329,The registrar was helpful with my form.,Valid,Administration,Positive
1330,check_1330,Invalid,Uncategorized,Neutral
1331,Library lacks latest power electronics books.,Valid,Library,Negative
1332,Breakfast in canteen starts at 8 AM.,Valid,Canteen,Neutral
1333,The mobile version of site is very slow.,Valid,Website,Negative
1334,Security needs to check guest entries.,Valid,Security,Neutral
1335,The ML lab sessions are very practical.,Valid,Academics,Positive
1336,Tennis court floor has deep cracks.,Valid,Sports,Negative
1337,Elevators are serviced on time now.,Valid,Maintenance,Positive
1338,The bus driver is very polite.,Valid,Transport,Positive
1339,Waiting time for transcripts is long.,Valid,Administration,Negative
1340,code_1340,Invalid,Uncategorized,Neutral
1341,Library study rooms are quiet and cool.,Valid,Library,Positive
1342,The canteen lunch was greasy today.,Valid,Canteen,Negative
1343,The college news is updated daily.,Valid,Website,Positive
1344,Are fire alarms tested every month?,Valid,Security,Neutral
1345,Sociology grading is very inconsistent.,Valid,Academics,Negative
1346,Cricket ground is open for practice.,Valid,Sports,Neutral
1347,Soap is missing from main block toilet.,Valid,Maintenance,Negative
1348,Bus seats are clean and comfortable.,Valid,Transport,Positive
1349,The Dean's staff is very professional.,Valid,Administration,Positive
1350,test_1350,Invalid,Uncategorized,Neutral
1351,Library has a good collection of novels.,Valid,Library,Positive
1352,Canteen chairs are standard and okay.,Valid,Canteen,Neutral
1353,I cannot log in to the portal today.,Valid,Website,Negative
1354,Security guard helped with my flat tire.,Valid,Security,Positive
1355,The technical seminar was average.,Valid,Academics,Neutral
1356,The window in Room 402 is stuck shut.,Valid,Maintenance,Negative
1357,Gym facilities are among the best.,Valid,Sports,Positive
1358,Bus stops are at very useful points.,Valid,Transport,Neutral
1359,Admin office never picks up phone.,Valid,Administration,Negative
1360,dash_1360,Invalid,Uncategorized,Neutral
1361,Library needs more Calculus books.,Valid,Library,Negative
1362,Canteen snacks are just okay.,Valid,Canteen,Neutral
1363,Portal speed has improved recently.,Valid,Website,Positive
1364,Unauthorized person near girl's lab.,Valid,Security,Negative
1365,The digital assistant is great.,Valid,Academics,Positive
1366,Football ground is being leveled.,Valid,Sports,Neutral
1367,New paint in workshop looks clean.,Valid,Maintenance,Positive
1368,Shuttle bus AC is not working today.,Valid,Transport,Negative
1369,Office hours for clerk are 9 to 5.,Valid,Administration,Neutral
1370,qwerty_1370,Invalid,Uncategorized,Neutral
1371,Ebook access via portal is easy.,Valid,Library,Positive
1372,Sticky tables in canteen need cleaning.,Valid,Canteen,Negative
1373,The mobile app layout is user friendly.,Valid,Website,Positive
1374,Gate biometric sensor is broken.,Valid,Security,Negative
1375,The economics syllabus is well rounded.,Valid,Academics,Neutral
1376,Low water pressure in sports block.,Valid,Maintenance,Negative
1377,Swimming pool water is warm enough.,Valid,Sports,Positive
1378,Glad the bus route covers the metro.,Valid,Transport,Positive
1379,ID card renewal is a slow process.,Valid,Administration,Negative
1380,ques_1380,Invalid,Uncategorized,Neutral
1381,Hard to find library seat at peak.,Valid,Library,Negative
1382,Canteen tea is high quality and cheap.,Valid,Canteen,Positive
1383,Font size on website is too small.,Valid,Website,Negative
1384,Security is very professional here.,Valid,Security,Positive
1385,The seminar on network security was great.,Valid,Academics,Positive
1386,Basketball is missing from court room.,Valid,Sports,Negative
1387,All fans in Lab 1 are now fixed.,Valid,Maintenance,Positive
1388,Bus timing display is not accurate.,Valid,Transport,Negative
1389,Finance staff was helpful with fees.,Valid,Administration,Positive
1390,brack_1390,Invalid,Uncategorized,Neutral
1391,I like the new science magazine section.,Valid,Library,Positive
1392,Canteen runs out of juice very fast.,Valid,Canteen,Negative
1393,The fee payment link is offline.,Valid,Website,Negative
1394,Need more guards near vehicle parking.,Valid,Security,Neutral
1395,Professor is late for every lecture.,Valid,Academics,Negative
1396,Treadmills in gym are brand new now.,Valid,Sports,Positive
1397,Bad smell near chemistry waste area.,Valid,Maintenance,Negative
1398,Bus driver follows speed limits.,Valid,Transport,Positive
1399,Transcript verification takes 3 weeks.,Valid,Administration,Neutral
1400,end_1400,Invalid,Uncategorized,Neutral
1401,Accessing IEEE papers is easy now.,Valid,Library,Positive
1402,Canteen floors are wet and dangerous.,Valid,Canteen,Negative
1403,The website theme is quite boring.,Valid,Website,Neutral
1404,Security returned my lost wallet.,Valid,Security,Positive
1405,The electrical lecture was standard.,Valid,Academics,Neutral
1406,Hand dryers in restroom are broken.,Valid,Maintenance,Negative
1407,Basketball hoops are different heights.,Valid,Sports,Negative
1408,Shuttle frequency is good this week.,Valid,Transport,Positive
1409,Admin forms are hard to fill.,Valid,Administration,Negative
1410,hi_1410,Invalid,Uncategorized,Neutral
1411,Library fiction section needs updates.,Valid,Library,Negative
1412,Food variety at canteen is decent.,Valid,Canteen,Neutral
1413,College newsletter link is fine.,Valid,Website,Positive
1414,Broken lock on back store door.,Valid,Security,Negative
1415,Programming professor explains well.,Valid,Academics,Positive
1416,Gym locker room smells damp.,Valid,Sports,Negative
1417,Maintenance staff are hardworking.,Valid,Maintenance,Positive
1418,Bus driver was rude this morning.,Valid,Transport,Negative
1419,Transcript requests take five days.,Valid,Administration,Neutral
1420,batch_1420,Invalid,Uncategorized,Neutral
1421,I love the new reading area.,Valid,Library,Positive
1422,Canteen coffee is always too bitter.,Valid,Canteen,Negative
1423,Website search bar is hard to find.,Valid,Website,Negative
1424,Security patrols are frequent at night.,Valid,Security,Positive
1425,Humanities readings are way too long.,Valid,Academics,Neutral
1426,Ceiling tile is missing in workshop.,Valid,Maintenance,Negative
1427,Tennis court surface is very smooth.,Valid,Sports,Positive
1428,College bus was 40 minutes late.,Valid,Transport,Negative
1429,Registrar's staff was professional.,Valid,Administration,Positive
1430,sym_1430,Invalid,Uncategorized,Neutral
1431,Library staff found a rare book.,Valid,Library,Positive
1432,Canteen runs out of spoons at 1 PM.,Valid,Canteen,Negative
1433,Campus map on site is very old.,Valid,Website,Negative
1434,Security gate is always well-guarded.,Valid,Security,Positive
1435,Math midterm results were late.,Valid,Academics,Negative
1436,Football practice is at 5 PM.,Valid,Sports,Neutral
1437,Hallway lights are working today.,Valid,Maintenance,Positive
1438,Shuttle route is very convenient.,Valid,Transport,Positive
1439,Admin office queue is too long.,Valid,Administration,Negative
1440,test_1440,Invalid,Uncategorized,Neutral
1441,I enjoy silence of library pods.,Valid,Library,Positive
1442,Canteen water tastes like plastic.,Valid,Canteen,Negative
1443,Portal layout is standard and clean.,Valid,Website,Neutral
1444,Security jump-started my car.,Valid,Security,Positive
1445,History professor is very engaging.,Valid,Academics,Positive
1446,Sports locker keys are missing.,Valid,Sports,Negative
1447,Lab equipment is kept very clean.,Valid,Maintenance,Positive
1448,Bus driver was talking on phone.,Valid,Transport,Negative
1449,Certificates were issued quickly.,Valid,Administration,Positive
1450,marker_1450,Invalid,Uncategorized,Neutral
1451,Library has all core textbooks.,Valid,Library,Positive
1452,Canteen chairs are uncomfortable.,Valid,Canteen,Negative
1453,Login button on portal is broken.,Valid,Website,Negative
1454,Security was alert during tech fest.,Valid,Security,Positive
1455,Physics lab session was average.,Valid,Academics,Neutral
1456,Leak in workshop sink area.,Valid,Maintenance,Negative
1457,Badminton net is currently torn.,Valid,Sports,Negative
1458,College bus is always on time.,Valid,Transport,Positive
1459,Scholarship info was clearly given.,Valid,Administration,Positive
1460,star_1460,Invalid,Uncategorized,Neutral
1461,I found the technical paper needed.,Valid,Library,Positive
1462,Canteen tea is lukewarm daily.,Valid,Canteen,Negative
1463,Result page took too long to load.,Valid,Website,Negative
1464,I feel safe in parking at night.,Valid,Security,Positive
1465,Logic design course is very easy.,Valid,Academics,Positive
1466,Sports ground is muddy today.,Valid,Sports,Negative
1467,Elevator fixed in under two hours.,Valid,Maintenance,Positive
1468,Bus pass price is too high.,Valid,Transport,Negative
1469,Finance desk staff was helpful.,Valid,Administration,Positive
1470,data_1470,Invalid,Uncategorized,Neutral
1471,Library catalog is intuitive now.,Valid,Library,Positive
1472,Canteen meals are neither good nor bad.,Valid,Canteen,Neutral
1473,Website news is not up to date.,Valid,Website,Negative
1474,Security was professional during fire.,Valid,Security,Positive
1475,Calculus lecture was boring today.,Valid,Academics,Negative
1476,Football is flat in equipment room.,Valid,Sports,Negative
1477,Classroom fans making loud noise.,Valid,Maintenance,Negative
1478,Shuttle service is very reliable.,Valid,Transport,Positive
1479,Registrar office is closed today.,Valid,Administration,Negative
1480,slash_1480,Invalid,Uncategorized,Neutral
1481,I love library ebook collection.,Valid,Library,Positive
1482,Canteen staff are slow to serve.,Valid,Canteen,Negative
1483,Password reset link not working.,Valid,Website,Negative
1484,Security cameras clearly visible.,Valid,Security,Positive
1485,Course materials are detailed.,Valid,Academics,Positive
1486,Gym lacks good set of dumbbells.,Valid,Sports,Negative
1487,Classroom windows cleaned today.,Valid,Maintenance,Positive
1488,Bus too full to board today.,Valid,Transport,Negative
1489,Dean gave us a warm welcome.,Valid,Administration,Positive
1490,reset_1490,Invalid,Uncategorized,Neutral
1491,Library is the best study place.,Valid,Library,Positive
1492,Canteen hygiene is at standard.,Valid,Canteen,Neutral
1493,Contact form on site is broken.,Valid,Website,Negative
1494,Security checked car thoroughly.,Valid,Security,Positive
1495,Math midterm was very difficult.,Valid,Academics,Negative
1496,Cricket field well maintained.,Valid,Sports,Positive
1497,Faucet in lab is dripping again.,Valid,Maintenance,Negative
1498,Bus driver follows safe route.,Valid,Transport,Positive
1499,Admissions office open till 4.,Valid,Administration,Neutral
1500,final_1500,Invalid,Uncategorized,Neutral
1501,The VLSI lab needs more licenses for the simulation software.,Valid,Academics,Negative
1502,The canteen thali is the best value for money on campus.,Valid,Canteen,Positive
1503,I can't download my hall ticket from the portal.,Valid,Website,Negative
1504,Security helped me find my parked bike in the rain.,Valid,Security,Positive
1505,The library’s collection of IEEE journals is world-class.,Valid,Library,Positive
1506,The lathe machines in the workshop are vibrating too much.,Valid,Academics,Negative
1507,The annual sports meet was very well organized this year.,Valid,Sports,Positive
1508,The college bus was 20 minutes early today.,Valid,Transport,Neutral
1509,The admin staff was helpful with my migration certificate.,Valid,Administration,Positive
1510,asdfghjkl_final,Invalid,Uncategorized,Neutral
1511,The library Wi-Fi speed is better in the early morning.,Valid,Library,Positive
1512,The canteen coffee is way too sweet today.,Valid,Canteen,Negative
1513,The website's placement stats are very encouraging.,Valid,Website,Positive
1514,The street lights near the workshop are flickering.,Valid,Security,Negative
1515,The microprocessors lab equipment is very old.,Valid,Academics,Negative
1516,The gym trainer is very strict about the schedule.,Valid,Sports,Neutral
1517,Maintenance fixed the broken window in the CAD lab.,Valid,Maintenance,Positive
1518,The shuttle bus was overcrowded at 5 PM.,Valid,Transport,Negative
1519,The registrar office is closed for the holiday.,Valid,Administration,Neutral
1520,error_log_9999,Invalid,Uncategorized,Negative
1521,The library database is very easy to search now.,Valid,Library,Positive
1522,The canteen seating area is way too small.,Valid,Canteen,Negative
1523,The online fee payment was successful on the first try.,Valid,Website,Positive
1524,I feel safe walking to the hostel late at night.,Valid,Security,Positive
1525,The semester exam schedule is quite tight.,Valid,Academics,Neutral
1526,The floor in the lobby is very slippery.,Valid,Maintenance,Negative
1527,The swimming pool is maintained every Monday.,Valid,Sports,Neutral
1528,The transport fee hike is very unfair.,Valid,Transport,Negative
1529,The staff at the admin desk was very rude.,Valid,Administration,Negative
1530,////////////////,Invalid,Uncategorized,Neutral
1531,Library needs more copies of the Signal Processing book.,Valid,Library,Negative
1532,Canteen breakfast starts at 8:30 AM sharp.,Valid,Canteen,Neutral
1533,The mobile app portal is showing a 504 gateway error.,Valid,Website,Negative
1534,Security guards check ID cards at the gate properly.,Valid,Security,Positive
1535,The workshop instructors are very professional.,Valid,Academics,Positive
1536,The tennis court net is torn and needs fixing.,Valid,Sports,Negative
1537,All workshop lights were replaced recently.,Valid,Maintenance,Positive
1538,The bus driver is very polite to students.,Valid,Transport,Positive
1539,The waiting time at the admin window is too long.,Valid,Administration,Negative
1540,row_marker_1540,Invalid,Uncategorized,Neutral
1541,The library has a great collection of technical magazines.,Valid,Library,Positive
1542,The canteen lunch was very greasy today.,Valid,Canteen,Negative
1543,The placement news is updated daily on the site.,Valid,Website,Positive
1544,Are there fire extinguishers in the computer center?,Valid,Security,Neutral
1545,The grading for the Python course was very harsh.,Valid,Academics,Negative
1546,The football field is open for evening practice.,Valid,Sports,Neutral
1547,Soap dispensers in the chemistry lab are empty.,Valid,Maintenance,Negative
1548,Bus seats are clean and very comfortable.,Valid,Transport,Positive
1549,The office of the dean is very professional.,Valid,Administration,Positive
1550,test_1550_end,Invalid,Uncategorized,Neutral
1551,The digital library is accessible from the hostel.,Valid,Library,Positive
1552,Canteen food is too oily these days.,Valid,Canteen,Negative
1553,I can't see my internal marks on the portal.,Valid,Website,Negative
1554,Security staff is very alert at the main gate.,Valid,Security,Positive
1555,The workshop machines are well maintained.,Valid,Academics,Positive
1556,The fan in Room 202 is making a noise.,Valid,Maintenance,Negative
1557,Gym timing should be extended.,Valid,Sports,Neutral
1558,Bus drivers are very helpful.,Valid,Transport,Positive
1559,Admin office is slow in processing letters.,Valid,Administration,Negative
1560,random_string_1560,Invalid,Uncategorized,Neutral
1561,Library is very peaceful for studying.,Valid,Library,Positive
1562,Canteen needs more seating capacity.,Valid,Canteen,Negative
1563,The website layout is very confusing.,Valid,Website,Negative
1564,Night patrolling has improved safety.,Valid,Security,Positive
1565,The AI elective syllabus is very modern.,Valid,Academics,Positive
1566,Restrooms are not cleaned regularly.,Valid,Maintenance,Negative
1567,Football ground is well maintained.,Valid,Sports,Positive
1568,College bus is always overcrowded.,Valid,Transport,Negative
1569,Admin staff is very rude.,Valid,Administration,Negative
1570,testing_1570,Invalid,Uncategorized,Neutral
1571,Engineering books are updated in library.,Valid,Library,Positive
1572,Coffee in canteen is not good.,Valid,Canteen,Negative
1573,The portal login is very fast.,Valid,Website,Positive
1574,CCTV cameras are not working.,Valid,Security,Negative
1575,Lab assistants are very helpful.,Valid,Academics,Positive
1576,Leaking tap in the workshop.,Valid,Maintenance,Negative
1577,The gym has new weights.,Valid,Sports,Positive
1578,Bus timing should be fixed.,Valid,Transport,Neutral
1579,Scholarship desk is very slow.,Valid,Administration,Negative
1580,hi_1580,Invalid,Uncategorized,Neutral
1581,Reference books are missing in the annex.,Valid,Library,Negative
1582,Canteen food is cheap and good.,Valid,Canteen,Positive
1583,Student profile is not updating on the site.,Valid,Website,Negative
1584,ID card check is strict today.,Valid,Security,Neutral
1585,Physics lab equipment is old and rusty.,Valid,Academics,Negative
1586,Lift is stuck in the mechanical block.,Valid,Maintenance,Negative
1587,Cricket kit is available for student use.,Valid,Sports,Positive
1588,The route map for the bus is helpful.,Valid,Transport,Positive
1589,Fee payment process is very confusing.,Valid,Administration,Negative
1590,typing_1590,Invalid,Uncategorized,Neutral
1591,Quiet zone in the library is very effective.,Valid,Library,Positive
1592,Canteen is closed on Sunday evenings.,Valid,Canteen,Neutral
1593,The site is now mobile friendly.,Valid,Website,Positive
1594,Security is helpful with parking cars.,Valid,Security,Positive
1595,Lectures are very engaging this year.,Valid,Academics,Positive
1596,Water cooler in the lobby is broken.,Valid,Maintenance,Negative
1597,The swimming pool is very clean.,Valid,Sports,Positive
1598,Bus is always late by 10 mins.,Valid,Transport,Negative
1599,Admin office is very helpful with forms.,Valid,Administration,Positive
1600,asdfghjkl_1600,Invalid,Uncategorized,Neutral
1601,The library has excellent coding resources.,Valid,Library,Positive
1602,Canteen chairs are quite comfortable.,Valid,Canteen,Neutral
1603,I can't log in to the student portal.,Valid,Website,Negative
1604,Security guard helped me with directions.,Valid,Security,Positive
1605,The technical seminar was just average.,Valid,Academics,Neutral
1606,The window in Room 402 is stuck.,Valid,Maintenance,Negative
1607,Gym facilities are among the best.,Valid,Sports,Positive
1608,Bus stops are at very useful points.,Valid,Transport,Neutral
1609,Admin office never picks up the phone.,Valid,Administration,Negative
1610,---_1610,Invalid,Uncategorized,Neutral
1611,Library needs more copies of Calculus.,Valid,Library,Negative
1612,Canteen snacks are just okay.,Valid,Canteen,Neutral
1613,Portal speed has improved recently.,Valid,Website,Positive
1614,Unauthorized person near the lab.,Valid,Security,Negative
1615,The lab assistant is great.,Valid,Academics,Positive
1616,Football ground is being leveled.,Valid,Sports,Neutral
1617,New paint in workshop looks clean.,Valid,Maintenance,Positive
1618,Shuttle bus AC is not working.,Valid,Transport,Negative
1619,Office hours for clerk are 9 to 5.,Valid,Administration,Neutral
1620,qwerty_1620,Invalid,Uncategorized,Neutral
1621,Ebook access via portal is easy.,Valid,Library,Positive
1622,Sticky tables in canteen need cleaning.,Valid,Canteen,Negative
1623,The mobile app layout is user friendly.,Valid,Website,Positive
1624,Gate biometric sensor is broken.,Valid,Security,Negative
1625,The economics syllabus is well rounded.,Valid,Academics,Neutral
1626,Low water pressure in sports block.,Valid,Maintenance,Negative
1627,Swimming pool water is warm enough.,Valid,Sports,Positive
1628,Glad the bus route covers the metro.,Valid,Transport,Positive
1629,ID card renewal is a slow process.,Valid,Administration,Negative
1630,ques_1630,Invalid,Uncategorized,Neutral
1631,Hard to find library seat at peak.,Valid,Library,Negative
1632,Canteen tea is high quality.,Valid,Canteen,Positive
1633,Font size on website is too small.,Valid,Website,Negative
1634,Security is very professional here.,Valid,Security,Positive
1635,The seminar on network security was great.,Valid,Academics,Positive
1636,Basketball is missing from court room.,Valid,Sports,Negative
1637,All fans in Lab 1 are now fixed.,Valid,Maintenance,Positive
1638,Bus timing display is not accurate.,Valid,Transport,Negative
1639,Finance staff was helpful with fees.,Valid,Administration,Positive
1640,brack_1640,Invalid,Uncategorized,Neutral
1641,I like the new science magazine section.,Valid,Library,Positive
1642,Canteen runs out of juice very fast.,Valid,Canteen,Negative
1643,The fee payment link is offline.,Valid,Website,Negative
1644,Need more guards near vehicle parking.,Valid,Security,Neutral
1645,Professor is late for every lecture.,Valid,Academics,Negative
1646,Treadmills in gym are brand new now.,Valid,Sports,Positive
1647,Bad smell near chemistry waste area.,Valid,Maintenance,Negative
1648,Bus driver follows speed limits.,Valid,Transport,Positive
1649,Transcript verification takes 3 weeks.,Valid,Administration,Neutral
1650,end_1650,Invalid,Uncategorized,Neutral
1651,Accessing IEEE papers is easy now.,Valid,Library,Positive
1652,Canteen floors are wet and dangerous.,Valid,Canteen,Negative
1653,The website theme is quite boring.,Valid,Website,Neutral
1654,Security returned my lost wallet.,Valid,Security,Positive
1655,The electrical lecture was standard.,Valid,Academics,Neutral
1656,Hand dryers in restroom are broken.,Valid,Maintenance,Negative
1657,Basketball hoops are different heights.,Valid,Sports,Negative
1658,Shuttle frequency is good this week.,Valid,Transport,Positive
1659,Admin forms are hard to fill.,Valid,Administration,Negative
1660,hi_1660,Invalid,Uncategorized,Neutral
1661,Library fiction section needs updates.,Valid,Library,Negative
1662,Food variety at canteen is decent.,Valid,Canteen,Neutral
1663,College newsletter link is fine.,Valid,Website,Positive
1664,Broken lock on back store door.,Valid,Security,Negative
1665,Programming professor explains well.,Valid,Academics,Positive
1666,Gym locker room smells damp.,Valid,Sports,Negative
1667,Maintenance staff are hardworking.,Valid,Maintenance,Positive
1668,Bus driver was rude this morning.,Valid,Transport,Negative
1669,Transcript requests take five days.,Valid,Administration,Neutral
1670,batch_1670,Invalid,Uncategorized,Neutral
1671,I love the new reading area.,Valid,Library,Positive
1672,Canteen coffee is always too bitter.,Valid,Canteen,Negative
1673,Website search bar is hard to find.,Valid,Website,Negative
1674,Security patrols are frequent at night.,Valid,Security,Positive
1675,Humanities readings are way too long.,Valid,Academics,Neutral
1676,Ceiling tile is missing in workshop.,Valid,Maintenance,Negative
1677,Tennis court surface is very smooth.,Valid,Sports,Positive
1678,College bus was 40 minutes late.,Valid,Transport,Negative
1679,Registrar's staff was professional.,Valid,Administration,Positive
1680,sym_1680,Invalid,Uncategorized,Neutral
1681,Library staff found a rare book.,Valid,Library,Positive
1682,Canteen runs out of spoons at 1 PM.,Valid,Canteen,Negative
1683,Campus map on site is very old.,Valid,Website,Negative
1684,Security gate is always well-guarded.,Valid,Security,Positive
1685,Math midterm results were late.,Valid,Academics,Negative
1686,Football practice is at 5 PM.,Valid,Sports,Neutral
1687,Hallway lights are working today.,Valid,Maintenance,Positive
1688,Shuttle route is very convenient.,Valid,Transport,Positive
1689,Admin office queue is too long.,Valid,Administration,Negative
1690,test_1690,Invalid,Uncategorized,Neutral
1691,I enjoy silence of library pods.,Valid,Library,Positive
1692,Canteen water tastes like plastic.,Valid,Canteen,Negative
1693,Portal layout is standard and clean.,Valid,Website,Neutral
1694,Security jump-started my car.,Valid,Security,Positive
1695,History professor is very engaging.,Valid,Academics,Positive
1696,Sports locker keys are missing.,Valid,Sports,Negative
1697,Lab equipment is kept very clean.,Valid,Maintenance,Positive
1698,Bus driver was talking on phone.,Valid,Transport,Negative
1699,Certificates were issued quickly.,Valid,Administration,Positive
1700,marker_1700,Invalid,Uncategorized,Neutral
1701,The library has all core textbooks.,Valid,Library,Positive
1702,Canteen chairs are uncomfortable.,Valid,Canteen,Negative
1703,Login button on portal is broken.,Valid,Website,Negative
1704,Security was alert during tech fest.,Valid,Security,Positive
1705,Physics lab session was average.,Valid,Academics,Neutral
1706,Leak in workshop sink area.,Valid,Maintenance,Negative
1707,Badminton net is currently torn.,Valid,Sports,Negative
1708,College bus is always on time.,Valid,Transport,Positive
1709,Scholarship info was clearly given.,Valid,Administration,Positive
1710,star_1710,Invalid,Uncategorized,Neutral
1711,I found the technical paper needed.,Valid,Library,Positive
1712,Canteen tea is lukewarm daily.,Valid,Canteen,Negative
1713,Result page took too long to load.,Valid,Website,Negative
1714,I feel safe in parking at night.,Valid,Security,Positive
1715,Logic design course is very easy.,Valid,Academics,Positive
1716,Sports ground is muddy today.,Valid,Sports,Negative
1717,Elevator fixed in under two hours.,Valid,Maintenance,Positive
1718,Bus pass price is too high.,Valid,Transport,Negative
1719,Finance desk staff was helpful.,Valid,Administration,Positive
1720,data_1720,Invalid,Uncategorized,Neutral
1721,Library catalog is intuitive now.,Valid,Library,Positive
1722,Canteen meals are neither good nor bad.,Valid,Canteen,Neutral
1723,Website news is not up to date.,Valid,Website,Negative
1724,Security was professional during fire.,Valid,Security,Positive
1725,Calculus lecture was boring today.,Valid,Academics,Negative
1726,Football is flat in equipment room.,Valid,Sports,Negative
1727,Classroom fans making loud noise.,Valid,Maintenance,Negative
1728,Shuttle service is very reliable.,Valid,Transport,Positive
1729,Registrar office is closed today.,Valid,Administration,Negative
1730,slash_1730,Invalid,Uncategorized,Neutral
1731,I love library ebook collection.,Valid,Library,Positive
1732,Canteen staff are slow to serve.,Valid,Canteen,Negative
1733,Password reset link not working.,Valid,Website,Negative
1734,Security cameras clearly visible.,Valid,Security,Positive
1735,Course materials are detailed.,Valid,Academics,Positive
1736,Gym lacks good set of dumbbells.,Valid,Sports,Negative
1737,Classroom windows cleaned today.,Valid,Maintenance,Positive
1738,Bus too full to board today.,Valid,Transport,Negative
1739,Dean gave us a warm welcome.,Valid,Administration,Positive
1740,reset_1740,Invalid,Uncategorized,Neutral
1741,Library is the best study place.,Valid,Library,Positive
1742,Canteen hygiene is at standard.,Valid,Canteen,Neutral
1743,Contact form on site is broken.,Valid,Website,Negative
1744,Security checked car thoroughly.,Valid,Security,Positive
1745,Math midterm was very difficult.,Valid,Academics,Negative
1746,Cricket field well maintained.,Valid,Sports,Positive
1747,Faucet in lab is dripping again.,Valid,Maintenance,Negative
1748,Bus driver follows safe route.,Valid,Transport,Positive
1749,Admissions office open till 4.,Valid,Administration,Neutral
1750,final_1750,Invalid,Uncategorized,Neutral
1751,The robotics lab is open late.,Valid,Academics,Positive
1752,Canteen thali price increased.,Valid,Canteen,Negative
1753,The portal is very slow today.,Valid,Website,Negative
1754,Guard helped with my luggage.,Valid,Security,Positive
1755,The book was not on the shelf.,Valid,Library,Negative
1756,The lab sink is leaking again.,Valid,Maintenance,Negative
1757,Basketball practice is at 6.,Valid,Sports,Neutral
1758,Bus seat was very dirty.,Valid,Transport,Negative
1759,Staff was very professional.,Valid,Administration,Positive
1760,info_1760,Invalid,Uncategorized,Neutral
1761,Digital library is very fast.,Valid,Library,Positive
1762,Soup was too cold today.,Valid,Canteen,Negative
1763,Placement portal is updated.,Valid,Website,Positive
1764,Night patrol is visible now.,Valid,Security,Positive
1765,Lab session was informative.,Valid,Academics,Positive
1766,Room 101 has no fan.,Valid,Maintenance,Negative
1767,Pool is open for students.,Valid,Sports,Positive
1768,Bus driver drives safely.,Valid,Transport,Positive
1769,Admin is slow with forms.,Valid,Administration,Negative
1770,test_1770,Invalid,Uncategorized,Neutral
1771,I found the core textbook.,Valid,Library,Positive
1772,Tea in canteen is great.,Valid,Canteen,Positive
1773,Website link is broken.,Valid,Website,Negative
1774,Guard at gate is rude.,Valid,Security,Negative
1775,Lecture was too long.,Valid,Academics,Negative
1776,Restroom has no water.,Valid,Maintenance,Negative
1777,Ground is very green.,Valid,Sports,Positive
1778,Bus timing is perfect.,Valid,Transport,Positive
1779,Fee receipt was issued.,Valid,Administration,Positive
1780,null_1780,Invalid,Uncategorized,Neutral
1781,Library is very clean.,Valid,Library,Positive
1782,Canteen food is fresh.,Valid,Canteen,Positive
1783,Portal is easy to use.,Valid,Website,Positive
1784,Security is very alert.,Valid,Security,Positive
1785,Class was very helpful.,Valid,Academics,Positive
1786,Lights are not working.,Valid,Maintenance,Negative
1787,Gym is well equipped.,Valid,Sports,Positive
1788,Bus is always clean.,Valid,Transport,Positive
1789,Dean is very helpful.,Valid,Administration,Positive
1790,marker_1790,Invalid,Uncategorized,Neutral
1791,Hard to find the book.,Valid,Library,Negative
1792,Food is too expensive.,Valid,Canteen,Negative
1793,Site is very slow.,Valid,Website,Negative
1794,Security is lazy today.,Valid,Security,Negative
1795,Exam was very hard.,Valid,Academics,Negative
1796,Tap is leaking now.,Valid,Maintenance,Negative
1797,Court is very small.,Valid,Sports,Negative
1798,Bus is very late.,Valid,Transport,Negative
1799,Staff is very slow.,Valid,Administration,Negative
1800,stop_1800,Invalid,Uncategorized,Neutral
1801,The library has the latest IEEE papers.,Valid,Library,Positive
1802,Canteen coffee is very refreshing today.,Valid,Canteen,Positive
1803,The placement portal link is broken.,Valid,Website,Negative
1804,Security helped with the event crowd.,Valid,Security,Positive
1805,The electrical lab is well equipped.,Valid,Academics,Positive
1806,The elevator in C block is broken.,Valid,Maintenance,Negative
1807,The gym equipment is brand new.,Valid,Sports,Positive
1808,The bus route covers my area now.,Valid,Transport,Positive
1809,Admin staff lost my certificate.,Valid,Administration,Negative
1810,row_1810,Invalid,Uncategorized,Neutral
1811,Library is the best place to study.,Valid,Library,Positive
1812,Canteen food is way too oily.,Valid,Canteen,Negative
1813,The website design is very clean.,Valid,Website,Positive
1814,Security is not at the main gate.,Valid,Security,Negative
1815,The professor is very knowledgeable.,Valid,Academics,Positive
1816,The fan in Lab 2 is making noise.,Valid,Maintenance,Negative
1817,The cricket ground is muddy.,Valid,Sports,Negative
1818,The bus driver is very polite.,Valid,Transport,Positive
1819,The registrar is very fast today.,Valid,Administration,Positive
1820,test_1820,Invalid,Uncategorized,Neutral
1821,I love the digital library search.,Valid,Library,Positive
1822,Canteen tea is lukewarm.,Valid,Canteen,Negative
1823,Results are not on the portal.,Valid,Website,Negative
1824,I feel safe on campus at night.,Valid,Security,Positive
1825,The lab session was very helpful.,Valid,Academics,Positive
1826,Water cooler is not working.,Valid,Maintenance,Negative
1827,The gym is always crowded.,Valid,Sports,Negative
1828,Bus service is very reliable.,Valid,Transport,Positive
1829,Staff in the office are rude.,Valid,Administration,Negative
1830,data_1830,Invalid,Uncategorized,Neutral
1831,More copies of Python books needed.,Valid,Library,Negative
1832,Canteen lunch is very cheap.,Valid,Canteen,Positive
1833,The mobile site is very laggy.,Valid,Website,Negative
1834,Security guards are helpful.,Valid,Security,Positive
1835,Lectures are very interesting.,Valid,Academics,Positive
1836,Restrooms are very dirty.,Valid,Maintenance,Negative
1837,Ground is open for students.,Valid,Sports,Positive
1838,Bus timing is very accurate.,Valid,Transport,Positive
1839,Fee payment is a smooth process.,Valid,Administration,Positive
1840,asdf_1840,Invalid,Uncategorized,Neutral
1841,Library staff is very polite.,Valid,Library,Positive
1842,Canteen food variety is low.,Valid,Canteen,Negative
1843,Site portal keeps crashing.,Valid,Website,Negative
1844,Cameras are visible everywhere.,Valid,Security,Positive
1845,The course is very practical.,Valid,Academics,Positive
1846,Window in Hall 1 is broken.,Valid,Maintenance,Negative
1847,Pool is very well maintained.,Valid,Sports,Positive
1848,Bus route is very long.,Valid,Transport,Neutral
1849,Admin is helpful with forms.,Valid,Administration,Positive
1850,check_1850,Invalid,Uncategorized,Neutral
1851,Books are always available.,Valid,Library,Positive
1852,Canteen is too noisy at noon.,Valid,Canteen,Negative
1853,Syllabus is on the portal.,Valid,Website,Positive
1854,Gate biometric is very fast.,Valid,Security,Positive
1855,Workshop tools are new.,Valid,Academics,Positive
1856,Lab is very dark.,Valid,Maintenance,Negative
1857,Gym has good weights.,Valid,Sports,Positive
1858,Driver is very nice.,Valid,Transport,Positive
1859,Scholarship info is clear.,Valid,Administration,Positive
1860,null_1860,Invalid,Uncategorized,Neutral
1861,Library is very quiet.,Valid,Library,Positive
1862,Coffee is very bitter.,Valid,Canteen,Negative
1863,Site is easy to use.,Valid,Website,Positive
1864,Security is very strict.,Valid,Security,Positive
1865,Teacher is very helpful.,Valid,Academics,Positive
1866,AC is not cooling.,Valid,Maintenance,Negative
1867,Ground is very big.,Valid,Sports,Positive
1868,Bus is on time.,Valid,Transport,Positive
1869,Office is very slow.,Valid,Administration,Negative
1870,test_1870,Invalid,Uncategorized,Neutral
1871,Library has new journals.,Valid,Library,Positive
1872,Canteen food is cold.,Valid,Canteen,Negative
1873,Portal is fast now.,Valid,Website,Positive
1874,Guard is very rude.,Valid,Security,Negative
1875,Class is very boring.,Valid,Academics,Negative
1876,Tap is leaking now.,Valid,Maintenance,Negative
1877,Gym is very small.,Valid,Sports,Negative
1878,Bus is very late.,Valid,Transport,Negative
1879,Staff is very kind.,Valid,Administration,Positive
1880,info_1880,Invalid,Uncategorized,Neutral
1881,Library is very far.,Valid,Library,Neutral
1882,Canteen is small.,Valid,Canteen,Negative
1883,Site is very old.,Valid,Website,Negative
1884,Security is fast.,Valid,Security,Positive
1885,Lab is very clean.,Valid,Academics,Positive
1886,Lift is very slow.,Valid,Maintenance,Negative
1887,Gym is very old.,Valid,Sports,Negative
1888,Bus is very clean.,Valid,Transport,Positive
1889,Fee is very high.,Valid,Administration,Negative
1890,marker_1890,Invalid,Uncategorized,Neutral
1891,Library is new.,Valid,Library,Positive
1892,Canteen is clean.,Valid,Canteen,Positive
1893,Site is new.,Valid,Website,Positive
1894,Security is new.,Valid,Security,Positive
1895,Lab is new.,Valid,Academics,Positive
1896,Room is new.,Valid,Maintenance,Positive
1897,Gym is new.,Valid,Sports,Positive
1898,Bus is new.,Valid,Transport,Positive
1899,Office is new.,Valid,Administration,Positive
1900,new_1900,Invalid,Uncategorized,Positive
1901,Library is old.,Valid,Library,Negative
1902,Canteen is old.,Valid,Canteen,Negative
1903,Site is old.,Valid,Website,Negative
1904,Security is old.,Valid,Security,Negative
1905,Lab is old.,Valid,Academics,Negative
1906,Room is old.,Valid,Maintenance,Negative
1907,Gym is old.,Valid,Sports,Negative
1908,Bus is old.,Valid,Transport,Negative
1909,Office is old.,Valid,Administration,Negative
1910,old_1910,Invalid,Uncategorized,Negative
1911,Library is clean.,Valid,Library,Positive
1912,Canteen is clean.,Valid,Canteen,Positive
1913,Site is clean.,Valid,Website,Positive
1914,Security is clean.,Valid,Security,Positive
1915,Lab is clean.,Valid,Academics,Positive
1916,Room is clean.,Valid,Maintenance,Positive
1917,Gym is clean.,Valid,Sports,Positive
1918,Bus is clean.,Valid,Transport,Positive
1919,Office is clean.,Valid,Administration,Positive
1920,clean_1920,Invalid,Uncategorized,Positive
1921,Library is dirty.,Valid,Library,Negative
1922,Canteen is dirty.,Valid,Canteen,Negative
1923,Site is dirty.,Valid,Website,Negative
1924,Security is dirty.,Valid,Security,Negative
1925,Lab is dirty.,Valid,Academics,Negative
1926,Room is dirty.,Valid,Maintenance,Negative
1927,Gym is dirty.,Valid,Sports,Negative
1928,Bus is dirty.,Valid,Transport,Negative
1929,Office is dirty.,Valid,Administration,Negative
1930,dirty_1930,Invalid,Uncategorized,Negative
1931,Library is fast.,Valid,Library,Positive
1932,Canteen is fast.,Valid,Canteen,Positive
1933,Site is fast.,Valid,Website,Positive
1934,Security is fast.,Valid,Security,Positive
1935,Lab is fast.,Valid,Academics,Positive
1936,Room is fast.,Valid,Maintenance,Positive
1937,Gym is fast.,Valid,Sports,Positive
1938,Bus is fast.,Valid,Transport,Positive
1939,Office is fast.,Valid,Administration,Positive
1940,fast_1940,Invalid,Uncategorized,Positive
1941,Library is slow.,Valid,Library,Negative
1942,Canteen is slow.,Valid,Canteen,Negative
1943,Site is slow.,Valid,Website,Negative
1944,Security is slow.,Valid,Security,Negative
1945,Lab is slow.,Valid,Academics,Negative
1946,Room is slow.,Valid,Maintenance,Negative
1947,Gym is slow.,Valid,Sports,Negative
1948,Bus is slow.,Valid,Transport,Negative
1949,Office is slow.,Valid,Administration,Negative
1950,slow_1950,Invalid,Uncategorized,Negative
1951,Library is loud.,Valid,Library,Negative
1952,Canteen is loud.,Valid,Canteen,Negative
1953,Site is loud.,Valid,Website,Negative
1954,Security is loud.,Valid,Security,Negative
1955,Lab is loud.,Valid,Academics,Negative
1956,Room is loud.,Valid,Maintenance,Negative
1957,Gym is loud.,Valid,Sports,Negative
1958,Bus is loud.,Valid,Transport,Negative
1959,Office is loud.,Valid,Administration,Negative
1960,loud_1960,Invalid,Uncategorized,Negative
1961,Library is quiet.,Valid,Library,Positive
1962,Canteen is quiet.,Valid,Canteen,Positive
1963,Site is quiet.,Valid,Website,Positive
1964,Security is quiet.,Valid,Security,Positive
1965,Lab is quiet.,Valid,Academics,Positive
1966,Room is quiet.,Valid,Maintenance,Positive
1967,Gym is quiet.,Valid,Sports,Positive
1968,Bus is quiet.,Valid,Transport,Positive
1969,Office is quiet.,Valid,Administration,Positive
1970,quiet_1970,Invalid,Uncategorized,Positive
1971,Library is dark.,Valid,Library,Negative
1972,Canteen is dark.,Valid,Canteen,Negative
1973,Site is dark.,Valid,Website,Negative
1974,Security is dark.,Valid,Security,Negative
1975,Lab is dark.,Valid,Academics,Negative
1976,Room is dark.,Valid,Maintenance,Negative
1977,Gym is dark.,Valid,Sports,Negative
1978,Bus is dark.,Valid,Transport,Negative
1979,Office is dark.,Valid,Administration,Negative
1980,dark_1980,Invalid,Uncategorized,Negative
1981,Library is bright.,Valid,Library,Positive
1982,Canteen is bright.,Valid,Canteen,Positive
1983,Site is bright.,Valid,Website,Positive
1984,Security is bright.,Valid,Security,Positive
1985,Lab is bright.,Valid,Academics,Positive
1986,Room is bright.,Valid,Maintenance,Positive
1987,Gym is bright.,Valid,Sports,Positive
1988,Bus is bright.,Valid,Transport,Positive
1989,Office is bright.,Valid,Administration,Positive
1990,bright_1990,Invalid,Uncategorized,Positive
1991,The library has new desks.,Valid,Library,Positive
1992,The canteen has cold water.,Valid,Canteen,Positive
1993,The site has a new map.,Valid,Website,Positive
1994,The guard has a new radio.,Valid,Security,Positive
1995,The lab has a new AC.,Valid,Academics,Positive
1996,The room has a new fan.,Valid,Maintenance,Positive
1997,The gym has a new mat.,Valid,Sports,Positive
1998,The bus has a new GPS.,Valid,Transport,Positive
1999,The office has a new desk.,Valid,Administration,Positive
2000,final_data_row,Invalid,Uncategorized,Neutral
2001,The hydraulic press in the civil lab is leaking oil.,Valid,Academics,Negative
2002,The canteen's digital payment scanner is frequently offline.,Valid,Canteen,Negative
2003,The placement cell coordinator was very helpful with my CV.,Valid,Website,Positive
2004,Security should monitor the back entrance after 8 PM.,Valid,Security,Neutral
2005,The library’s online reservation for study rooms is broken.,Valid,Library,Negative
2006,The AutoCAD licenses need to be renewed in the CAD center.,Valid,Academics,Negative
2007,The synthetic track on the sports field is peeling off.,Valid,Sports,Negative
2008,College bus route 4 needs an extra vehicle during exams.,Valid,Transport,Neutral
2009,Administrative office lost my original fee receipt.,Valid,Administration,Negative
2010,system_test_v2_2010,Invalid,Uncategorized,Neutral
2011,I appreciate the 24/7 access to the digital library portal.,Valid,Library,Positive
2012,The breakfast menu in the canteen is too repetitive.,Valid,Canteen,Negative
2013,The website’s faculty directory has outdated contact info.,Valid,Website,Negative
2014,Guards were very efficient during the campus marathon.,Valid,Security,Positive
2015,The workshop assistants are great at explaining the lathe.,Valid,Academics,Positive
2016,The gym equipment is not being wiped down after use.,Valid,Sports,Negative
2017,Maintenance replaced the faulty projector in Hall B.,Valid,Maintenance,Positive
2018,The shuttle bus driver is always very cautious in rain.,Valid,Transport,Positive
2019,Requesting a transcript is much easier than last year.,Valid,Administration,Positive
2020,null_data_chunk_2020,Invalid,Uncategorized,Neutral
2021,The library lacks current books on renewable energy.,Valid,Library,Negative
2022,The canteen lunch thali is very balanced and healthy.,Valid,Canteen,Positive
2023,I love the new 'Forgot Password' feature on the portal.,Valid,Website,Positive
2024,The floodlights in the parking lot are not working.,Valid,Security,Negative
2025,The thermodynamics professor uses very good real-life examples.,Valid,Academics,Positive
2026,The restroom near the admin block is always out of soap.,Valid,Maintenance,Negative
2027,The cricket pitch was perfectly prepared for the match.,Valid,Sports,Positive
2028,Bus passes should be available for purchase online.,Valid,Transport,Neutral
2029,The registrar’s staff was very dismissive of my request.,Valid,Administration,Negative
2030,############_2030,Invalid,Uncategorized,Neutral
2031,The library’s book return drop-box is very convenient.,Valid,Library,Positive
2032,The canteen tea is often too cold by the time it's served.,Valid,Canteen,Negative
2033,The college portal doesn't load on Safari browsers.,Valid,Website,Negative
2034,Security helped jump-start my car in the parking lot.,Valid,Security,Positive
2035,The electronics lab manual has several calculation errors.,Valid,Academics,Negative
2036,The basketball hoop in the indoor court is slightly tilted.,Valid,Sports,Negative
2037,Maintenance fixed the AC in the server room quickly.,Valid,Maintenance,Positive
2038,The morning bus arrived 15 minutes late this morning.,Valid,Transport,Negative
2039,The Dean of Students is very approachable and kind.,Valid,Administration,Positive
2040,1010101010_2040,Invalid,Uncategorized,Neutral
2041,The library's new quiet pods are a great addition.,Valid,Library,Positive
2042,The canteen's sandwich bar is a great healthy option.,Valid,Canteen,Positive
2043,The placement department site is very user friendly.,Valid,Website,Positive
2044,Are there enough security cameras in the bicycle stand?,Valid,Security,Neutral
2045,The mathematics lecture was way too fast to follow.,Valid,Academics,Negative
2046,The sports room equipment is always very disorganized.,Valid,Sports,Negative
2047,The ceiling in the physics lab is showing water stains.,Valid,Maintenance,Negative
2048,The shuttle bus is always clean and well ventilated.,Valid,Transport,Positive
2049,The finance office handles student loans very efficiently.,Valid,Administration,Positive
2050,random_feedback_2050,Invalid,Uncategorized,Neutral
2051,The library staff is very helpful with database queries.,Valid,Library,Positive
2052,The canteen food quality has dropped this month.,Valid,Canteen,Negative
2053,The result portal crashed during the peak hours.,Valid,Website,Negative
2054,Security staff is very polite when checking ID cards.,Valid,Security,Positive
2055,The engineering drawing hall needs better lighting.,Valid,Academics,Negative
2056,The elevator in the research block is making a noise.,Valid,Maintenance,Negative
2057,The gym has high-quality weight lifting belts now.,Valid,Sports,Positive
2058,Bus stops are located at very convenient campus points.,Valid,Transport,Neutral
2059,The admin office is very slow with degree verification.,Valid,Administration,Negative
2060,error_code_505_2060,Invalid,Uncategorized,Negative
2061,The library needs more copies of the ML textbook.,Valid,Library,Negative
2062,The canteen staff is very hygienic and well-trained.,Valid,Canteen,Positive
2063,The new website UI is much better than the old one.,Valid,Website,Positive
2064,I saw a stranger wandering near the girls' hostel.,Valid,Security,Negative
2065,The chemistry lab is equipped with modern tools.,Valid,Academics,Positive
2066,The sports field is very muddy and needs drainage.,Valid,Sports,Negative
2067,Maintenance fixed the flickering lights in Room 302.,Valid,Maintenance,Positive
2068,The college bus AC is not cooling effectively.,Valid,Transport,Negative
2069,Office hours for certificates should be extended.,Valid,Administration,Neutral
2070,00000_11111_2070,Invalid,Uncategorized,Neutral
2071,The library’s book search app is very intuitive.,Valid,Library,Positive
2072,Canteen food is very spicy for international students.,Valid,Canteen,Negative
2073,The online portal is much faster after the upgrade.,Valid,Website,Positive
2074,The gate biometric system is not reading cards.,Valid,Security,Negative
2075,The microprocessors syllabus is very well structured.,Valid,Academics,Positive
2076,The washroom taps are leaking in the civil block.,Valid,Maintenance,Negative
2077,The swimming pool is very well maintained lately.,Valid,Sports,Positive
2078,The bus route now includes the new metro station.,Valid,Transport,Positive
2079,Getting a migration certificate is a slow process.,Valid,Administration,Negative
2080,#########_2080,Invalid,Uncategorized,Neutral
2081,Finding a quiet seat in the library is a struggle.,Valid,Library,Negative
2082,Canteen snacks are very affordable and fresh.,Valid,Canteen,Positive
2083,The website's font size is too small for reading.,Valid,Website,Negative
2084,Security guards are very professional and helpful.,Valid,Security,Positive
2085,The guest lecture on IoT was very informative.,Valid,Academics,Positive
2086,The basketballs are all flat in the equipment room.,Valid,Sports,Negative
2087,The ceiling fans in the hall are finally fixed.,Valid,Maintenance,Positive
2088,The bus driver drives way too fast on the highway.,Valid,Transport,Negative
2089,The registrar's staff helped me with my exam form.,Valid,Administration,Positive
2090,system_ping_2090,Invalid,Uncategorized,Neutral
2091,I like the new research journal section in the library.,Valid,Library,Positive
2092,The canteen runs out of drinking water by 1 PM.,Valid,Canteen,Negative
2093,The result portal is down for scheduled maintenance.,Valid,Website,Neutral
2094,We need more security cameras in the faculty parking.,Valid,Security,Neutral
2095,The professor for signals is never on time.,Valid,Academics,Negative
2096,The gym has all the necessary weight equipment.,Valid,Sports,Positive
2097,There is a bad chemical smell near the lab area.,Valid,Maintenance,Negative
2098,The bus is always on time for the first shift.,Valid,Transport,Positive
2099,Degree verification is a very smooth process now.,Valid,Administration,Positive
2100,dummy_row_2100,Invalid,Uncategorized,Neutral
2101,The library website is not letting me renew my books online.,Valid,Website,Negative
2102,The canteen should offer more vegan and vegetarian options.,Valid,Canteen,Neutral
2103,Placement cell notifications are not reaching my student email.,Valid,Website,Negative
2104,Security personnel at the gate are often on their phones.,Valid,Security,Negative
2105,The library’s engineering section needs the latest 2026 editions.,Valid,Library,Negative
2106,The CNC machine in the workshop has a broken safety guard.,Valid,Academics,Negative
2107,The synthetic grass on the football field is getting slippery.,Valid,Sports,Negative
2108,College bus route 7 is always skipped on Friday evenings.,Valid,Transport,Negative
2109,Administrative office hours are too short for hostel students.,Valid,Administration,Negative
2110,error_dump_2110_void,Invalid,Uncategorized,Neutral
2111,The digital archives for thesis papers are very well maintained.,Valid,Library,Positive
2112,The canteen juice bar is the best part of the food court.,Valid,Canteen,Positive
2113,The website portal does not work on mobile Chrome browsers.,Valid,Website,Negative
2114,Security responded very quickly to the fire alarm drill.,Valid,Security,Positive
2115,The microprocessors lab has brand new development boards.,Valid,Academics,Positive
2116,The gym smells quite bad and needs better ventilation.,Valid,Sports,Negative
2117,Maintenance finally fixed the elevator in the girls' hostel.,Valid,Maintenance,Positive
2118,The shuttle bus driver is very helpful with heavy bags.,Valid,Transport,Positive
2119,Requesting an official transcript is a very fast process now.,Valid,Administration,Positive
2120,null_pointer_2120,Invalid,Uncategorized,Neutral
2121,The library lacks current textbooks for VLSI design.,Valid,Library,Negative
2122,The canteen lunch is consistent in quality and taste.,Valid,Canteen,Positive
2123,The 'Results' tab on the portal is very easy to find.,Valid,Website,Positive
2124,The lights in the main parking lot are burnt out again.,Valid,Security,Negative
2125,The heat transfer professor explains complex math very well.,Valid,Academics,Positive
2126,The toilets in the civil engineering block are overflowing.,Valid,Maintenance,Negative
2127,The cricket tournament was very professionally managed.,Valid,Sports,Positive
2128,Transport fees should be refundable if the bus is cancelled.,Valid,Transport,Neutral
2129,The staff at the scholarship desk was very dismissive.,Valid,Administration,Negative
2130,!!!_!!!_2130,Invalid,Uncategorized,Neutral
2131,The library study rooms are often booked by non-students.,Valid,Library,Negative
2132,The canteen coffee is often lukewarm during the morning rush.,Valid,Canteen,Negative
2133,The website's captcha for login is very hard to read.,Valid,Website,Negative
2134,Security helped me find my lost scientific calculator.,Valid,Security,Positive
2135,The mechanics lab manual has a lot of typographical errors.,Valid,Academics,Negative
2136,The basketball court floor is uneven and needs repair.,Valid,Sports,Negative
2137,Maintenance fixed the AC in the auditorium before the fest.,Valid,Maintenance,Positive
2138,The bus was late because of a flat tire this morning.,Valid,Transport,Negative
2139,The Dean is very active in listening to student grievances.,Valid,Administration,Positive
2140,404_not_found_2140,Invalid,Uncategorized,Neutral
2141,The library has a great selection of competitive exam books.,Valid,Library,Positive
2142,The canteen's pasta station is a great new addition.,Valid,Canteen,Positive
2143,The placement statistics page is updated very regularly.,Valid,Website,Positive
2144,We need more guards near the research laboratories.,Valid,Security,Neutral
2145,The physics lecture on wave optics was quite confusing.,Valid,Academics,Negative
2146,The sports equipment inventory is never up to date.,Valid,Sports,Negative
2147,The ceiling in Lab 4 is leaking water during rain.,Valid,Maintenance,Negative
2148,The shuttle bus is always clean and follows the schedule.,Valid,Transport,Positive
2149,The finance office is very helpful with fee installments.,Valid,Administration,Positive
2150,random_garbage_2150,Invalid,Uncategorized,Neutral
2151,Librarians are very helpful in sourcing research papers.,Valid,Library,Positive
2152,The canteen food prices have increased significantly.,Valid,Canteen,Negative
2153,The registration portal crashed during subject selection.,Valid,Website,Negative
2154,Security guards are very vigilant at the campus gate.,Valid,Security,Positive
2155,The drawing hall lacks enough drafting tables for everyone.,Valid,Academics,Negative
2156,The elevator in the mechanical block is very jerky.,Valid,Maintenance,Negative
2157,The gym now has brand new professional treadmills.,Valid,Sports,Positive
2158,Bus drivers should be provided with better communication sets.,Valid,Transport,Neutral
2159,Admin office takes too long to process ID card applications.,Valid,Administration,Negative
2160,error_msg_2160,Invalid,Uncategorized,Negative
2161,The library needs more journals on artificial intelligence.,Valid,Library,Negative
2162,Canteen staff always wear gloves and hairnets now.,Valid,Canteen,Positive
2163,The student dashboard is very fast after the server migration.,Valid,Website,Positive
2164,Suspicious activity noted near the server room last night.,Valid,Security,Negative
2165,The chemistry lab is finally stocked with all reagents.,Valid,Academics,Positive
2166,The tennis court is always flooded after a light rain.,Valid,Sports,Negative
2167,Maintenance replaced all the broken chairs in Hall 2.,Valid,Maintenance,Positive
2168,The bus AC is leaking water on the passengers.,Valid,Transport,Negative
2169,Office hours for the principal should be posted clearly.,Valid,Administration,Neutral
2170,99999_88888_2170,Invalid,Uncategorized,Neutral
2171,The library search system supports Boolean operators now.,Valid,Library,Positive
2172,Canteen meals are too spicy for my stomach.,Valid,Canteen,Negative
2173,The portal UI is much more intuitive for new students.,Valid,Website,Positive
2174,The gate biometric scanner is failing in cold weather.,Valid,Security,Negative
2175,The VLSI course structure is very industry-oriented.,Valid,Academics,Positive
2176,The taps in the sports block washroom are broken.,Valid,Maintenance,Negative
2177,The swimming pool is very well chlorinated this week.,Valid,Sports,Positive
2178,The bus route covers all the major student housing areas.,Valid,Transport,Positive
2179,Applying for an internship NOC is a tedious process.,Valid,Administration,Negative
2180,####_####_2180,Invalid,Uncategorized,Neutral
2181,Finding a quiet spot in the library is nearly impossible.,Valid,Library,Negative
2182,The canteen snacks are prepared fresh every afternoon.,Valid,Canteen,Positive
2183,The website font is very hard to read on tablets.,Valid,Website,Negative
2184,Security guards helped me move my bike during the storm.,Valid,Security,Positive
2185,The seminar on cybersecurity was extremely practical.,Valid,Academics,Positive
2186,The volleyball is missing its pump in the sports room.,Valid,Sports,Negative
2187,The fans in the central workshop are very efficient.,Valid,Maintenance,Positive
2188,The bus driver drives very aggressively on curves.,Valid,Transport,Negative
2189,The registrar staff helped me correct my name on the ID.,Valid,Administration,Positive
2190,system_reboot_2190,Invalid,Uncategorized,Neutral
2191,I like the new science magazine archive in the library.,Valid,Library,Positive
2192,The canteen water dispensers are usually empty by 4 PM.,Valid,Canteen,Negative
2193,The exam schedule page is down for maintenance.,Valid,Website,Neutral
2194,We need more lighting near the girls' hostel path.,Valid,Security,Neutral
2195,The lecturer for control systems is often late.,Valid,Academics,Negative
2196,The gym has sufficient high-quality weight plates.,Valid,Sports,Positive
2197,There is a strange smell coming from the septic tank.,Valid,Maintenance,Negative
2198,The college bus is very punctual for the 8 AM shift.,Valid,Transport,Positive
2199,Transcript delivery via post is a very reliable service.,Valid,Administration,Positive
2200,row_2200_marker,Invalid,Uncategorized,Neutral
2201,The library’s engineering section is missing the 2025 IEEE journals.,Valid,Library,Negative
2202,Canteen food is always fresh if you go before 12 PM.,Valid,Canteen,Positive
2203,The website's registration portal is much more intuitive now.,Valid,Website,Positive
2204,Security guards were helpful when I lost my hostel keys.,Valid,Security,Positive
2205,The electrical workshop equipment is well maintained and safe.,Valid,Academics,Positive
2206,Restroom doors in the science block are broken and won't lock.,Valid,Maintenance,Negative
2207,The gym trainer is very helpful with the new strength routines.,Valid,Sports,Positive
2208,The college bus route is well planned for city students.,Valid,Transport,Positive
2209,The administrative office is very slow in processing marksheet copies.,Valid,Administration,Negative
2210,hello_world_test_2210,Invalid,Uncategorized,Neutral
2211,The library study area is too noisy during the lunch break.,Valid,Library,Negative
2212,The canteen coffee is much better since the machine was fixed.,Valid,Canteen,Positive
2213,The student dashboard on the site is very fast today.,Valid,Website,Positive
2214,I saw an unauthorized person near the girls' hostel entrance.,Valid,Security,Negative
2215,The physics lab assistant is very knowledgeable about the lasers.,Valid,Academics,Positive
2216,The basketball court needs new nets before the tournament.,Valid,Sports,Negative
2217,Maintenance fixed the flickering lights in the drawing hall.,Valid,Maintenance,Positive
2218,The shuttle bus was 30 minutes late due to traffic today.,Valid,Transport,Negative
2219,The registrar's office is open from 10 AM to 4 PM only.,Valid,Administration,Neutral
2220,testing_log_2220,Invalid,Uncategorized,Neutral
2221,Accessing the digital library from the hostel Wi-Fi is easy.,Valid,Library,Positive
2222,The canteen floors are always sticky and need mopping.,Valid,Canteen,Negative
2223,The online result portal is currently showing a database error.,Valid,Website,Negative
2224,Security staff is very alert at the main entrance gate.,Valid,Security,Positive
2225,The microprocessors syllabus is very outdated for 2026.,Valid,Academics,Negative
2226,The sink in the chemistry lab is clogged with solids.,Valid,Maintenance,Negative
2227,The swimming pool water is very clean and clear today.,Valid,Sports,Positive
2228,The transport fee for this academic year is way too high.,Valid,Transport,Negative
2229,Administrative staff was very rude to me regarding my scholarship.,Valid,Administration,Negative
2230,qwerty_seq_2230,Invalid,Uncategorized,Neutral
2231,The library has a wide range of Python and Java books.,Valid,Library,Positive
2232,Canteen lunch is served until 2:30 PM for late students.,Valid,Canteen,Neutral
2233,The mobile site does not show the updated exam schedule.,Valid,Website,Negative
2234,Security guards should check all car stickers more carefully.,Valid,Security,Neutral
2235,The machine learning lecture on SVMs was very interesting.,Valid,Academics,Positive
2236,The tennis court floor is cracked and needs resurfacing.,Valid,Sports,Negative
2237,Elevators are working perfectly in the main academic block.,Valid,Maintenance,Positive
2238,The bus driver is very professional and follows all rules.,Valid,Transport,Positive
2239,The queue for semester fee payment is far too long.,Valid,Administration,Negative
2240,asdf_data_2240,Invalid,Uncategorized,Neutral
2241,I like the new technical magazine section in the annex.,Valid,Library,Positive
2242,Canteen food is too oily and heavy for a daily meal.,Valid,Canteen,Negative
2243,The placement news is always updated on the site dashboard.,Valid,Website,Positive
2244,Is the security office open on public holidays for emergencies?,Valid,Security,Neutral
2245,The calculus professor explains double integrals very well.,Valid,Academics,Positive
2246,The football ground is currently closed for grass renovation.,Valid,Sports,Neutral
2247,The soap dispenser in the central restroom is always empty.,Valid,Maintenance,Negative
2248,The bus seats are very clean and comfortable this term.,Valid,Transport,Positive
2249,The finance office staff was very efficient with my loan.,Valid,Administration,Positive
2250,data_chunk_2250,Invalid,Uncategorized,Neutral
2251,The library is the best place for group project work.,Valid,Library,Positive
2252,The canteen is way too crowded during the 1 PM rush.,Valid,Canteen,Negative
2253,The link for the lab manual download is currently broken.,Valid,Website,Negative
2254,Security staff helped me secure my bike parking spot.,Valid,Security,Positive
2255,The technical seminar on IoT was very well organized.,Valid,Academics,Positive
2256,The window in Room 102 cannot be opened for ventilation.,Valid,Maintenance,Negative
2257,The gym has high-quality weight machines for students.,Valid,Sports,Positive
2258,Bus stops are located at very useful points on campus.,Valid,Transport,Neutral
2259,Admin office never answers the telephone during lunch hours.,Valid,Administration,Negative
2260,info_stream_2260,Invalid,Uncategorized,Neutral
2261,Library needs more copies of the DSP reference book.,Valid,Library,Negative
2262,The sandwiches in the canteen are quite fresh today.,Valid,Canteen,Positive
2263,Website portal speed has improved after the server move.,Valid,Website,Positive
2264,I saw an open gate without any security guard present.,Valid,Security,Negative
2265,The electronics lab assistant is very helpful with circuits.,Valid,Academics,Positive
2266,Cricket practice is cancelled for today due to the rain.,Valid,Sports,Neutral
2267,New paint in the lobby area looks very clean and nice.,Valid,Maintenance,Positive
2268,The shuttle bus AC was not working during the heatwave.,Valid,Transport,Negative
2269,Office hours for degree certificates are 11 AM to 3 PM.,Valid,Administration,Neutral
2270,random_id_2270,Invalid,Uncategorized,Neutral
2271,Accessing ebooks through the library portal is very easy.,Valid,Library,Positive
2272,Canteen tables are always sticky and need better cleaning.,Valid,Canteen,Negative
2273,The new website layout for results is very professional.,Valid,Website,Positive
2274,The gate biometric sensor is not recognizing my thumbprint.,Valid,Security,Negative
2275,The thermodynamics syllabus is very vast for one semester.,Valid,Academics,Neutral
2276,Water pressure in the sports block showers is very low.,Valid,Maintenance,Negative
2277,Swimming pool water is kept at the right temperature.,Valid,Sports,Positive
2278,The bus route covers the railway station from this week.,Valid,Transport,Positive
2279,ID card renewal is a very slow and manual process.,Valid,Administration,Negative
2280,test_case_2280,Invalid,Uncategorized,Neutral
2281,Finding a free seat in the library is a daily struggle.,Valid,Library,Negative
2282,Canteen tea is very good and refreshing after class.,Valid,Canteen,Positive
2283,Font size on the student portal is too small to read.,Valid,Website,Negative
2284,Security is visible everywhere on campus which feels safe.,Valid,Security,Positive
2285,The seminar on cloud computing was useful for my project.,Valid,Academics,Positive
2286,The basketball is missing from the equipment storage room.,Valid,Sports,Negative
2287,All the fans in the main exam hall are working well.,Valid,Maintenance,Positive
2288,Bus destination signs are very hard to read at night.,Valid,Transport,Negative
2289,The finance staff was helpful with my education loan.,Valid,Administration,Positive
2290,marker_row_2290,Invalid,Uncategorized,Neutral
2291,I like the new research book section in the basement.,Valid,Library,Positive
2292,Canteen runs out of fresh juice very early in the day.,Valid,Canteen,Negative
2293,The student portal is currently showing a 404 error.,Valid,Website,Negative
2294,Need more security guards near the bicycle parking stand.,Valid,Security,Neutral
2295,The professor is late for the 9 AM lecture every day.,Valid,Academics,Negative
2296,All gym treadmills are brand new and working well.,Valid,Sports,Positive
2297,Bad smell near the chemistry waste disposal area.,Valid,Maintenance,Negative
2298,The bus driver always follows the speed limit on campus.,Valid,Transport,Positive
2299,Degree verification takes exactly two working weeks.,Valid,Administration,Neutral
2300,stop_data_2300,Invalid,Uncategorized,Neutral
2301,The library’s search engine is very fast and accurate now.,Valid,Library,Positive
2302,Canteen rice was undercooked and hard to eat today.,Valid,Canteen,Negative
2303,The syllabus download link is missing from the new site.,Valid,Website,Negative
2304,Security patrol is very active and visible at night.,Valid,Security,Positive
2305,The EM lecture was very informative and well-paced today.,Valid,Academics,Positive
2306,The ceiling fan in the workshop is shaky and dangerous.,Valid,Maintenance,Negative
2307,The sports fest was a huge success for all departments.,Valid,Sports,Positive
2308,The bus routes are the same as last year which is fine.,Valid,Transport,Neutral
2309,Admin staff lost my original high school mark sheet.,Valid,Administration,Negative
2310,hello_1310_ping,Invalid,Uncategorized,Neutral
2311,Library books are in very bad condition and torn.,Valid,Library,Negative
2312,Prices in the canteen are quite student-friendly.,Valid,Canteen,Positive
2313,The campus map on the site is helpful for newcomers.,Valid,Website,Positive
2314,Street lights are not working near the main gate.,Valid,Security,Negative
2315,The new professor for DSP explains concepts perfectly.,Valid,Academics,Positive
2316,Gym timing is posted on the portal but not followed.,Valid,Sports,Negative
2317,The leaking pipe in the fluid mechanics lab was fixed.,Valid,Maintenance,Positive
2318,Shuttle bus is too full during the peak morning hours.,Valid,Transport,Negative
2319,The scholarship office is located in the admin block.,Valid,Administration,Neutral
2320,data_packet_2320,Invalid,Uncategorized,Neutral
2321,Librarian makes finding research papers very easy.,Valid,Library,Positive
2322,Canteen is overcrowded at 1 PM every single day.,Valid,Canteen,Negative
2323,Online registration for the elective was very smooth.,Valid,Website,Positive
2324,I feel safe with the new night lighting in parking.,Valid,Security,Positive
2325,The lab manual matches the actual syllabus perfectly.,Valid,Academics,Positive
2326,There is a broken desk in the electronics workshop.,Valid,Maintenance,Negative
2327,Sports equipment provided is of high professional quality.,Valid,Sports,Positive
2328,The transport fee for this year is way too high.,Valid,Transport,Negative
2329,The registrar was very helpful with my application form.,Valid,Administration,Positive
2330,check_sum_2330,Invalid,Uncategorized,Neutral
2331,Library lacks latest power electronics reference books.,Valid,Library,Negative
2332,Breakfast in canteen starts at 8 AM for hostelers.,Valid,Canteen,Neutral
2333,The mobile version of the site is very slow to load.,Valid,Website,Negative
2334,Security needs to check all external guest entries.,Valid,Security,Neutral
2335,The ML lab sessions are very practical and useful.,Valid,Academics,Positive
2336,Tennis court floor has deep cracks and needs repair.,Valid,Sports,Negative
2337,Elevators are serviced on time now which is good.,Valid,Maintenance,Positive
2338,The bus driver is very polite and drives safely.,Valid,Transport,Positive
2339,Waiting time for official transcripts is far too long.,Valid,Administration,Negative
2340,code_exec_2340,Invalid,Uncategorized,Neutral
2341,Library study rooms are quiet and well air-conditioned.,Valid,Library,Positive
2342,The canteen lunch was extremely greasy today.,Valid,Canteen,Negative
2343,The college news section is updated daily on the site.,Valid,Website,Positive
2344,Are fire alarms tested every month in the hostel?,Valid,Security,Neutral
2345,Sociology grading is very inconsistent across batches.,Valid,Academics,Negative
2346,Cricket ground is finally open for weekend practice.,Valid,Sports,Neutral
2347,Soap is missing from the main block toilet again.,Valid,Maintenance,Negative
2348,Bus seats are clean and very comfortable this year.,Valid,Transport,Positive
2349,The Dean's staff is very professional and prompt.,Valid,Administration,Positive
2350,test_row_2350,Invalid,Uncategorized,Neutral
2351,Library has a good collection of modern novels.,Valid,Library,Positive
2352,Canteen chairs are standard and okay for a quick meal.,Valid,Canteen,Neutral
2353,I cannot log in to the student portal since morning.,Valid,Website,Negative
2354,Security guard helped me with my bike's flat tire.,Valid,Security,Positive
2355,The technical seminar on drones was just average.,Valid,Academics,Neutral
2356,The window in Room 402 is stuck shut and won't open.,Valid,Maintenance,Negative
2357,Gym facilities are among the best in the city.,Valid,Sports,Positive
2358,Bus stops are at very useful points for students.,Valid,Transport,Neutral
2359,Admin office never picks up the phone for queries.,Valid,Administration,Negative
2360,dash_board_2360,Invalid,Uncategorized,Neutral
2361,Library needs more copies of Advanced Calculus books.,Valid,Library,Negative
2362,Canteen snacks are just okay but need more variety.,Valid,Canteen,Neutral
2363,Portal speed has improved significantly this month.,Valid,Website,Positive
2364,Unauthorized person spotted near the girls' lab block.,Valid,Security,Negative
2365,The digital assistant for the library is great.,Valid,Academics,Positive
2366,Football ground is currently being leveled for the fest.,Valid,Sports,Neutral
2367,New paint in the workshop looks clean and professional.,Valid,Maintenance,Positive
2368,Shuttle bus AC is not working during the afternoon.,Valid,Transport,Negative
2369,Office hours for the clerk are 9 AM to 5 PM.,Valid,Administration,Neutral
2370,qwerty_input_2370,Invalid,Uncategorized,Neutral
2371,Ebook access via the student portal is very easy.,Valid,Library,Positive
2372,Sticky tables in canteen need immediate cleaning.,Valid,Canteen,Negative
2373,The mobile app layout is user friendly and fast.,Valid,Website,Positive
2374,Gate biometric sensor is broken and causes delays.,Valid,Security,Negative
2375,The economics syllabus is well rounded and modern.,Valid,Academics,Neutral
2376,Low water pressure in the sports block showers.,Valid,Maintenance,Negative
2377,Swimming pool water is warm enough for morning use.,Valid,Sports,Positive
2378,Glad the bus route now covers the metro station.,Valid,Transport,Positive
2379,ID card renewal is a very slow and painful process.,Valid,Administration,Negative
2380,ques_data_2380,Invalid,Uncategorized,Neutral
2381,Hard to find a library seat at peak study hours.,Valid,Library,Negative
2382,Canteen tea is high quality and very affordable.,Valid,Canteen,Positive
2383,Font size on the official website is too small.,Valid,Website,Negative
2384,Security is very professional and alert here.,Valid,Security,Positive
2385,The seminar on network security was truly great.,Valid,Academics,Positive
2386,Basketball is missing from the main court room.,Valid,Sports,Negative
2387,All fans in Lab 1 are now fixed and working.,Valid,Maintenance,Positive
2388,Bus timing display at the gate is not accurate.,Valid,Transport,Negative
2389,Finance staff was helpful with my fee payments.,Valid,Administration,Positive
2390,brack_seq_2390,Invalid,Uncategorized,Neutral
2391,I like the new science magazine section in library.,Valid,Library,Positive
2392,Canteen runs out of fresh juice very fast daily.,Valid,Canteen,Negative
2393,The fee payment link is currently offline.,Valid,Website,Negative
2394,Need more guards near the vehicle parking zone.,Valid,Security,Neutral
2395,Professor is late for every single morning lecture.,Valid,Academics,Negative
2396,Treadmills in the gym are brand new now.,Valid,Sports,Positive
2397,Bad smell near the chemistry waste disposal area.,Valid,Maintenance,Negative
2398,Bus driver always follows the safety speed limits.,Valid,Transport,Positive
2399,Transcript verification takes at least 3 weeks.,Valid,Administration,Neutral
2400,end_chunk_2400,Invalid,Uncategorized,Neutral
2401,Accessing IEEE papers via library is easy now.,Valid,Library,Positive
2402,Canteen floors are wet and dangerous for students.,Valid,Canteen,Negative
2403,The website theme is quite boring and dated.,Valid,Website,Neutral
2404,Security returned my lost wallet within an hour.,Valid,Security,Positive
2405,The electrical lecture was standard but clear.,Valid,Academics,Neutral
2406,Hand dryers in the restroom are all broken.,Valid,Maintenance,Negative
2407,Basketball hoops are set at different heights.,Valid,Sports,Negative
2408,Shuttle frequency is much better this week.,Valid,Transport,Positive
2409,Admin forms are too hard to fill and complex.,Valid,Administration,Negative
2410,hi_1410_ping,Invalid,Uncategorized,Neutral
2411,Library fiction section needs some new updates.,Valid,Library,Negative
2412,Food variety at the canteen is decent but basic.,Valid,Canteen,Neutral
2413,College newsletter link is working fine now.,Valid,Website,Positive
2414,Broken lock on the back store security door.,Valid,Security,Negative
2415,Programming professor explains complex logic well.,Valid,Academics,Positive
2416,Gym locker room smells very damp and musty.,Valid,Sports,Negative
2417,Maintenance staff are hardworking and efficient.,Valid,Maintenance,Positive
2418,Bus driver was very rude this morning to me.,Valid,Transport,Negative
2419,Transcript requests take five working days now.,Valid,Administration,Neutral
2420,batch_seq_2420,Invalid,Uncategorized,Neutral
2421,I love the new reading area in the basement.,Valid,Library,Positive
2422,Canteen coffee is always too bitter to drink.,Valid,Canteen,Negative
2423,Website search bar is very hard to find.,Valid,Website,Negative
2424,Security patrols are frequent during the night.,Valid,Security,Positive
2425,Humanities readings are way too long for us.,Valid,Academics,Neutral
2426,Ceiling tile is missing in the mechanical workshop.,Valid,Maintenance,Negative
2427,Tennis court surface is very smooth and new.,Valid,Sports,Positive
2428,College bus was 40 minutes late this morning.,Valid,Transport,Negative
2429,Registrar's staff was professional during my visit.,Valid,Administration,Positive
2430,sym_link_2430,Invalid,Uncategorized,Neutral
2431,Library staff found a rare book for my paper.,Valid,Library,Positive
2432,Canteen runs out of spoons at 1 PM daily.,Valid,Canteen,Negative
2433,Campus map on the site is very old and wrong.,Valid,Website,Negative
2434,Security gate is always well-guarded and safe.,Valid,Security,Positive
2435,Math midterm results were released very late.,Valid,Academics,Negative
2436,Football practice is scheduled for 5 PM daily.,Valid,Sports,Neutral
2437,Hallway lights are all working today.,Valid,Maintenance,Positive
2438,Shuttle route is very convenient for hostellers.,Valid,Transport,Positive
2439,Admin office queue is too long every Monday.,Valid,Administration,Negative
2440,test_case_2440,Invalid,Uncategorized,Neutral
2441,I enjoy the total silence of the library pods.,Valid,Library,Positive
2442,Canteen water tastes like plastic this week.,Valid,Canteen,Negative
2443,Portal layout is standard and clean for use.,Valid,Website,Neutral
2444,Security guard helped jump-start my car today.,Valid,Security,Positive
2445,History professor is very engaging and fun.,Valid,Academics,Positive
2446,Sports locker keys are frequently missing.,Valid,Sports,Negative
2447,Lab equipment is kept very clean by the staff.,Valid,Maintenance,Positive
2448,Bus driver was talking on the phone while driving.,Valid,Transport,Negative
2449,Certificates were issued quickly this semester.,Valid,Administration,Positive
2450,marker_row_2450,Invalid,Uncategorized,Neutral
2451,Library has all the core textbooks we need.,Valid,Library,Positive
2452,Canteen chairs are very uncomfortable to sit on.,Valid,Canteen,Negative
2453,Login button on the portal is currently broken.,Valid,Website,Negative
2454,Security was alert during the annual tech fest.,Valid,Security,Positive
2455,Physics lab session was average and standard.,Valid,Academics,Neutral
2456,There is a leak in the workshop sink area.,Valid,Maintenance,Negative
2457,Badminton net is currently torn and unusable.,Valid,Sports,Negative
2458,College bus is always on time every morning.,Valid,Transport,Positive
2459,Scholarship info was clearly given to students.,Valid,Administration,Positive
2460,star_packet_2460,Invalid,Uncategorized,Neutral
2461,I found the exact technical paper I needed.,Valid,Library,Positive
2462,Canteen tea is lukewarm every single day.,Valid,Canteen,Negative
2463,Result page took way too long to load up.,Valid,Website,Negative
2464,I feel safe in the parking lot at night.,Valid,Security,Positive
2465,Logic design course is very easy to follow.,Valid,Academics,Positive
2466,Sports ground is muddy and unusable today.,Valid,Sports,Negative
2467,Elevator was fixed in under two hours today.,Valid,Maintenance,Positive
2468,Bus pass price is too high for local students.,Valid,Transport,Negative
2469,Finance desk staff was helpful with my loan.,Valid,Administration,Positive
2470,data_node_2470,Invalid,Uncategorized,Neutral
2471,Library catalog is finally intuitive and fast.,Valid,Library,Positive
2472,Canteen meals are neither good nor bad today.,Valid,Canteen,Neutral
2473,Website news is not up to date at all.,Valid,Website,Negative
2474,Security was professional during the fire drill.,Valid,Security,Positive
2475,Calculus lecture was extremely boring today.,Valid,Academics,Negative
2476,Football is flat in the equipment room.,Valid,Sports,Negative
2477,Classroom fans are making a very loud noise.,Valid,Maintenance,Negative
2478,Shuttle service is very reliable for students.,Valid,Transport,Positive
2479,Registrar office is closed without any notice.,Valid,Administration,Negative
2480,slash_link_2480,Invalid,Uncategorized,Neutral
2481,I love the library's new ebook collection.,Valid,Library,Positive
2482,Canteen staff are very slow to serve food.,Valid,Canteen,Negative
2483,Password reset link is not working at all.,Valid,Website,Negative
2484,Security cameras are clearly visible and active.,Valid,Security,Positive
2485,Course materials provided are very detailed.,Valid,Academics,Positive
2486,Gym lacks a good set of heavy dumbbells.,Valid,Sports,Negative
2487,Classroom windows were all cleaned today.,Valid,Maintenance,Positive
2488,Bus was too full to board at my stop.,Valid,Transport,Negative
2489,The Dean gave us a very warm welcome.,Valid,Administration,Positive
2490,reset_log_2490,Invalid,Uncategorized,Neutral
2491,Library is the best study place on campus.,Valid,Library,Positive
2492,Canteen hygiene is at a standard level.,Valid,Canteen,Neutral
2493,Contact form on the site is broken again.,Valid,Website,Negative
2494,Security checked the car very thoroughly.,Valid,Security,Positive
2495,Math midterm exam was very difficult for all.,Valid,Academics,Negative
2496,Cricket field is very well maintained now.,Valid,Sports,Positive
2497,Faucet in the lab is dripping constantly.,Valid,Maintenance,Negative
2498,Bus driver always follows the safe route.,Valid,Transport,Positive
2499,Admissions office is open till 4 PM daily.,Valid,Administration,Neutral
2500,final_data_row_2500,Invalid,Uncategorized,Neutral
2501,The digital spectrometer in the physics lab needs calibration.,Valid,Academics,Negative
2502,Canteen thali price is very reasonable for the portion size.,Valid,Canteen,Positive
2503,The placement brochure on the website is out of date.,Valid,Website,Negative
2504,Security should monitor the basement parking more often.,Valid,Security,Neutral
2505,The library’s book-return machine is currently out of order.,Valid,Library,Negative
2506,The hydraulic press in the civil lab has a minor leak.,Valid,Academics,Negative
2507,The synthetic track on the sports field is peeling off.,Valid,Sports,Negative
2508,College bus route 4 needs an extra vehicle during exams.,Valid,Transport,Neutral
2509,Administrative office lost my original fee receipt.,Valid,Administration,Negative
2510,system_test_v2_2510,Invalid,Uncategorized,Neutral
2511,The 24/7 access to the digital library portal is great.,Valid,Library,Positive
2512,The breakfast menu in the canteen is too repetitive.,Valid,Canteen,Negative
2513,The website’s faculty directory has outdated contact info.,Valid,Website,Negative
2514,Guards were very efficient during the campus marathon.,Valid,Security,Positive
2515,The workshop assistants are great at explaining the lathe.,Valid,Academics,Positive
2516,The gym equipment is not being wiped down after use.,Valid,Sports,Negative
2517,Maintenance replaced the faulty projector in Hall B.,Valid,Maintenance,Positive
2518,The shuttle bus driver is always very cautious in rain.,Valid,Transport,Positive
2519,Requesting a transcript is much easier than last year.,Valid,Administration,Positive
2520,null_data_chunk_2520,Invalid,Uncategorized,Neutral
2521,The library lacks current books on renewable energy.,Valid,Library,Negative
2522,The canteen lunch thali is very balanced and healthy.,Valid,Canteen,Positive
2523,I love the new 'Forgot Password' feature on the portal.,Valid,Website,Positive
2524,The floodlights in the parking lot are not working.,Valid,Security,Negative
2525,The thermodynamics professor uses great real-life examples.,Valid,Academics,Positive
2526,The restroom near the admin block is always out of soap.,Valid,Maintenance,Negative
2527,The cricket pitch was perfectly prepared for the match.,Valid,Sports,Positive
2528,Bus passes should be available for purchase online.,Valid,Transport,Neutral
2529,The registrar’s staff was very dismissive of my request.,Valid,Administration,Negative
2530,############_2530,Invalid,Uncategorized,Neutral
2531,The library’s book return drop-box is very convenient.,Valid,Library,Positive
2532,The canteen tea is often too cold by the time it's served.,Valid,Canteen,Negative
2533,The college portal doesn't load on Safari browsers.,Valid,Website,Negative
2534,Security helped jump-start my car in the parking lot.,Valid,Security,Positive
2535,The electronics lab manual has several calculation errors.,Valid,Academics,Negative
2536,The basketball hoop in the indoor court is slightly tilted.,Valid,Sports,Negative
2537,Maintenance fixed the AC in the server room quickly.,Valid,Maintenance,Positive
2538,The morning bus arrived 15 minutes late this morning.,Valid,Transport,Negative
2539,The Dean of Students is very approachable and kind.,Valid,Administration,Positive
2540,1010101010_2540,Invalid,Uncategorized,Neutral
2541,The library's new quiet pods are a great addition.,Valid,Library,Positive
2542,The canteen's sandwich bar is a great healthy option.,Valid,Canteen,Positive
2543,The placement department site is very user friendly.,Valid,Website,Positive
2544,Are there enough security cameras in the bicycle stand?,Valid,Security,Neutral
2545,The mathematics lecture was way too fast to follow.,Valid,Academics,Negative
2546,The sports room equipment is always very disorganized.,Valid,Sports,Negative
2547,The ceiling in the physics lab is showing water stains.,Valid,Maintenance,Negative
2548,The shuttle bus is always clean and well ventilated.,Valid,Transport,Positive
2549,The finance office handles student loans very efficiently.,Valid,Administration,Positive
2550,random_feedback_2550,Invalid,Uncategorized,Neutral
2551,The library staff is very helpful with database queries.,Valid,Library,Positive
2552,The canteen food quality has dropped this month.,Valid,Canteen,Negative
2553,The result portal crashed during the peak hours.,Valid,Website,Negative
2554,Security staff is very polite when checking ID cards.,Valid,Security,Positive
2555,The engineering drawing hall needs better lighting.,Valid,Academics,Negative
2556,The elevator in the research block is making a noise.,Valid,Maintenance,Negative
2557,The gym has high-quality weight lifting belts now.,Valid,Sports,Positive
2558,Bus stops are located at very convenient campus points.,Valid,Transport,Neutral
2559,The admin office is very slow with degree verification.,Valid,Administration,Negative
2560,error_code_505_2560,Invalid,Uncategorized,Negative
2561,The library needs more copies of the ML textbook.,Valid,Library,Negative
2562,The canteen staff is very hygienic and well-trained.,Valid,Canteen,Positive
2563,The new website UI is much better than the old one.,Valid,Website,Positive
2564,I saw a stranger wandering near the girls' hostel.,Valid,Security,Negative
2565,The chemistry lab is equipped with modern tools.,Valid,Academics,Positive
2566,The sports field is very muddy and needs drainage.,Valid,Sports,Negative
2567,Maintenance fixed the flickering lights in Room 302.,Valid,Maintenance,Positive
2568,The college bus AC is not cooling effectively.,Valid,Transport,Negative
2569,Office hours for certificates should be extended.,Valid,Administration,Neutral
2570,00000_11111_2570,Invalid,Uncategorized,Neutral
2571,The library’s book search app is very intuitive.,Valid,Library,Positive
2572,Canteen food is very spicy for international students.,Valid,Canteen,Negative
2573,The online portal is much faster after the upgrade.,Valid,Website,Positive
2574,The gate biometric system is not reading cards.,Valid,Security,Negative
2575,The microprocessors syllabus is very well structured.,Valid,Academics,Positive
2576,The washroom taps are leaking in the civil block.,Valid,Maintenance,Negative
2577,The swimming pool is very well maintained lately.,Valid,Sports,Positive
2578,The bus route now includes the new metro station.,Valid,Transport,Positive
2579,Getting a migration certificate is a slow process.,Valid,Administration,Negative
2580,#########_2580,Invalid,Uncategorized,Neutral
2581,Finding a quiet seat in the library is a struggle.,Valid,Library,Negative
2582,Canteen snacks are very affordable and fresh.,Valid,Canteen,Positive
2583,The website's font size is too small for reading.,Valid,Website,Negative
2584,Security guards are very professional and helpful.,Valid,Security,Positive
2585,The guest lecture on IoT was very informative.,Valid,Academics,Positive
2586,The basketballs are all flat in the equipment room.,Valid,Sports,Negative
2587,The ceiling fans in the hall are finally fixed.,Valid,Maintenance,Positive
2588,The bus driver drives way too fast on the highway.,Valid,Transport,Negative
2589,The registrar's staff helped me with my exam form.,Valid,Administration,Positive
2590,system_ping_2590,Invalid,Uncategorized,Neutral
2591,I like the new research journal section in the library.,Valid,Library,Positive
2592,The canteen runs out of drinking water by 1 PM.,Valid,Canteen,Negative
2593,The result portal is down for scheduled maintenance.,Valid,Website,Neutral
2594,We need more security cameras in the faculty parking.,Valid,Security,Neutral
2595,The professor for signals is never on time.,Valid,Academics,Negative
2596,The gym has all the necessary weight equipment.,Valid,Sports,Positive
2597,There is a bad chemical smell near the lab area.,Valid,Maintenance,Negative
2598,The bus is always on time for the first shift.,Valid,Transport,Positive
2599,Degree verification is a very smooth process now.,Valid,Administration,Positive
2600,dummy_row_2600,Invalid,Uncategorized,Neutral
2601,The library website is not letting me renew books.,Valid,Website,Negative
2602,The canteen should offer more vegan options.,Valid,Canteen,Neutral
2603,Placement notifications are not reaching my email.,Valid,Website,Negative
2604,Security personnel at the gate are on their phones.,Valid,Security,Negative
2605,The library section needs the latest 2026 editions.,Valid,Library,Negative
2606,The CNC machine in the workshop has a broken guard.,Valid,Academics,Negative
2607,The synthetic grass on the field is getting slippery.,Valid,Sports,Negative
2608,College bus route 7 is always skipped on Fridays.,Valid,Transport,Negative
2609,Administrative office hours are too short.,Valid,Administration,Negative
2610,error_dump_2610,Invalid,Uncategorized,Neutral
2611,The digital archives for thesis are well maintained.,Valid,Library,Positive
2612,The canteen juice bar is the best part of the court.,Valid,Canteen,Positive
2613,The website portal does not work on mobile Chrome.,Valid,Website,Negative
2614,Security responded very quickly to the fire drill.,Valid,Security,Positive
2615,The microprocessors lab has new boards.,Valid,Academics,Positive
2616,The gym smells quite bad and needs ventilation.,Valid,Sports,Negative
2617,Maintenance fixed the elevator in the hostel.,Valid,Maintenance,Positive
2618,The shuttle bus driver is helpful with bags.,Valid,Transport,Positive
2619,Requesting a transcript is a very fast process.,Valid,Administration,Positive
2620,null_pointer_2620,Invalid,Uncategorized,Neutral
2621,The library lacks textbooks for VLSI design.,Valid,Library,Negative
2622,The canteen lunch is consistent in quality.,Valid,Canteen,Positive
2623,The 'Results' tab on the portal is easy to find.,Valid,Website,Positive
2624,The lights in the parking lot are burnt out.,Valid,Security,Negative
2625,The professor explains complex math very well.,Valid,Academics,Positive
2626,The toilets in the civil block are overflowing.,Valid,Maintenance,Negative
2627,The cricket tournament was managed professionally.,Valid,Sports,Positive
2628,Transport fees should be refundable if cancelled.,Valid,Transport,Neutral
2629,The staff at the scholarship desk was dismissive.,Valid,Administration,Negative
2630,!!!_!!!_2630,Invalid,Uncategorized,Neutral
2631,The library study rooms are booked by non-students.,Valid,Library,Negative
2632,The canteen coffee is often lukewarm.,Valid,Canteen,Negative
2633,The website's captcha for login is hard to read.,Valid,Website,Negative
2634,Security helped me find my lost calculator.,Valid,Security,Positive
2635,The mechanics lab manual has a lot of errors.,Valid,Academics,Negative
2636,The basketball court floor is uneven.,Valid,Sports,Negative
2637,Maintenance fixed the AC in the auditorium.,Valid,Maintenance,Positive
2638,The bus was late because of a flat tire.,Valid,Transport,Negative
2639,The Dean listens to student grievances.,Valid,Administration,Positive
2640,404_not_found_2640,Invalid,Uncategorized,Neutral
2641,The library has competitive exam books.,Valid,Library,Positive
2642,The canteen's pasta station is a good addition.,Valid,Canteen,Positive
2643,The placement statistics page is updated.,Valid,Website,Positive
2644,Need more guards near the research labs.,Valid,Security,Neutral
2645,The physics lecture on optics was confusing.,Valid,Academics,Negative
2646,The sports equipment inventory is never updated.,Valid,Sports,Negative
2647,The ceiling in Lab 4 is leaking water.,Valid,Maintenance,Negative
2648,The shuttle bus is clean and on schedule.,Valid,Transport,Positive
2649,The finance office is helpful with installments.,Valid,Administration,Positive
2650,random_garbage_2650,Invalid,Uncategorized,Neutral
2651,Librarians are helpful in sourcing papers.,Valid,Library,Positive
2652,The canteen food prices have increased.,Valid,Canteen,Negative
2653,The portal crashed during subject selection.,Valid,Website,Negative
2654,Security guards are vigilant at the gate.,Valid,Security,Positive
2655,The drawing hall lacks enough drafting tables.,Valid,Academics,Negative
2656,The elevator in the mechanical block is jerky.,Valid,Maintenance,Negative
2657,The gym now has brand new treadmills.,Valid,Sports,Positive
2658,Bus drivers should have better communication.,Valid,Transport,Neutral
2659,Admin office takes too long for ID cards.,Valid,Administration,Negative
2660,error_msg_2660,Invalid,Uncategorized,Negative
2661,The library needs more journals on AI.,Valid,Library,Negative
2662,Canteen staff always wear hairnets now.,Valid,Canteen,Positive
2663,The student dashboard is fast after migration.,Valid,Website,Positive
2664,Suspicious activity noted near the server room.,Valid,Security,Negative
2665,The chemistry lab is stocked with reagents.,Valid,Academics,Positive
2666,The tennis court is flooded after rain.,Valid,Sports,Negative
2667,Maintenance replaced broken chairs in Hall 2.,Valid,Maintenance,Positive
2668,The bus AC is leaking water on passengers.,Valid,Transport,Negative
2669,Office hours for the principal should be clear.,Valid,Administration,Neutral
2670,99999_88888_2670,Invalid,Uncategorized,Neutral
2671,The library search supports Boolean operators.,Valid,Library,Positive
2672,Canteen meals are too spicy for me.,Valid,Canteen,Negative
2673,The portal UI is intuitive for new students.,Valid,Website,Positive
2674,The gate biometric scanner is failing.,Valid,Security,Negative
2675,The VLSI course structure is industry-oriented.,Valid,Academics,Positive
2676,The taps in the sports block are broken.,Valid,Maintenance,Negative
2677,The swimming pool is well chlorinated.,Valid,Sports,Positive
2678,The bus route covers student housing areas.,Valid,Transport,Positive
2679,Applying for an internship NOC is tedious.,Valid,Administration,Negative
2680,####_####_2680,Invalid,Uncategorized,Neutral
2681,Finding a quiet spot in the library is hard.,Valid,Library,Negative
2682,The canteen snacks are prepared fresh.,Valid,Canteen,Positive
2683,The website font is hard to read on tablets.,Valid,Website,Negative
2684,Security guards helped move my bike.,Valid,Security,Positive
2685,The seminar on cybersecurity was practical.,Valid,Academics,Positive
2686,The volleyball is missing its pump.,Valid,Sports,Negative
2687,The fans in the workshop are efficient.,Valid,Maintenance,Positive
2688,The bus driver drives aggressively on curves.,Valid,Transport,Negative
2689,The registrar staff helped correct my name.,Valid,Administration,Positive
2690,system_reboot_2690,Invalid,Uncategorized,Neutral
2691,I like the new science magazine archive.,Valid,Library,Positive
2692,The canteen water dispensers are empty.,Valid,Canteen,Negative
2693,The exam schedule page is down.,Valid,Website,Neutral
2694,We need more lighting near the hostel path.,Valid,Security,Neutral
2695,The lecturer for control systems is late.,Valid,Academics,Negative
2696,The gym has high-quality weight plates.,Valid,Sports,Positive
2697,There is a strange smell from the septic tank.,Valid,Maintenance,Negative
2698,The college bus is punctual for the shift.,Valid,Transport,Positive
2699,Transcript delivery via post is reliable.,Valid,Administration,Positive
2700,row_2700_marker,Invalid,Uncategorized,Neutral
2701,The theodolite in the surveying lab is damaged.,Valid,Academics,Negative
2702,Canteen dosa is crispy and very tasty.,Valid,Canteen,Positive
2703,The website's career page has broken links.,Valid,Website,Negative
2704,Security should check vehicles at the exit.,Valid,Security,Neutral
2705,The librarian is very knowledgeable about codes.,Valid,Library,Positive
2706,The welding machines are sparking too much.,Valid,Academics,Negative
2707,The long jump pit needs more soft sand.,Valid,Sports,Negative
2708,Bus 5 arrived late due to the engine issue.,Valid,Transport,Negative
2709,Admin lost my original medical certificate.,Valid,Administration,Negative
2710,void_id_2710,Invalid,Uncategorized,Neutral
2711,The library has a vast section on ethics.,Valid,Library,Positive
2712,Canteen staff should wear better uniforms.,Valid,Canteen,Neutral
2713,The portal doesn't show cumulative GPA.,Valid,Website,Negative
2714,Security guards are helpful with parking.,Valid,Security,Positive
2715,The control systems lab is very modern.,Valid,Academics,Positive
2716,The gym floor is very slippery today.,Valid,Sports,Negative
2717,Maintenance fixed the broken whiteboard.,Valid,Maintenance,Positive
2718,The bus stop needs a proper shelter.,Valid,Transport,Negative
2719,The registrar was very fast with the NOC.,Valid,Administration,Positive
2720,system_error_2720,Invalid,Uncategorized,Neutral
2721,I love the digital access to journals.,Valid,Library,Positive
2722,Canteen coffee is way too expensive now.,Valid,Canteen,Negative
2723,The portal login is much more secure.,Valid,Website,Positive
2724,The campus perimeter fence has a hole.,Valid,Security,Negative
2725,The heat transfer lab session was great.,Valid,Academics,Positive
2726,The bathroom mirror is cracked in block C.,Valid,Maintenance,Negative
2727,The football team has brand new jerseys.,Valid,Sports,Positive
2728,Shuttle bus should run every 15 minutes.,Valid,Transport,Neutral
2729,The finance office is very disorganized.,Valid,Administration,Negative
2730,#####_2730,Invalid,Uncategorized,Neutral
2731,Library needs more chairs in the annex.,Valid,Library,Negative
2732,The canteen thali is very filling.,Valid,Canteen,Positive
2733,Website's mobile view is very distorted.,Valid,Website,Negative
2734,Security is visible at every building.,Valid,Security,Positive
2735,The guest lecture on AI was boring.,Valid,Academics,Negative
2736,The badminton rackets are all broken.,Valid,Sports,Negative
2737,Maintenance painted the main lobby well.,Valid,Maintenance,Positive
2738,The bus was early and I missed it.,Valid,Transport,Negative
2739,Scholarship desk staff was very helpful.,Valid,Administration,Positive
2740,row_2740,Invalid,Uncategorized,Neutral
2741,The library AC is way too cold today.,Valid,Library,Negative
2742,Canteen water cooler is not working.,Valid,Canteen,Negative
2743,The placement stats are easy to find.,Valid,Website,Positive
2744,Security guards are polite to students.,Valid,Security,Positive
2745,The math professor is very enthusiastic.,Valid,Academics,Positive
2746,Sports room lacks proper table tennis balls.,Valid,Sports,Negative
2747,The ceiling is leaking in Room 205.,Valid,Maintenance,Negative
2748,Bus driver is careful and polite.,Valid,Transport,Positive
2749,Admin office is very clean and quiet.,Valid,Administration,Positive
2750,data_2750,Invalid,Uncategorized,Neutral
2751,The digital library is very efficient.,Valid,Library,Positive
2752,Canteen food is served cold lately.,Valid,Canteen,Negative
2753,The syllabus is updated on the portal.,Valid,Website,Positive
2754,Gate security check is very thorough.,Valid,Security,Positive
2755,The lab equipment is easy to use.,Valid,Academics,Positive
2756,The restroom lacks toilet paper always.,Valid,Maintenance,Negative
2757,Gym has a good sound system now.,Valid,Sports,Positive
2758,Bus route covers the highway properly.,Valid,Transport,Positive
2759,Staff helped with the backlog forms.,Valid,Administration,Positive
2760,stop_2760,Invalid,Uncategorized,Neutral
2761,Library is the best part of campus.,Valid,Library,Positive
2762,Canteen tea is refreshing in winter.,Valid,Canteen,Positive
2763,Site is very easy for new students.,Valid,Website,Positive
2764,Security staff is very disciplined.,Valid,Security,Positive
2765,Lab session was very informative today.,Valid,Academics,Positive
2766,The light in the hallway is off.,Valid,Maintenance,Negative
2767,Sports ground is open for practice.,Valid,Sports,Positive
2768,The bus is always clean inside.,Valid,Transport,Positive
2769,Dean is very active on social media.,Valid,Administration,Positive
2770,null_2770,Invalid,Uncategorized,Neutral
2771,Finding a book takes too long.,Valid,Library,Negative
2772,Canteen meals are not balanced.,Valid,Canteen,Negative
2773,The portal crashed during payment.,Valid,Website,Negative
2774,Security is not helpful at night.,Valid,Security,Negative
2775,The class was too theoretical today.,Valid,Academics,Negative
2776,The tap in the lab is leaking.,Valid,Maintenance,Negative
2777,Gym is missing a rowing machine.,Valid,Sports,Negative
2778,Bus timing is very inconsistent.,Valid,Transport,Negative
2779,Office is slow to issue letters.,Valid,Administration,Negative
2780,check_2780,Invalid,Uncategorized,Neutral
2781,Library staff is very friendly.,Valid,Library,Positive
2782,Canteen food is cheap for all.,Valid,Canteen,Positive
2783,Website is modern and stylish.,Valid,Website,Positive
2784,Security is very strict at gate.,Valid,Security,Positive
2785,Professor uses good powerpoints.,Valid,Academics,Positive
2786,Elevator is fast and smooth now.,Valid,Maintenance,Positive
2787,Gym has very new equipment.,Valid,Sports,Positive
2788,Bus driver is very punctual.,Valid,Transport,Positive
2789,Dean is very supportive of us.,Valid,Administration,Positive
2790,marker_2790,Invalid,Uncategorized,Neutral
2791,Books are not kept in order.,Valid,Library,Negative
2792,Canteen runs out of plates.,Valid,Canteen,Negative
2793,Site is very heavy to load.,Valid,Website,Negative
2794,Security is lazy at the gate.,Valid,Security,Negative
2795,Exam questions were very hard.,Valid,Academics,Negative
2796,Room 101 has a broken fan.,Valid,Maintenance,Negative
2797,Sports court is very dirty.,Valid,Sports,Negative
2798,Bus arrived 1 hour late.,Valid,Transport,Negative
2799,Staff is rude to parents.,Valid,Administration,Negative
2800,final_2800,Invalid,Uncategorized,Neutral
2801,The VLSI lab needs more licenses for the Cadence software.,Valid,Academics,Negative
2802,The canteen thali is the best value for money on campus.,Valid,Canteen,Positive
2803,I can't download my hall ticket from the student portal.,Valid,Website,Negative
2804,Security helped me find my parked bike during the heavy rain.,Valid,Security,Positive
2805,The library’s collection of IEEE journals is world-class.,Valid,Library,Positive
2806,The lathe machines in the workshop are vibrating too much.,Valid,Academics,Negative
2807,The annual sports meet was very well organized this year.,Valid,Sports,Positive
2808,The college bus was 20 minutes early today.,Valid,Transport,Neutral
2809,The admin staff was helpful with my migration certificate.,Valid,Administration,Positive
2810,asdfghjkl_final_3000,Invalid,Uncategorized,Neutral
2811,The library Wi-Fi speed is better in the early morning.,Valid,Library,Positive
2812,The canteen coffee is way too sweet today.,Valid,Canteen,Negative
2813,The website's placement stats are very encouraging.,Valid,Website,Positive
2814,The street lights near the workshop are flickering.,Valid,Security,Negative
2815,The microprocessors lab equipment is very old and dusty.,Valid,Academics,Negative
2816,The gym trainer is very strict about the gym schedule.,Valid,Sports,Neutral
2817,Maintenance fixed the broken window in the CAD lab.,Valid,Maintenance,Positive
2818,The shuttle bus was overcrowded at 5 PM today.,Valid,Transport,Negative
2819,The registrar office is closed for the public holiday.,Valid,Administration,Neutral
2820,error_log_9999_void,Invalid,Uncategorized,Negative
2821,The library database is very easy to search now.,Valid,Library,Positive
2822,The canteen seating area is way too small for lunch.,Valid,Canteen,Negative
2823,The online fee payment was successful on the first try.,Valid,Website,Positive
2824,I feel safe walking to the hostel late at night.,Valid,Security,Positive
2825,The semester exam schedule is quite tight for us.,Valid,Academics,Neutral
2826,The floor in the main lobby is very slippery today.,Valid,Maintenance,Negative
2827,The swimming pool is maintained every Monday morning.,Valid,Sports,Neutral
2828,The transport fee hike is very unfair for students.,Valid,Transport,Negative
2829,The staff at the admin desk was very rude to me.,Valid,Administration,Negative
2830,////////////////_3000,Invalid,Uncategorized,Neutral
2831,Library needs more copies of the Signal Processing book.,Valid,Library,Negative
2832,Canteen breakfast starts at 8:30 AM sharp daily.,Valid,Canteen,Neutral
2833,The mobile app portal is showing a 504 gateway error.,Valid,Website,Negative
2834,Security guards check ID cards at the gate properly.,Valid,Security,Positive
2835,The workshop instructors are very professional and kind.,Valid,Academics,Positive
2836,The tennis court net is torn and needs fixing.,Valid,Sports,Negative
2837,All workshop lights were replaced recently by staff.,Valid,Maintenance,Positive
2838,The bus driver is very polite to all students.,Valid,Transport,Positive
2839,The waiting time at the admin window is too long.,Valid,Administration,Negative
2840,row_marker_2840,Invalid,Uncategorized,Neutral
2841,The library has a great collection of tech magazines.,Valid,Library,Positive
2842,The canteen lunch was very greasy and oily today.,Valid,Canteen,Negative
2843,The placement news is updated daily on the portal.,Valid,Website,Positive
2844,Are there fire extinguishers in the computer center?,Valid,Security,Neutral
2845,The grading for the Python course was very harsh.,Valid,Academics,Negative
2846,The football field is open for evening practice.,Valid,Sports,Neutral
2847,Soap dispensers in the chemistry lab are empty.,Valid,Maintenance,Negative
2848,Bus seats are clean and very comfortable this term.,Valid,Transport,Positive
2849,The office of the dean is very professional.,Valid,Administration,Positive
2850,test_2850_end,Invalid,Uncategorized,Neutral
2851,The geotechnical lab tools are rusty and need oiling.,Valid,Academics,Negative
2852,Canteen thali is too expensive for the quality.,Valid,Canteen,Negative
2853,Placement portal is not loading on my phone.,Valid,Website,Negative
2854,The security guard found my lost ID card.,Valid,Security,Positive
2855,Library staff helped me find the thermodynamics book.,Valid,Library,Positive
2856,The fan in Room 303 is making a clicking sound.,Valid,Maintenance,Negative
2857,The basketball court is being painted this week.,Valid,Sports,Neutral
2858,Bus route 10 is always skipped in the morning.,Valid,Transport,Negative
2859,The registrar was very fast in signing my NOC.,Valid,Administration,Positive
2860,null_data_2860,Invalid,Uncategorized,Neutral
2861,Digital library access is down for maintenance.,Valid,Library,Negative
2862,The tea in the canteen is way too sugary.,Valid,Canteen,Negative
2863,College website looks very fresh after the update.,Valid,Website,Positive
2864,Gate security check is causing long traffic jams.,Valid,Security,Negative
2865,The AI lecture was the best one this semester.,Valid,Academics,Positive
2866,The restroom mirror in the annex is cracked.,Valid,Maintenance,Negative
2867,Gym needs more weight plates for heavy lifting.,Valid,Sports,Negative
2868,The bus driver drives very safely in the city.,Valid,Transport,Positive
2869,Administrative office is very slow with refunds.,Valid,Administration,Negative
2870,random_str_2870,Invalid,Uncategorized,Neutral
2871,Library books on 5G are finally available now.,Valid,Library,Positive
2872,The canteen serves very good cold coffee.,Valid,Canteen,Positive
2873,Syllabus page on the site is very confusing.,Valid,Website,Negative
2874,CCTV coverage in the parking lot is excellent.,Valid,Security,Positive
2875,The fluid mechanics lab is very well organized.,Valid,Academics,Positive
2876,There is a water leak in the server room.,Valid,Maintenance,Negative
2877,Sports room should stay open till 9 PM.,Valid,Sports,Neutral
2878,Bus timing should be synced with the trains.,Valid,Transport,Neutral
2879,Scholarship desk never opens on time today.,Valid,Administration,Negative
2880,marker_2880,Invalid,Uncategorized,Neutral
2881,Library lacks books on the latest ARM processors.,Valid,Library,Negative
2882,Canteen food is always fresh and hot.,Valid,Canteen,Positive
2883,Portal login is very slow during result time.,Valid,Website,Negative
2884,Guards are very rude at the main entrance.,Valid,Security,Negative
2885,Theory of Machines class is very interesting.,Valid,Academics,Positive
2886,The lift in the library is not working.,Valid,Maintenance,Negative
2887,Football ground is very green and well-kept.,Valid,Sports,Positive
2888,The bus pass renewal process is very easy.,Valid,Transport,Positive
2889,Dean of Academics is very helpful to students.,Valid,Administration,Positive
2890,final_3000_check,Invalid,Uncategorized,Neutral
2891,The library has too few chairs for students.,Valid,Library,Negative
2892,Canteen seating is always full at 1 PM.,Valid,Canteen,Negative
2893,The website has a very clear FAQ section.,Valid,Website,Positive
2894,I appreciate the night patrolling on campus.,Valid,Security,Positive
2895,The lab session on antennas was quite poor.,Valid,Academics,Negative
2896,Wall paint is peeling in the physics block.,Valid,Maintenance,Negative
2897,Swimming pool is cleaned every single day.,Valid,Sports,Positive
2898,College bus is very comfortable and clean.,Valid,Transport,Positive
2899,Fees are too high for the provided facilities.,Valid,Administration,Negative
2900,data_row_2900,Invalid,Uncategorized,Neutral
2901,Library is very well-lit for night study.,Valid,Library,Positive
2902,Canteen staff are very clean and hygienic.,Valid,Canteen,Positive
2903,The site portal is down for maintenance.,Valid,Website,Neutral
2904,Security cameras are not working in block B.,Valid,Security,Negative
2905,The automotive lab has a new engine model.,Valid,Academics,Positive
2906,The faucet is broken in the boys' hostel.,Valid,Maintenance,Negative
2907,Gym lacks a proper ventilation system now.,Valid,Sports,Negative
2908,Bus driver always greets us with a smile.,Valid,Transport,Positive
2909,The principal's office is very welcoming.,Valid,Administration,Positive
2910,null_2910,Invalid,Uncategorized,Neutral
2911,Reference section is closed for auditing today.,Valid,Library,Neutral
2912,Canteen thali should have more variety.,Valid,Canteen,Neutral
2913,Online fee receipt is not generating correctly.,Valid,Website,Negative
2914,Security guards helped with the medical emergency.,Valid,Security,Positive
2915,The chemistry professor is very approachable.,Valid,Academics,Positive
2916,The door to Room 202 is making a noise.,Valid,Maintenance,Negative
2917,The cricket tournament was managed poorly.,Valid,Sports,Negative
2918,Shuttle service is very unreliable at night.,Valid,Transport,Negative
2919,Admin staff helped me get my bus pass.,Valid,Administration,Positive
2920,test_2920,Invalid,Uncategorized,Neutral
2921,Library needs a dedicated room for silence.,Valid,Library,Neutral
2922,Canteen food quality is improving daily.,Valid,Canteen,Positive
2923,Portal works very well on mobile devices.,Valid,Website,Positive
2924,Gate security check is very fast today.,Valid,Security,Positive
2925,Engineering drawing lab is very spacious.,Valid,Academics,Positive
2926,The AC in the conference room is off.,Valid,Maintenance,Negative
2927,Sports ground lighting is great for night.,Valid,Sports,Positive
2928,Bus route 5 covers all major areas now.,Valid,Transport,Positive
2929,The registrar office is very organized.,Valid,Administration,Positive
2930,log_2930,Invalid,Uncategorized,Neutral
2931,Library has a new section for audiobooks.,Valid,Library,Positive
2932,Canteen food is too oily for my diet.,Valid,Canteen,Negative
2933,Website link to the library is broken.,Valid,Website,Negative
2934,I feel very safe during late labs.,Valid,Security,Positive
2935,Professor for OS is extremely fast.,Valid,Academics,Negative
2936,Restroom in block A has no water.,Valid,Maintenance,Negative
2937,Gym has very high-quality treadmills.,Valid,Sports,Positive
2938,Bus timing is fixed and very punctual.,Valid,Transport,Positive
2939,Transcript verification is finally done.,Valid,Administration,Positive
2940,marker_2940,Invalid,Uncategorized,Neutral
2941,Library is very quiet and peaceful now.,Valid,Library,Positive
2942,Canteen tea is lukewarm and bad today.,Valid,Canteen,Negative
2943,Website has the latest placement news.,Valid,Website,Positive
2944,Security guards are helpful with bags.,Valid,Security,Positive
2945,Lab assistant for VLSI is very good.,Valid,Academics,Positive
2946,The floor in Lab 1 is very dirty.,Valid,Maintenance,Negative
2947,Basketball practice is at 6 PM daily.,Valid,Sports,Neutral
2948,Bus driver drives very cautiously now.,Valid,Transport,Positive
2949,Admin office is fast with documents.,Valid,Administration,Positive
2950,data_2950,Invalid,Uncategorized,Neutral
2951,Digital library portal is very helpful.,Valid,Library,Positive
2952,Canteen food is very healthy today.,Valid,Canteen,Positive
2953,Result portal is slow but working.,Valid,Website,Neutral
2954,Gate security is very strict lately.,Valid,Security,Positive
2955,Materials lab has brand new tools.,Valid,Academics,Positive
2956,Ceiling is leaking in the library hall.,Valid,Maintenance,Negative
2957,Sports field is finally renovated.,Valid,Sports,Positive
2958,Bus fee payment is very smooth now.,Valid,Transport,Positive
2959,Scholarship info is clear on site.,Valid,Administration,Positive
2960,stop_2960,Invalid,Uncategorized,Neutral
2961,Library is the heart of the college.,Valid,Library,Positive
2962,Canteen breakfast is a great value.,Valid,Canteen,Positive
2963,Site is very modern and fast today.,Valid,Website,Positive
2964,Security staff is very well trained.,Valid,Security,Positive
2965,Lectures are very engaging and clear.,Valid,Academics,Positive
2966,Lights are out in the civil block.,Valid,Maintenance,Negative
2967,Gym is very clean and well-kept.,Valid,Sports,Positive
2968,Bus is always clean and on time.,Valid,Transport,Positive
2969,Dean is very active in solving issues.,Valid,Administration,Positive
2970,null_2970,Invalid,Uncategorized,Neutral
2971,Hard to find the right journal paper.,Valid,Library,Negative
2972,Canteen food is too expensive here.,Valid,Canteen,Negative
2973,Portal crashed during result check.,Valid,Website,Negative
2974,Security is very lazy at night here.,Valid,Security,Negative
2975,The lecture was very boring today.,Valid,Academics,Negative
2976,The tap is leaking in the main lab.,Valid,Maintenance,Negative
2977,Gym is missing basic dumbbells now.,Valid,Sports,Negative
2978,Bus timing is very late every day.,Valid,Transport,Negative
2979,Staff is very slow with certificates.,Valid,Administration,Negative
2980,check_2980,Invalid,Uncategorized,Neutral
2981,Library staff is very polite to us.,Valid,Library,Positive
2982,Canteen food is fresh and tasty.,Valid,Canteen,Positive
2983,Website is very easy to navigate.,Valid,Website,Positive
2984,Security is very alert on campus.,Valid,Security,Positive
2985,Professor explains the math well.,Valid,Academics,Positive
2986,Elevator is fast and working well.,Valid,Maintenance,Positive
2987,Gym equipment is all brand new.,Valid,Sports,Positive
2988,Bus driver is very punctual daily.,Valid,Transport,Positive
2989,Dean is very supportive of students.,Valid,Administration,Positive
2990,marker_2990,Invalid,Uncategorized,Neutral
2991,Books are not kept on proper shelves.,Valid,Library,Negative
2992,Canteen runs out of plates early.,Valid,Canteen,Negative
2993,Site is very heavy and slow to load.,Valid,Website,Negative
2994,Security is not present at the gate.,Valid,Security,Negative
2995,Exam questions were very confusing.,Valid,Academics,Negative
2996,Room 102 has a broken window pane.,Valid,Maintenance,Negative
2997,Sports court is always very dusty.,Valid,Sports,Negative
2998,Bus was 45 minutes late today.,Valid,Transport,Negative
2999,Staff is very rude to students here.,Valid,Administration,Negative
3000,final_data_row_3000,Invalid,Uncategorized,Neutral
3001,The library has great books but the lighting in the back corner is terrible.,Valid,Library,Negative
3002,I love the canteen food however the price has become unaffordable for many.,Valid,Canteen,Negative
3003,The portal is easy to use but it never sends the OTP on time.,Valid,Website,Negative
3004,Security is very polite but they don't seem to check car trunks at night.,Valid,Security,Neutral
3005,The professor is a genius but his handwriting on the board is unreadable.,Valid,Academics,Negative
3006,The water cooler is fixed but the water tastes strongly of chlorine.,Valid,Maintenance,Negative
3007,The football team is winning but the field is full of sharp stones.,Valid,Sports,Negative
3008,The bus is very clean but the driver refuses to stop at the north gate.,Valid,Transport,Negative
3009,Admin staff is efficient but they only answer questions for an hour a day.,Valid,Administration,Neutral
3010,system_re-calibration_seq_3010,Invalid,Uncategorized,Neutral
3011,The library’s silence policy is being ignored by the new batch.,Valid,Library,Negative
3012,Canteen thali is filling but it is far too spicy for daily consumption.,Valid,Canteen,Negative
3013,The website's scholarship page is completely empty for 2026.,Valid,Website,Negative
3014,Security guards helped me during the power outage in the hostel.,Valid,Security,Positive
3015,The geotechnical lab has brand new soil testing equipment.,Valid,Academics,Positive
3016,The treadmill belt is slipping and nearly caused an injury today.,Valid,Sports,Negative
3017,Maintenance did a great job fixing the roof leak in the admin block.,Valid,Maintenance,Positive
3018,The shuttle bus frequency is perfect during exam weeks.,Valid,Transport,Positive
3019,Getting an official transcript is now fully automated and fast.,Valid,Administration,Positive
3020,null_ptr_exception_handle_3020,Invalid,Uncategorized,Neutral
3021,The library needs more journals specifically for VLSI research.,Valid,Library,Negative
3022,The canteen coffee machine is broken every other morning.,Valid,Canteen,Negative
3023,The website dashboard is much cleaner after the latest patch.,Valid,Website,Positive
3024,We need more security cameras near the cycle parking area.,Valid,Security,Neutral
3025,The signal processing professor provides excellent hand-written notes.,Valid,Academics,Positive
3026,Restroom in the mechanical block has no running water today.,Valid,Maintenance,Negative
3027,The cricket tournament schedule was perfectly executed.,Valid,Sports,Positive
3028,Bus passes are way too expensive for students living nearby.,Valid,Transport,Negative
3029,The finance office was very dismissive of my scholarship query.,Valid,Administration,Negative
3030,@@@@@@@@@@_3030,Invalid,Uncategorized,Neutral
3031,The library’s book-search kiosk is very buggy and slow.,Valid,Library,Negative
3032,Canteen food is served cold if you arrive after 1:30 PM.,Valid,Canteen,Negative
3033,The 'Results' link is hidden in a very confusing sub-menu.,Valid,Website,Negative
3034,Security guards were very vigilant during the cultural fest.,Valid,Security,Positive
3035,The chemistry lab assistant is very helpful with the experiments.,Valid,Academics,Positive
3036,The basketball hoops are too high and not regulation size.,Valid,Sports,Negative
3037,Maintenance replaced all the dead bulbs in the hallway.,Valid,Maintenance,Positive
3038,The bus arrived late because of a mechanical failure.,Valid,Transport,Negative
3039,The Dean of Students is very approachable for grievances.,Valid,Administration,Positive
3040,123456789_3040,Invalid,Uncategorized,Neutral
3041,The library has a new section for competitive coding books.,Valid,Library,Positive
3042,The canteen staff is much more hygienic this semester.,Valid,Canteen,Positive
3043,Placement page now includes video tutorials for interviews.,Valid,Website,Positive
3044,Security should monitor the back gate after 9 PM.,Valid,Security,Neutral
3045,The mathematics professor makes complex ideas look easy.,Valid,Academics,Positive
3046,The sports room smells like sweat and needs air fresheners.,Valid,Sports,Negative
3047,The ceiling in Lab 2 is leaking water onto the computers.,Valid,Maintenance,Negative
3048,The shuttle bus is always on time for the morning shift.,Valid,Transport,Positive
3049,The registrar’s office helped me resolve my fee discrepancy.,Valid,Administration,Positive
3050,row_3050_garbage,Invalid,Uncategorized,Neutral
3051,Library quiet zones are the best place to study for GRE.,Valid,Library,Positive
3052,Canteen food variety has decreased significantly recently.,Valid,Canteen,Negative
3053,The registration portal keeps logging me out randomly.,Valid,Website,Negative
3054,Security staff is very polite when checking vehicles.,Valid,Security,Positive
3055,The engineering drawing hall needs more drafting chairs.,Valid,Academics,Negative
3056,The elevator in the research block is getting stuck.,Valid,Maintenance,Negative
3057,The gym now has brand new heavy lifting equipment.,Valid,Sports,Positive
3058,Bus stops should have benches for waiting students.,Valid,Transport,Neutral
3059,Administrative office is very slow with refund processing.,Valid,Administration,Negative
3060,error_code_404_3060,Invalid,Uncategorized,Negative
3061,Library needs more copies of the Control Systems book.,Valid,Library,Negative
3062,Canteen lunch is very consistent in quality this week.,Valid,Canteen,Positive
3063,Website portal is much faster on mobile devices now.,Valid,Website,Positive
3064,Suspicious person seen near the girl’s common room.,Valid,Security,Negative
3065,The labs are well-equipped for advanced research projects.,Valid,Academics,Positive
3066,The tennis court is unusable after even a small rain.,Valid,Sports,Negative
3067,Maintenance fixed the AC in the seminar hall quickly.,Valid,Maintenance,Positive
3068,The bus AC is blowing hot air instead of cooling.,Valid,Transport,Negative
3069,Office timings should be posted clearly on every door.,Valid,Administration,Neutral
3070,010101_010101_3070,Invalid,Uncategorized,Neutral
3071,The library search portal is very easy to navigate.,Valid,Library,Positive
3072,Canteen food is too oily and unhealthy for students.,Valid,Canteen,Negative
3073,The portal UI is much better after the recent update.,Valid,Website,Positive
3074,Gate biometric system is failing to read student IDs.,Valid,Security,Negative
3075,The microprocessors syllabus is very relevant to industry.,Valid,Academics,Positive
3076,The taps are leaking in the sports block washroom.,Valid,Maintenance,Negative
3077,The swimming pool is very well maintained this season.,Valid,Sports,Positive
3078,Glad the bus route now includes the main city square.,Valid,Transport,Positive
3079,Migration certificate process is very slow and manual.,Valid,Administration,Negative
3080,#########_3080,Invalid,Uncategorized,Neutral
3081,Finding a quiet place to sit in the library is hard.,Valid,Library,Negative
3082,Canteen tea is very refreshing and made fresh daily.,Valid,Canteen,Positive
3083,The website font size is too small for laptop screens.,Valid,Website,Negative
3084,Security guards are professional and very disciplined.,Valid,Security,Positive
3085,The seminar on cloud security was very insightful.,Valid,Academics,Positive
3086,All the basketballs are flat in the gym store room.,Valid,Sports,Negative
3087,The fans in the central lobby are finally repaired.,Valid,Maintenance,Positive
3088,The bus driver drives very aggressively on the highway.,Valid,Transport,Negative
3089,The registrar’s staff helped me with my name change.,Valid,Administration,Positive
3090,system_heartbeat_3090,Invalid,Uncategorized,Neutral
3091,I like the new research journals in the library basement.,Valid,Library,Positive
3092,Canteen water dispensers are always empty by noon.,Valid,Canteen,Negative
3093,The result page is currently showing a server error.,Valid,Website,Negative
3094,Need more security cameras near the faculty parking.,Valid,Security,Neutral
3095,The professor for signals is never on time for class.,Valid,Academics,Negative
3096,The gym has all the necessary weights for bodybuilding.,Valid,Sports,Positive
3097,Strange smell coming from the chemistry waste area.,Valid,Maintenance,Negative
3098,The bus is very punctual for the early morning shift.,Valid,Transport,Positive
3099,Degree verification is a very smooth process online.,Valid,Administration,Positive
3100,dummy_row_3100,Invalid,Uncategorized,Neutral
3101,The library’s book-search kiosk is very buggy and slow.,Valid,Library,Negative
3102,Canteen food is served cold if you arrive after 1:30 PM.,Valid,Canteen,Negative
3103,The 'Results' link is hidden in a very confusing sub-menu.,Valid,Website,Negative
3104,Security guards were very vigilant during the cultural fest.,Valid,Security,Positive
3105,The chemistry lab assistant is very helpful with the experiments.,Valid,Academics,Positive
3106,The basketball hoops are too high and not regulation size.,Valid,Sports,Negative
3107,Maintenance replaced all the dead bulbs in the hallway.,Valid,Maintenance,Positive
3108,The bus arrived late because of a mechanical failure.,Valid,Transport,Negative
3109,The Dean of Students is very approachable for grievances.,Valid,Administration,Positive
3110,error_code_x88_3110,Invalid,Uncategorized,Neutral
3111,The library now stocks international journals on Robotics.,Valid,Library,Positive
3112,Canteen staff should use gloves while serving snacks.,Valid,Canteen,Neutral
3113,The website portal is not mobile-responsive yet.,Valid,Website,Negative
3114,I noticed a broken lock on the back-gate security door.,Valid,Security,Negative
3115,The workshop instructors are very professional and kind.,Valid,Academics,Positive
3116,The tennis court net is torn and needs fixing.,Valid,Sports,Negative
3117,All workshop lights were replaced recently by staff.,Valid,Maintenance,Positive
3118,The bus driver is very polite to all students.,Valid,Transport,Positive
3119,The waiting time at the admin window is too long.,Valid,Administration,Negative
3120,test_row_3120_void,Invalid,Uncategorized,Neutral
3121,The library quiet zones are the best place to study.,Valid,Library,Positive
3122,Canteen food variety has decreased significantly recently.,Valid,Canteen,Negative
3123,The registration portal keeps logging me out randomly.,Valid,Website,Negative
3124,Security staff is very polite when checking vehicles.,Valid,Security,Positive
3125,The engineering drawing hall needs more drafting chairs.,Valid,Academics,Negative
3126,The elevator in the research block is getting stuck.,Valid,Maintenance,Negative
3127,The gym now has brand new heavy lifting equipment.,Valid,Sports,Positive
3128,Bus stops should have benches for waiting students.,Valid,Transport,Neutral
3129,Administrative office is very slow with refund processing.,Valid,Administration,Negative
3130,############_3130,Invalid,Uncategorized,Neutral
3131,Library needs more copies of the Control Systems book.,Valid,Library,Negative
3132,Canteen lunch is very consistent in quality this week.,Valid,Canteen,Positive
3133,Website portal is much faster on mobile devices now.,Valid,Website,Positive
3134,Suspicious person seen near the girl’s common room.,Valid,Security,Negative
3135,The labs are well-equipped for advanced research projects.,Valid,Academics,Positive
3136,The tennis court is unusable after even a small rain.,Valid,Sports,Negative
3137,Maintenance fixed the AC in the seminar hall quickly.,Valid,Maintenance,Positive
3138,The bus AC is blowing hot air instead of cooling.,Valid,Transport,Negative
3139,Office timings should be posted clearly on every door.,Valid,Administration,Neutral
3140,000111000_3140,Invalid,Uncategorized,Neutral
3141,The library search portal is very easy to navigate.,Valid,Library,Positive
3142,Canteen food is too oily and unhealthy for students.,Valid,Canteen,Negative
3143,The portal UI is much better after the recent update.,Valid,Website,Positive
3144,Gate biometric system is failing to read student IDs.,Valid,Security,Negative
3145,The microprocessors syllabus is very relevant to industry.,Valid,Academics,Positive
3146,The taps are leaking in the sports block washroom.,Valid,Maintenance,Negative
3147,The swimming pool is very well maintained this season.,Valid,Sports,Positive
3148,Glad the bus route now includes the main city square.,Valid,Transport,Positive
3149,Migration certificate process is very slow and manual.,Valid,Administration,Negative
3150,null_data_chunk_3150,Invalid,Uncategorized,Neutral
3151,Finding a quiet place to sit in the library is hard.,Valid,Library,Negative
3152,Canteen tea is very refreshing and made fresh daily.,Valid,Canteen,Positive
3153,The website font size is too small for laptop screens.,Valid,Website,Negative
3154,Security guards are professional and very disciplined.,Valid,Security,Positive
3155,The seminar on cloud security was very insightful.,Valid,Academics,Positive
3156,All the basketballs are flat in the gym store room.,Valid,Sports,Negative
3157,The fans in the central lobby are finally repaired.,Valid,Maintenance,Positive
3158,The bus driver drives very aggressively on the highway.,Valid,Transport,Negative
3159,The registrar’s staff helped me with my name change.,Valid,Administration,Positive
3160,system_heartbeat_3160,Invalid,Uncategorized,Neutral
3161,I like the new research journals in the library basement.,Valid,Library,Positive
3162,Canteen water dispensers are always empty by noon.,Valid,Canteen,Negative
3163,The result page is currently showing a server error.,Valid,Website,Negative
3164,Need more security cameras near the faculty parking.,Valid,Security,Neutral
3165,The professor for signals is never on time for class.,Valid,Academics,Negative
3166,The gym has all the necessary weights for bodybuilding.,Valid,Sports,Positive
3167,Strange smell coming from the chemistry waste area.,Valid,Maintenance,Negative
3168,The bus is very punctual for the early morning shift.,Valid,Transport,Positive
3169,Degree verification is a very smooth process online.,Valid,Administration,Positive
3170,error_code_505_3170,Invalid,Uncategorized,Negative
3171,Library needs more copies of the ML textbook.,Valid,Library,Negative
3172,Canteen staff is very hygienic and well-trained.,Valid,Canteen,Positive
3173,The new website UI is much better than the old one.,Valid,Website,Positive
3174,I saw a stranger wandering near the girls' hostel.,Valid,Security,Negative
3175,The chemistry lab is equipped with modern tools.,Valid,Academics,Positive
3176,The sports field is very muddy and needs drainage.,Valid,Sports,Negative
3177,Maintenance fixed the flickering lights in Room 302.,Valid,Maintenance,Positive
3178,The college bus AC is not cooling effectively.,Valid,Transport,Negative
3179,Office hours for certificates should be extended.,Valid,Administration,Neutral
3180,00000_11111_3180,Invalid,Uncategorized,Neutral
3181,The library’s book search app is very intuitive.,Valid,Library,Positive
3182,Canteen food is very spicy for international students.,Valid,Canteen,Negative
3183,The online portal is much faster after the upgrade.,Valid,Website,Positive
3184,The gate biometric system is not reading cards.,Valid,Security,Negative
3185,The microprocessors syllabus is very well structured.,Valid,Academics,Positive
3186,The washroom taps are leaking in the civil block.,Valid,Maintenance,Negative
3187,The swimming pool is very well maintained lately.,Valid,Sports,Positive
3188,The bus route now includes the new metro station.,Valid,Transport,Positive
3189,Getting a migration certificate is a slow process.,Valid,Administration,Negative
3190,#########_3190,Invalid,Uncategorized,Neutral
3191,Finding a quiet seat in the library is a struggle.,Valid,Library,Negative
3192,Canteen snacks are very affordable and fresh.,Valid,Canteen,Positive
3193,The website's font size is too small for reading.,Valid,Website,Negative
3194,Security guards are very professional and helpful.,Valid,Security,Positive
3195,The guest lecture on IoT was very informative.,Valid,Academics,Positive
3196,The basketballs are all flat in the equipment room.,Valid,Sports,Negative
3197,The ceiling fans in the hall are finally fixed.,Valid,Maintenance,Positive
3198,The bus driver drives way too fast on the highway.,Valid,Transport,Negative
3199,The registrar's staff helped me with my exam form.,Valid,Administration,Positive
3200,system_ping_3200,Invalid,Uncategorized,Neutral
3201,The library's new digital archive for research papers is incredible.,Valid,Library,Positive
3202,Canteen food is too oily and gives me a stomach ache.,Valid,Canteen,Negative
3203,The website portal doesn't show the internal marks correctly.,Valid,Website,Negative
3204,Security guards are not checking the vehicle stickers at night.,Valid,Security,Negative
3205,The professor for Machine Design uses very outdated examples.,Valid,Academics,Negative
3206,The ceiling in the high-voltage lab is leaking onto the panels.,Valid,Maintenance,Negative
3207,The football ground is very muddy and needs better drainage.,Valid,Sports,Negative
3208,College bus route 9 is always overcrowded during evening hours.,Valid,Transport,Negative
3209,Administrative office is taking months to return my deposit.,Valid,Administration,Negative
3210,system_reboot_cycle_3210,Invalid,Uncategorized,Neutral
3211,I appreciate the extended library hours during exam weeks.,Valid,Library,Positive
3212,Canteen should offer more protein-rich options like eggs.,Valid,Canteen,Neutral
3213,The career guidance section on the site is quite helpful.,Valid,Website,Positive
3214,Security responded within minutes when a student fainted.,Valid,Security,Positive
3215,The workshop assistants are very knowledgeable about CNC.,Valid,Academics,Positive
3216,The gym floor is very slippery and needs a proper mat.,Valid,Sports,Negative
3217,Maintenance fixed the broken desks in the auditorium.,Valid,Maintenance,Positive
3218,The shuttle bus driver is very polite and always on time.,Valid,Transport,Positive
3219,Requesting a migration certificate is a very tedious process.,Valid,Administration,Negative
3220,void_function_call_3220,Invalid,Uncategorized,Neutral
3221,The library lacks enough copies of the new AI textbook.,Valid,Library,Negative
3222,Canteen meals are very affordable and the staff is kind.,Valid,Canteen,Positive
3223,The website UI is a bit cluttered and hard to navigate.,Valid,Website,Negative
3224,We need more lighting near the girls' hostel back gate.,Valid,Security,Neutral
3225,The microprocessors lab session was very well-organized.,Valid,Academics,Positive
3226,The restroom in the civil block has no water today.,Valid,Maintenance,Negative
3227,The swimming pool is very well maintained this season.,Valid,Sports,Positive
3228,Transport fees for short distances are way too high.,Valid,Transport,Negative
3229,The staff at the scholarship desk was very dismissive.,Valid,Administration,Negative
3230,testing_123_testing_3230,Invalid,Uncategorized,Neutral
3231,The library search engine is finally working correctly.,Valid,Library,Positive
3232,Canteen sandwiches are overpriced for the small portion.,Valid,Canteen,Negative
3233,The 'Forgot Password' link on the portal is broken.,Valid,Website,Negative
3234,Security guards were very helpful during the annual fest.,Valid,Security,Positive
3235,The electronics lab manual has many typographical errors.,Valid,Academics,Negative
3236,The basketball court needs new nets and better backboards.,Valid,Sports,Negative
3237,Maintenance repaired the leaking pipe in the lab.,Valid,Maintenance,Positive
3238,The bus driver was talking on the phone while driving today.,Valid,Transport,Negative
3239,The Dean's office responded to my email very quickly.,Valid,Administration,Positive
3240,404_error_page_3240,Invalid,Uncategorized,Neutral
3241,The library’s silence policy is not being enforced at all.,Valid,Library,Negative
3242,Canteen tea is always served cold in the winter mornings.,Valid,Canteen,Negative
3243,The placement records on the site are not updated for 2025.,Valid,Website,Negative
3244,I feel safe on campus due to the frequent security patrols.,Valid,Security,Positive
3245,The math professor explains double integrals very clearly.,Valid,Academics,Positive
3246,Sports equipment is always missing from the storage room.,Valid,Sports,Negative
3247,The soap dispensers in the main block are always empty.,Valid,Maintenance,Negative
3248,The shuttle bus is always clean and well-maintained.,Valid,Transport,Positive
3249,The finance office handles fee issues very efficiently.,Valid,Administration,Positive
3250,garbage_data_row_3250,Invalid,Uncategorized,Neutral
3251,The digital library portal is much faster after the update.,Valid,Library,Positive
3252,Canteen food quality is very inconsistent from day to day.,Valid,Canteen,Negative
3253,The result portal crashed during the peak hours today.,Valid,Website,Negative
3254,Security staff is very vigilant at the main campus gate.,Valid,Security,Positive
3255,The engineering drawing hall needs more natural lighting.,Valid,Academics,Negative
3256,The elevator in the research block is making a loud noise.,Valid,Maintenance,Negative
3257,The gym now has brand new professional weight plates.,Valid,Sports,Positive
3258,Bus stops are located at very convenient campus locations.,Valid,Transport,Neutral
3259,Admin office takes too long to verify the marksheets.,Valid,Administration,Negative
3260,error_dump_3260_v2,Invalid,Uncategorized,Negative
3261,The library needs more journals on machine learning.,Valid,Library,Negative
3262,Canteen staff always wears gloves and hairnets now.,Valid,Canteen,Positive
3263,The student dashboard is very fast after the migration.,Valid,Website,Positive
3264,Suspicious activity noted near the server room last night.,Valid,Security,Negative
3265,The chemistry lab is finally stocked with all chemicals.,Valid,Academics,Positive
3266,The tennis court is always flooded after a light rain.,Valid,Sports,Negative
3267,Maintenance replaced all the broken chairs in Hall 2.,Valid,Maintenance,Positive
3268,The bus AC is leaking water on the passengers.,Valid,Transport,Negative
3269,Office hours for the principal should be posted clearly.,Valid,Administration,Neutral
3270,99999_88888_3270,Invalid,Uncategorized,Neutral
3271,The library search system supports complex operators now.,Valid,Library,Positive
3272,Canteen meals are too spicy for international students.,Valid,Canteen,Negative
3273,The portal UI is much more intuitive for new students.,Valid,Website,Positive
3274,The gate biometric scanner is failing in cold weather.,Valid,Security,Negative
3275,The VLSI course structure is very industry-oriented.,Valid,Academics,Positive
3276,The taps in the sports block washroom are broken.,Valid,Maintenance,Negative
3277,The swimming pool is very well chlorinated this week.,Valid,Sports,Positive
3278,The bus route covers all the major student housing areas.,Valid,Transport,Positive
3279,Applying for an internship NOC is a tedious process.,Valid,Administration,Negative
3280,####_####_3280,Invalid,Uncategorized,Neutral
3281,Finding a quiet spot in the library is nearly impossible.,Valid,Library,Negative
3282,The canteen snacks are prepared fresh every afternoon.,Valid,Canteen,Positive
3283,The website font is very hard to read on tablets.,Valid,Website,Negative
3284,Security guards helped me move my bike during the storm.,Valid,Security,Positive
3285,The seminar on cybersecurity was extremely practical.,Valid,Academics,Positive
3286,The volleyball is missing its pump in the sports room.,Valid,Sports,Negative
3287,The fans in the central workshop are very efficient.,Valid,Maintenance,Positive
3288,The bus driver drives very aggressively on curves.,Valid,Transport,Negative
3289,The registrar staff helped me correct my name on the ID.,Valid,Administration,Positive
3290,system_reboot_3290,Invalid,Uncategorized,Neutral
3291,I like the new science magazine archive in the library.,Valid,Library,Positive
3292,The canteen water dispensers are usually empty by 4 PM.,Valid,Canteen,Negative
3293,The exam schedule page is down for maintenance.,Valid,Website,Neutral
3294,We need more lighting near the girls' hostel path.,Valid,Security,Neutral
3295,The lecturer for control systems is often late.,Valid,Academics,Negative
3296,The gym has sufficient high-quality weight plates.,Valid,Sports,Positive
3297,There is a strange smell coming from the septic tank.,Valid,Maintenance,Negative
3298,The college bus is very punctual for the 8 AM shift.,Valid,Transport,Positive
3299,Transcript delivery via post is a very reliable service.,Valid,Administration,Positive
3300,row_3300_marker,Invalid,Uncategorized,Neutral
3301,The library's reference section has very old editions.,Valid,Library,Negative
3302,Canteen dosa is too oily and needs more seasoning.,Valid,Canteen,Negative
3303,The portal's login page is very slow on weekend nights.,Valid,Website,Negative
3304,Security guards are helpful but we need more of them.,Valid,Security,Neutral
3305,The signals professor makes the math very easy to learn.,Valid,Academics,Positive
3306,Restroom doors in the lab block do not lock properly.,Valid,Maintenance,Negative
3307,The sports room should have more badminton rackets.,Valid,Sports,Negative
3308,The college bus is always clean and very comfortable.,Valid,Transport,Positive
3309,Scholarship office is always crowded with no queue system.,Valid,Administration,Negative
3310,test_case_v9_3310,Invalid,Uncategorized,Neutral
3311,I love the quiet atmosphere of the library's top floor.,Valid,Library,Positive
3312,Canteen staff needs to be more polite to the students.,Valid,Canteen,Negative
3313,The website news section is updated with every event.,Valid,Website,Positive
3314,Security checked my bag very rudely this morning.,Valid,Security,Negative
3315,The workshop machines are very old and need replacement.,Valid,Academics,Negative
3316,The cricket field is uneven and causes frequent injuries.,Valid,Sports,Negative
3317,Maintenance fixed the AC in the seminar hall today.,Valid,Maintenance,Positive
3318,The shuttle bus was 40 minutes late this morning.,Valid,Transport,Negative
3319,The registrar was very fast with my exam form today.,Valid,Administration,Positive
3320,null_data_seq_3320,Invalid,Uncategorized,Neutral
3321,The library portal is down more often than it is up.,Valid,Library,Negative
3322,The canteen's thali is the best value for money here.,Valid,Canteen,Positive
3323,The website's font size is way too small to read.,Valid,Website,Negative
3324,Security should monitor the parking lot more closely.,Valid,Security,Neutral
3325,The humanities professor is very engaging and kind.,Valid,Academics,Positive
3326,The sink in the physics lab is leaking all over.,Valid,Maintenance,Negative
3327,The swimming pool is finally open for students.,Valid,Sports,Positive
3328,The bus driver is very professional and safe.,Valid,Transport,Positive
3329,Applying for a transcript takes forever in this office.,Valid,Administration,Negative
3330,check_sum_3330_error,Invalid,Uncategorized,Negative
3331,The library needs more chairs for the peak hours.,Valid,Library,Negative
3332,Canteen food is served cold if you go after 2 PM.,Valid,Canteen,Negative
3333,The mobile version of the site is very glitchy.,Valid,Website,Negative
3334,Security guards found my lost laptop and returned it.,Valid,Security,Positive
3335,The technical seminar was very well presented today.,Valid,Academics,Positive
3336,The volleyball net is torn and needs immediate repair.,Valid,Sports,Negative
3337,All fans in the workshop were repaired last week.,Valid,Maintenance,Positive
3338,The bus arrived late because of a flat tire today.,Valid,Transport,Negative
3339,The Dean of Students is very approachable for help.,Valid,Administration,Positive
3340,marker_3340_void,Invalid,Uncategorized,Neutral
3341,Library ebooks are easy to access from my hostel.,Valid,Library,Positive
3342,Canteen tea is very refreshing after a long day.,Valid,Canteen,Positive
3343,The placement statistics are displayed clearly now.,Valid,Website,Positive
3344,We need more security cameras near the entrance.,Valid,Security,Neutral
3345,The mathematics professor is very enthusiastic.,Valid,Academics,Positive
3346,Sports room lacks proper table tennis equipment.,Valid,Sports,Negative
3347,The ceiling is leaking in Room 305 after the rain.,Valid,Maintenance,Negative
3348,Bus driver is careful and always follows rules.,Valid,Transport,Positive
3349,Admin office is very clean and well-organized.,Valid,Administration,Positive
3350,data_row_3350,Invalid,Uncategorized,Neutral
3351,Digital library portal is very efficient for us.,Valid,Library,Positive
3352,Canteen food is served cold every single day.,Valid,Canteen,Negative
3353,The syllabus is updated on the portal for all.,Valid,Website,Positive
3354,Gate security check is very thorough and safe.,Valid,Security,Positive
3355,The lab equipment is easy to use for beginners.,Valid,Academics,Positive
3356,The restroom lacks basic toilet paper usually.,Valid,Maintenance,Negative
3357,Gym has a very good sound system for students.,Valid,Sports,Positive
3358,Bus route covers the highway and metro stations.,Valid,Transport,Positive
3359,Staff helped with the backlog forms very quickly.,Valid,Administration,Positive
3360,stop_data_3360,Invalid,Uncategorized,Neutral
3361,Library is the best part of the whole campus.,Valid,Library,Positive
3362,Canteen tea is very refreshing in the winter.,Valid,Canteen,Positive
3363,Site is very easy for new students to use.,Valid,Website,Positive
3364,Security staff is very disciplined and polite.,Valid,Security,Positive
3365,Lab session was very informative and helpful.,Valid,Academics,Positive
3366,The light in the hallway has been off for days.,Valid,Maintenance,Negative
3367,Sports ground is open for weekend practice now.,Valid,Sports,Positive
3368,The bus is always clean and smells fresh.,Valid,Transport,Positive
3369,Dean is very active in solving student issues.,Valid,Administration,Positive
3370,null_ptr_3370,Invalid,Uncategorized,Neutral
3371,Finding a specific book takes way too long.,Valid,Library,Negative
3372,Canteen meals are not balanced or healthy.,Valid,Canteen,Negative
3373,The portal crashed during my fee payment.,Valid,Website,Negative
3374,Security is not very helpful at night here.,Valid,Security,Negative
3375,The class was too theoretical and boring today.,Valid,Academics,Negative
3376,The tap in the lab is leaking constantly.,Valid,Maintenance,Negative
3377,Gym is missing a rowing machine for cardio.,Valid,Sports,Negative
3378,Bus timing is very inconsistent and annoying.,Valid,Transport,Negative
3379,Office is slow to issue the official letters.,Valid,Administration,Negative
3380,check_sum_3380,Invalid,Uncategorized,Neutral
3381,Library staff is very friendly and helpful.,Valid,Library,Positive
3382,Canteen food is cheap for all the students.,Valid,Canteen,Positive
3383,Website is modern and very stylish looking.,Valid,Website,Positive
3384,Security is very strict at the main gate.,Valid,Security,Positive
3385,Professor uses very good powerpoint slides.,Valid,Academics,Positive
3386,Elevator is fast and very smooth to use.,Valid,Maintenance,Positive
3387,Gym has very new and modern equipment.,Valid,Sports,Positive
3388,Bus driver is very punctual and reliable.,Valid,Transport,Positive
3389,Dean is very supportive of student projects.,Valid,Administration,Positive
3390,marker_3390,Invalid,Uncategorized,Neutral
3391,Books are not kept in any proper order.,Valid,Library,Negative
3392,Canteen runs out of plates during lunch.,Valid,Canteen,Negative
3393,Site is very heavy and takes time to load.,Valid,Website,Negative
3394,Security is very lazy at the back gate.,Valid,Security,Negative
3395,Exam questions were very hard to understand.,Valid,Academics,Negative
3396,Room 101 has a broken fan and no light.,Valid,Maintenance,Negative
3397,Sports court is always very dirty today.,Valid,Sports,Negative
3398,Bus arrived 1 hour late due to rain.,Valid,Transport,Negative
3399,Staff is very rude to parents at office.,Valid,Administration,Negative
3400,final_data_3400,Invalid,Uncategorized,Neutral
3401,Accessing IEEE papers via library is easy.,Valid,Library,Positive
3402,Canteen floors are wet and very dangerous.,Valid,Canteen,Negative
3403,The website theme is quite boring and old.,Valid,Website,Neutral
3404,Security returned my lost wallet today.,Valid,Security,Positive
3405,The electrical lecture was standard today.,Valid,Academics,Neutral
3406,Hand dryers in the restroom are broken.,Valid,Maintenance,Negative
3407,Basketball hoops are set at wrong heights.,Valid,Sports,Negative
3408,Shuttle frequency is much better now.,Valid,Transport,Positive
3409,Admin forms are too hard to fill out.,Valid,Administration,Negative
3410,hi_1410_ping_3410,Invalid,Uncategorized,Neutral
3411,Library fiction section needs some updates.,Valid,Library,Negative
3412,Food variety at the canteen is basic.,Valid,Canteen,Neutral
3413,College newsletter link is working now.,Valid,Website,Positive
3414,Broken lock on the back security door.,Valid,Security,Negative
3415,Programming professor explains logic well.,Valid,Academics,Positive
3416,Gym locker room smells very damp now.,Valid,Sports,Negative
3417,Maintenance staff are very hardworking.,Valid,Maintenance,Positive
3418,Bus driver was very rude to me today.,Valid,Transport,Negative
3419,Transcript requests take five days now.,Valid,Administration,Neutral
3420,batch_seq_3420,Invalid,Uncategorized,Neutral
3421,I love the new reading area downstairs.,Valid,Library,Positive
3422,Canteen coffee is always too bitter.,Valid,Canteen,Negative
3423,Website search bar is very hard to find.,Valid,Website,Negative
3424,Security patrols are frequent at night.,Valid,Security,Positive
3425,Humanities readings are way too long.,Valid,Academics,Neutral
3426,Ceiling tile is missing in the workshop.,Valid,Maintenance,Negative
3427,Tennis court surface is smooth and new.,Valid,Sports,Positive
3428,College bus was 40 minutes late today.,Valid,Transport,Negative
3429,Registrar staff was very professional.,Valid,Administration,Positive
3430,sym_link_3430,Invalid,Uncategorized,Neutral
3431,Library staff found a rare book for me.,Valid,Library,Positive
3432,Canteen runs out of spoons by 1 PM.,Valid,Canteen,Negative
3433,Campus map on the site is very old.,Valid,Website,Negative
3434,Security gate is always well-guarded.,Valid,Security,Positive
3435,Math midterm results were released late.,Valid,Academics,Negative
3436,Football practice is at 5 PM daily.,Valid,Sports,Neutral
3437,Hallway lights are all working now.,Valid,Maintenance,Positive
3438,Shuttle route is very convenient now.,Valid,Transport,Positive
3439,Admin office queue is long on Monday.,Valid,Administration,Negative
3440,test_case_3440,Invalid,Uncategorized,Neutral
3441,I enjoy the silence of the library.,Valid,Library,Positive
3442,Canteen water tastes like plastic now.,Valid,Canteen,Negative
3443,Portal layout is standard and clean.,Valid,Website,Neutral
3444,Security guard helped me with my car.,Valid,Security,Positive
3445,History professor is very engaging.,Valid,Academics,Positive
3446,Sports locker keys are always missing.,Valid,Sports,Negative
3447,Lab equipment is kept very clean now.,Valid,Maintenance,Positive
3448,Bus driver was on the phone today.,Valid,Transport,Negative
3449,Certificates were issued fast today.,Valid,Administration,Positive
3450,marker_row_3450,Invalid,Uncategorized,Neutral
3451,Library has all the core textbooks.,Valid,Library,Positive
3452,Canteen chairs are very uncomfortable.,Valid,Canteen,Negative
3453,Login button on the portal is broken.,Valid,Website,Negative
3454,Security was alert during the fest.,Valid,Security,Positive
3455,Physics lab session was very average.,Valid,Academics,Neutral
3456,There is a leak in the workshop sink.,Valid,Maintenance,Negative
3457,Badminton net is currently unusable.,Valid,Sports,Negative
3458,College bus is on time every morning.,Valid,Transport,Positive
3459,Scholarship info was clearly given.,Valid,Administration,Positive
3460,star_packet_3460,Invalid,Uncategorized,Neutral
3461,I found the exact paper I needed.,Valid,Library,Positive
3462,Canteen tea is lukewarm and bad.,Valid,Canteen,Negative
3463,Result page took too long to load.,Valid,Website,Negative
3464,I feel safe in the parking lot.,Valid,Security,Positive
3465,Logic design course is easy to follow.,Valid,Academics,Positive
3466,Sports ground is muddy and bad today.,Valid,Sports,Negative
3467,Elevator was fixed in two hours today.,Valid,Maintenance,Positive
3468,Bus pass price is too high for us.,Valid,Transport,Negative
3469,Finance desk staff was very helpful.,Valid,Administration,Positive
3470,data_node_3470,Invalid,Uncategorized,Neutral
3471,Library catalog is finally intuitive.,Valid,Library,Positive
3472,Canteen meals are standard today.,Valid,Canteen,Neutral
3473,Website news is not up to date.,Valid,Website,Negative
3474,Security was professional today.,Valid,Security,Positive
3475,Calculus lecture was very boring.,Valid,Academics,Negative
3476,Football is flat in the store room.,Valid,Sports,Negative
3477,Classroom fans are making noise.,Valid,Maintenance,Negative
3478,Shuttle service is very reliable.,Valid,Transport,Positive
3479,Registrar office is closed today.,Valid,Administration,Negative
3480,slash_link_3480,Invalid,Uncategorized,Neutral
3481,I love the library's ebook section.,Valid,Library,Positive
3482,Canteen staff are very slow today.,Valid,Canteen,Negative
3483,Password reset link is not working.,Valid,Website,Negative
3484,Security cameras are clearly active.,Valid,Security,Positive
3485,Course materials are very detailed.,Valid,Academics,Positive
3486,Gym lacks a set of heavy weights.,Valid,Sports,Negative
3487,Classroom windows were all cleaned.,Valid,Maintenance,Positive
3488,Bus was too full to board today.,Valid,Transport,Negative
3489,The Dean gave us a warm welcome.,Valid,Administration,Positive
3490,reset_log_3490,Invalid,Uncategorized,Neutral
3491,Library is the best place to study.,Valid,Library,Positive
3492,Canteen hygiene is at a good level.,Valid,Canteen,Neutral
3493,Contact form on the site is broken.,Valid,Website,Negative
3494,Security checked the car today.,Valid,Security,Positive
3495,Math midterm was very difficult.,Valid,Academics,Negative
3496,Cricket field is well maintained.,Valid,Sports,Positive
3497,Faucet in the lab is dripping now.,Valid,Maintenance,Negative
3498,Bus driver follows the safe route.,Valid,Transport,Positive
3499,Admissions office is open till 4.,Valid,Administration,Neutral
3500,final_data_row_3500,Invalid,Uncategorized,Neutral









